0.8	274	54	1	-2.63735699945755e-11	0	-3.22223310568486e-09	-3.02231025610853e-07
0.8	137	54	1	-4.30702806752947e-10	0	-1.50549422563954e-08	-1.06322633787415e-06
0.8	274	54	1	-2.63740140837854e-11	0	-3.22223315447229e-09	-3.02231030481697e-07
0.8	137	54	1	-4.30702806752947e-10	0	-1.50549422813452e-08	-1.0632263385129e-06
0.8	137	54	1	-4.30703694931367e-10	0	-1.50549422395817e-08	-1.06322633135628e-06
0.8	137	54	1	-4.30703694931367e-10	0	-1.50549422708065e-08	-1.06322633135644e-06
0.9	137	54	1	-5.8217608511768e-10	0	5.6162400612517e-09	-1.10704749547537e-07
0.9	137	54	1	-5.8217608511768e-10	0	5.61624006523613e-09	-1.10704749547525e-07
0.8	137	54	1	-4.30703694931367e-10	0	-1.50549422708065e-08	-1.06322633135644e-06
0.8	274	54	1	-2.63737920391804e-11	0	-3.22223314276295e-09	-3.02231030225475e-07
0.8	274	54	1	-2.6354252113947e-11	0	-3.22234492138288e-09	-3.02231032491588e-07
0.8	274	100	1	-2.53912446623872e-11	0	-1.04105870808698e-09	-2.31845835844016e-07
0.8	274	25	1	-1.07862607734432e-11	0	-2.95475705473953e-08	-3.88439198787848e-07
0.8	500	25	1	1.65146785136017e-11	0	-2.18137092143877e-08	-1.39981563518755e-07
0.8	1000	25	1	1.90455429205372e-11	0	-1.8352516588941e-08	-5.05592664030436e-08
0.8	500	50	1	-1.79678494305335e-12	0	-1.98571419815357e-09	-1.06211360028902e-07
0.8	600	25	1	1.79178893944254e-11	0	-2.05744819218933e-08	-1.05171830215433e-07
0.8	600	50	1	-5.20694598549198e-13	0	-1.74802436130944e-09	-7.67185952043337e-08
0.8	500	25	1	1.65151226028115e-11	0	-2.18137088373033e-08	-1.39981564143305e-07
0.9	500	25	1	1.46435086278984e-11	0	-5.1608065016973e-09	-1.56024534822996e-08
0.9	500	25	1	1.46489487207191e-11	0	-5.16085383989587e-09	-1.56024532940412e-08
0.8	500	25	1	1.71023195605358e-11	0	-5.83422856291931e-08	-2.9749107573277e-07
0.841	500	25	1	1.70534697474523e-11	0	-4.84058839529626e-07	0.000167861257812292
0.841	500	25	1	1.70540248589646e-11	0	-4.84058839542942e-07	0.000167861257815445
0.9	130	30	1	-9.08671138333e-10	0	3.97263529291e-09	-1.48446716286e-07
0.9	130	50	1	-7.38083372198e-10	0	6.87198359638e-09	-1.25417626062e-07
0.835	137	54	1	-4.61366278515e-10	0	-7.30315256694e-09	-5.16260742868e-07
0.835	137	54	1	-4.61373383942e-10	0	-7.30324111963e-09	-5.16260741556e-07
0.835	137	54	1	-4.61375160299e-10	0	-7.30333066617e-09	-5.16260742308e-07
0.835	137	54	1	-4.61371607585e-10	0	-7.30341991344e-09	-5.16260743047e-07
0.835	137	54	1	-4.6137427212e-10	0	-7.3035093981e-09	-5.16260743648e-07
0.835	137	54	1	-4.6137471621e-10	0	-7.30297424426e-09	-5.16260742068e-07
0.835	137	54	1	-4.61374938254e-10	0	-7.30297419675e-09	-5.16260744107e-07
0.9	137	54	1	-5.82176751251e-10	0	5.61624005303e-09	-1.1070475191e-07
0.99	137	54	12.635	-3.8096725774e-10	0	7.31483707089e-13	-1.61112193071e-09
0.835	137	54	1	-4.61374938254e-10	0	-7.30297419675e-09	-5.16260744107e-07
0.8	137	54	1	-3.72651465241e-10	0	-2.63727601178e-07	-2.25370754519e-05
0.8	137	54	1	-4.30703694931e-10	0	-1.50549422589e-08	-1.06322633135e-06
0.9	137	54	1	-5.82176085118e-10	0	5.61624005323e-09	-1.10704749548e-07
0.99	137	54	12.635	-3.80967035696e-10	0	7.31483676807e-13	-1.61112166989e-09
0.8	137	54	1	-4.30703694931e-10	0	-1.50549422708e-08	-1.06322633136e-06
0.835	137	54	1	-4.61374938254e-10	0	-7.30297419675e-09	-5.16260744107e-07
0.8	250	50	1.835	4.11349176943e-10	-1.2369107516e-08	-9.22803321876e-10	7.20763817485e-08
0.9	137	54	1.61944	-4.44322356685234e-10	0	9.93987516103724e-11	-1.44066133768812e-07
0.9	137	54	1.61944	-4.4431991419458e-10	0	9.93514329630424e-11	-1.44066139410513e-07
0.9	137	54	1.61944	-4.44328573934172e-10	0	9.93043386880998e-11	-1.44066138873185e-07
0.9	137	54	1.61944	-4.44313696945642e-10	0	9.92565087482454e-11	-1.44066139040603e-07
0.9	137	54	1.61944	-4.44327685755752e-10	0	9.92091439401666e-11	-1.44066139421562e-07
0.9	137	54	1.61944	-4.44330572335616e-10	0	9.91616646220059e-11	-1.44066139757561e-07
0.9	137	54	1.61944	-4.44325465309703e-10	0	9.91143562994257e-11	-1.44066140069143e-07
0.9	137	54	1.61944	-4.44315029213271e-10	0	9.90669386500934e-11	-1.44066139957292e-07
0.842841	274	54	1	-2.30988561611412e-11	0	2.33494439454979e-06	-1.68538926538781e-05
0.963	137	54	12.635	-3.6445335638291e-10	0	-3.51373181184036e-09	-4.2174065565224e-08
0.966	137	54	12.635	-3.64970720312385e-10	0	-2.78756219285574e-09	-3.3768444749592e-08
0.969	137	54	12.635	-3.65613761488248e-10	0	-2.15927723927577e-09	-2.65513877334078e-08
0.96	137	54	12.635	-3.63998609032024e-10	0	-4.34441147513215e-09	-5.18702184827423e-08
0.972	137	54	12.635	-3.6639247191772e-10	0	-1.62254403371766e-09	-2.04256099599262e-08
0.975	137	54	12.635	-3.67352592789416e-10	0	-1.1712930511664e-09	-1.52980181310399e-08
0.978	137	54	12.635	-3.68580721499256e-10	0	-7.99686898725623e-10	-1.10793234456327e-08
0.9805	137	54	12.635	-3.69911434816572e-10	0	-5.46783138143261e-10	-8.19591385855409e-09
0.9815	137	54	12.635	-3.70530495175103e-10	0	-4.59298420559908e-10	-7.19169499223905e-09
0.981	137	54	12.635	-3.7021341547927e-10	0	-5.02088934043419e-10	-7.68353332644995e-09
0.9825	137	54	12.635	-3.71232600215876e-10	0	-3.79328319532403e-10	-6.26813263881949e-09
0.982	137	54	12.635	-3.70877550892601e-10	0	-4.18386445818411e-10	-6.72002070673946e-09
0.9835	137	54	12.635	-3.7202174674178e-10	0	-3.06674552529037e-10	-5.42221467780493e-09
0.983	137	54	12.635	-3.71604969018335e-10	0	-3.42099218629515e-10	-5.83565451943959e-09
0.9845	137	54	12.635	-3.72903041778727e-10	0	-2.41140236543639e-10	-4.65094943381924e-09
0.984	137	54	12.635	-3.72440078777458e-10	0	-2.73029691838624e-10	-5.02743717037662e-09
0.9855	137	54	12.635	-3.73906905437593e-10	0	-1.82529805700529e-10	-3.95136722276558e-09
0.985	137	54	12.635	-3.73391095820352e-10	0	-2.10981717544929e-10	-4.2923835971892e-09
0.9865	137	54	12.635	-3.75069530988981e-10	0	-1.30648565554531e-10	-3.32050691222991e-09
0.986	137	54	12.635	-3.74470454644893e-10	0	-1.55760160020904e-10	-3.62753087172485e-09
0.9875	137	54	12.635	-3.76403352930765e-10	0	-8.53030245001927e-11	-2.75542152779138e-09
0.987	137	54	12.635	-3.75735664803756e-10	0	-1.07170917745825e-10	-3.02992645747014e-09
0.9885	137	54	12.635	-3.77998965461757e-10	0	-4.63002139673787e-11	-2.25316246437006e-09
0.988	137	54	12.635	-3.77175179977485e-10	0	-6.50207479059755e-11	-2.49662255837944e-09
0.9895	137	54	12.635	-3.7989811296768e-10	0	-1.34479899706309e-11	-1.81078160807184e-09
0.989	137	54	12.635	-3.78898912245518e-10	0	-2.91172099638629e-11	-2.02467215316932e-09
0.98	137	54	12.635	-3.69605235306381e-10	0	-5.93405854252528e-10	-8.72921460249044e-09
0.9905	137	54	12.635	-3.82158305001212e-10	0	1.34450282871628e-11	-1.42531912961476e-09
0.9915	137	54	12.635	-3.84971166056403e-10	0	3.45695814236907e-11	-1.09379202932118e-09
0.991	137	54	12.635	-3.83491016719972e-10	0	2.47164870130364e-11	-1.25300052540068e-09
0.9925	137	54	12.635	-3.88547860552535e-10	0	5.01150990582613e-11	-8.13185721182073e-10
0.992	137	54	12.635	-3.86655818473969e-10	0	4.3027932666109e-11	-9.4731375239769e-10
0.9935	137	54	12.635	-3.93235666251712e-10	0	6.02690649870799e-11	-5.80434969152232e-10
0.993	137	54	12.635	-3.90729448795923e-10	0	5.58544210629919e-11	-6.91022675800264e-10
0.9945	137	54	12.635	-3.99600352807283e-10	0	6.52147576482049e-11	-3.92401255111492e-10
0.994	137	54	12.635	-3.96153776449637e-10	0	6.33817408590911e-11	-4.81028400896027e-10
0.9955	137	54	12.635	-4.0882275342824e-10	0	6.51270764392847e-11	-2.45842267427555e-10
0.99575	137	54	12.635	-4.1178482845794e-10	0	6.43376293643125e-11	-2.15289589761647e-10
0.995	137	54	12.635	-4.03739708332296e-10	0	6.57897153302311e-11	-3.1414536065638e-10
0.99625	137	54	12.635	-4.1893533087034e-10	0	6.18532077982267e-11	-1.61105499266398e-10
0.9965	137	54	12.635	-4.23275858807415e-10	0	6.01618829223921e-11	-1.37361571324074e-10
0.99675	137	54	12.635	-4.2829628732477e-10	0	5.81730438340411e-11	-1.15771846878526e-10
0.996	137	54	12.635	-4.15143475152036e-10	0	6.32456874477873e-11	-1.8706239286515e-10
0.99725	137	54	12.635	-5.06700459368403e-10	0	5.33785575587045e-11	-7.88159456641332e-11
0.9975	137	54	12.635	-5.14965625697528e-10	0	5.04908883033717e-11	-6.33244362704037e-11
0.99775	137	54	12.635	-5.2505977343742e-10	0	4.73056554831886e-11	-4.97368949768455e-11
0.997	137	54	12.635	-4.34120295267348e-10	0	5.58877048588249e-11	-9.62773499130983e-11
0.998125	137	54	12.635	-5.45293143972003e-10	0	4.19627592996216e-11	-3.27752171326926e-11
0.99825	137	54	12.635	-5.53954659920919e-10	0	4.00283156642526e-11	-2.79968469444552e-11
0.998375	137	54	12.635	-5.63964652755544e-10	0	3.8015305035384e-11	-2.36408517932039e-11
0.9985	137	54	12.635	-5.7564686350986e-10	0	3.59222203596132e-11	-1.96967939348456e-11
0.998625	137	54	12.635	-5.89437831877149e-10	0	3.3747038254589e-11	-1.61544863591464e-11
0.99875	137	54	12.635	-6.0600613416284e-10	0	3.14871949578368e-11	-1.30031386935836e-11
0.998875	137	54	12.635	-6.2625060692767e-10	0	2.91392522801979e-11	-1.02315506756405e-11
0.998	137	54	12.635	-5.37693445323839e-10	0	4.38198773281792e-11	-3.79849729569584e-11
0.999062	137	54	12.635	-6.0310267890884e-10	0	2.54378251190435e-11	-6.76797499066315e-12
0.999125	137	54	12.635	-6.84119205729417e-10	0	2.41593290374232e-11	-5.77898504298803e-12
0.999188	137	54	12.635	-6.42393915839534e-10	0	2.2828217680249e-11	-4.87676053453364e-12
0.99925	137	54	12.635	-7.27519822163458e-10	0	2.15124575650071e-11	-4.07183667659808e-12
0.999313	137	54	12.635	-6.96829927093745e-10	0	2.01254898820421e-11	-3.33628721001993e-12
0.999375	137	54	12.635	-7.88283660568823e-10	0	1.87452687678858e-11	-2.69155325949452e-12
0.999437	137	54	12.635	-7.77933495399452e-10	0	1.73168399952441e-11	-2.12318502235784e-12
0.999531	137	54	12.635	-8.4609141914882e-10	0	1.50867347891407e-11	-1.40233808864692e-12
0.999563	137	54	12.635	-9.21805520803787e-10	0	1.43073771172153e-11	-1.19439492494484e-12
0.999594	137	54	12.635	-9.2309959676129e-10	0	1.35358031713696e-11	-1.0105657466516e-12
0.9995	137	54	12.635	-8.79466055536682e-10	0	1.58379108315456e-11	-1.62173695867291e-12
0.999625	137	54	12.635	-1.03141273299912e-09	0	1.27567033690335e-11	-8.43733176924968e-13
0.999656	137	54	12.635	-1.02746322561131e-09	0	1.1956308608817e-11	-6.93508017272486e-13
0.999687	137	54	12.635	-1.24080279384486e-09	0	1.11483516570093e-11	-5.59533780453567e-13
0.999719	137	54	12.635	-1.18463283627079e-09	0	1.02859206626182e-11	-4.37856412796181e-13
0.99975	137	54	12.635	-1.33532696011684e-09	0	9.43606216511524e-12	-3.35612234090851e-13
0.999766	137	54	12.635	-1.49421275352779e-09	0	8.98916898923131e-12	-2.88679520988533e-13
0.999781	137	54	12.635	-1.43935330321199e-09	0	8.56002066213953e-12	-2.48270107294222e-13
0.999797	137	54	12.635	-1.48452339310268e-09	0	8.09725595849815e-12	-2.08866657055031e-13
0.999812	137	54	12.635	-2.74090439233987e-09	0	7.67486444853397e-12	-1.75356908827426e-13
0.999828	137	54	12.635	-1.69007829953216e-09	0	7.17815629954122e-12	-1.43166593157691e-13
0.999844	137	54	12.635	-1.98100824633229e-09	0	6.6912295614152e-12	-1.14573388068196e-13
0.999859	137	54	12.635	-3.14394399403284e-09	0	6.23253819626255e-12	-9.09563157134515e-14
0.999875	137	54	12.635	-2.24710738905287e-09	0	5.70873315031795e-12	-6.90746012512392e-14
0.999883	137	54	12.635	-2.467930082517e-09	0	5.44723335748536e-12	-5.93713436066474e-14
0.999897	137	54	12.635	-2.84070833522776e-09	0	4.97864299980174e-12	-4.43533444310573e-14
0.99989	137	54	12.635	-2.63735100425322e-09	0	5.21468572568559e-12	-5.15588343451772e-14
0.999904	137	54	12.635	-3.09018366451141e-09	0	4.73878086836294e-12	-3.77506017204114e-14
0.999911	137	54	12.635	-3.40413852661925e-09	0	4.49472598561417e-12	-3.17319724002058e-14
0.999918	137	54	12.635	-3.81196629817282e-09	0	4.2460393838835e-12	-2.62961964618974e-14
0.999925	137	54	12.635	-4.36262270753218e-09	0	3.99219740470718e-12	-2.14258080916858e-14
0.999932	137	54	12.635	-5.14242781690655e-09	0	3.7325796959867e-12	-1.71040878278056e-14
0.999939	137	54	12.635	-6.31396113170979e-09	0	3.4664588818152e-12	-1.33202205145804e-14
0.999946	137	54	12.635	-8.2081725860661e-09	0	3.19297149858819e-12	-1.00607279725706e-14
0.999949	137	54	12.635	-4.82769491050306e-09	0	3.06330691237895e-12	-8.81516802209408e-15
0.999953	137	54	12.635	-5.20806642256844e-09	0	2.89889302961702e-12	-7.29882411928148e-15
0.999956	137	54	12.635	-5.53875234565737e-09	0	2.77308911530404e-12	-6.26950946051472e-15
0.999963	137	54	12.635	-6.51891829406281e-09	0	2.46987500458509e-12	-4.1959378559896e-15
0.999967	137	54	12.635	-7.26558901931185e-09	0	2.2894243285128e-12	-3.21978815553769e-15
0.99996	137	54	12.635	-6.05679129073167e-09	0	2.6016160861103e-12	-5.02874677081684e-15
0.999972	137	54	12.635	-9.08026631663006e-09	0	2.05526087250828e-12	-2.19844290625101e-15
0.999974	137	54	12.635	-9.12527386986994e-09	0	1.95751052310863e-12	-1.84878406569266e-15
0.999976	137	54	12.635	-9.90833703973237e-09	0	1.85806148766627e-12	-1.53349396777042e-15
0.999977	137	54	12.635	-1.02716111172185e-08	0	1.80737660821339e-12	-1.38908979643076e-15
0.999979	137	54	12.635	-1.30350070737251e-08	0	1.70507036809645e-12	-1.12228396670088e-15
0.99997	137	54	12.635	-7.9566979671597e-09	0	2.14996206065356e-12	-2.57929554862655e-15
0.999981	137	54	12.635	-1.23554761977118e-08	0	1.59759686710883e-12	-8.86843809096035e-16
0.999983	137	54	12.635	-1.47463281585658e-08	0	1.48793618261376e-12	-6.85027497073897e-16
0.999984	137	54	12.635	-1.46521530464128e-08	0	1.43119978613167e-12	-5.94304642672942e-16
0.999986	137	54	12.635	-2.57216605792365e-08	0	1.31763059799805e-12	-4.327695284774e-16
0.999987	137	54	12.635	-3.14151360480963e-08	0	1.25834287738132e-12	-3.63309995244169e-16
0.999988	137	54	12.635	-1.93675386839232e-08	0	1.19283869577239e-12	-2.99741183937396e-16
0.999989	137	54	12.635	-2.33801877858042e-08	0	1.12974398871118e-12	-2.43985372132115e-16
0.999991	137	54	12.635	-2.96241196018343e-08	0	9.96907109949993e-13	-1.51958464541577e-16
0.999992	137	54	12.635	-2.90442749850683e-08	0	9.26315293851409e-13	-1.14090828492179e-16
0.999993	137	54	12.635	-3.29206566451745e-08	0	8.5305194887685e-13	-8.28036041413263e-17
0.999994	137	54	12.635	-3.83465803555083e-08	0	7.76071970349255e-13	-5.72416789386542e-17
0.999995	137	54	12.635	-5.01226080640294e-08	0	6.94607674271671e-13	-3.64500372038118e-17
0.999996	137	54	12.635	-5.7387213647786e-08	0	6.06639315230971e-13	-2.09844139842941e-17
0.999997	137	54	12.635	-8.1183592071099e-08	0	5.10444647429987e-13	-9.99798420584979e-18
0.999998	137	54	12.635	-1.1430737467677e-07	0	4.00932899705078e-13	-3.55728202516589e-18
0.99999	137	54	12.635	-4.59353404203e-08	0	1.06704052688377e-12	-1.94351818052696e-16
0.999	137	54	12.635	-6.51567688692012e-10	0	2.66986996100872e-11	-7.82765539366409e-12
0.99	137	54	12.635	-3.8097969223827e-10	0	7.31474356207301e-13	-1.61112109043338e-09
0.9005	137	54	1.61944	-4.44945191802049e-10	0	1.73162600015132e-10	-1.42036915851196e-07
0.9015	137	54	1.61944	-4.46190195901863e-10	0	3.19344852429556e-10	-1.38042270049826e-07
0.901	137	54	1.61944	-4.45554482197963e-10	0	2.46462758040671e-10	-1.40029018406431e-07
0.9025	137	54	1.61944	-4.47456516283751e-10	0	4.63845164611551e-10	-1.34131508533052e-07
0.902	137	54	1.61944	-4.46833237077726e-10	0	3.9180642097119e-10	-1.36076479480693e-07
0.9035	137	54	1.61944	-4.48771686478722e-10	0	6.06645151749105e-10	-1.30303252837271e-07
0.903	137	54	1.61944	-4.4810977151144e-10	0	5.35458835030979e-10	-1.32207155887634e-07
0.9045	137	54	1.61944	-4.50126824702579e-10	0	7.47726225569241e-10	-1.2655612755095e-07
0.904	137	54	1.61944	-4.49437154159682e-10	0	6.77401669699329e-10	-1.28419630880245e-07
0.9055	137	54	1.61944	-4.5148573768472e-10	0	8.87069312539474e-10	-1.22888787788171e-07
0.905	137	54	1.61944	-4.50811166174958e-10	0	8.17615956496709e-10	-1.24712562916648e-07
0.9065	137	54	1.61944	-4.52884840740353e-10	0	1.0246544536814e-09	-1.19299910298216e-07
0.906	137	54	1.61944	-4.52183623878e-10	0	9.56082770175742e-10	-1.21084611018008e-07
0.9075	137	54	1.61944	-4.54319692977379e-10	0	1.16046210078123e-09	-1.15788199811146e-07
0.907	137	54	1.61944	-4.53592496896249e-10	0	1.09278189307559e-09	-1.17534487789966e-07
0.9085	137	54	1.61944	-4.55782966923834e-10	0	1.29447162062354e-09	-1.12352396111827e-07
0.908	137	54	1.61944	-4.55038895452731e-10	0	1.22769283352655e-09	-1.1406088725039e-07
0.9095	137	54	1.61944	-4.57289095479041e-10	0	1.42666177977851e-09	-1.08991241552623e-07
0.909	137	54	1.61944	-4.56538584714394e-10	0	1.36079537435137e-09	-1.10662567659206e-07
0.9105	137	54	1.61944	-4.58821869386838e-10	0	1.55701166653562e-09	-1.05703515198549e-07
0.9115	137	54	1.61944	-4.60406823776793e-10	0	1.68549926408642e-09	-1.02487998977372e-07
0.911	137	54	1.61944	-4.59594140522768e-10	0	1.62148934370661e-09	-1.04086798404542e-07
0.9125	137	54	1.61944	-4.62016425117895e-10	0	1.81210228264511e-09	-9.93435116995347e-08
0.912	137	54	1.61944	-4.61197080525722e-10	0	1.74903761556725e-09	-1.00906943704199e-07
0.9135	137	54	1.61944	-4.63679539208783e-10	0	1.93679824923685e-09	-9.62688909779571e-08
0.913	137	54	1.61944	-4.62849314430969e-10	0	1.87469021997504e-09	-9.7797535401218e-08
0.9145	137	54	1.61944	-4.65373073410547e-10	0	2.05956352578385e-09	-9.32629857243101e-08
0.914	137	54	1.61944	-4.64526861421177e-10	0	1.99842354019081e-09	-9.47574226074106e-08
0.9155	137	54	1.61944	-4.67112570845529e-10	0	2.18037495452088e-09	-9.03246743681718e-08
0.915	137	54	1.61944	-4.66240823726594e-10	0	2.12021501069133e-09	-9.17854508396312e-08
0.9165	137	54	1.61944	-4.6890291649504e-10	0	2.29920838280491e-09	-8.74528422937201e-08
0.916	137	54	1.61944	-4.68003413800488e-10	0	2.24004043777048e-09	-8.88805198952278e-08
0.9175	137	54	1.61944	-4.7072346021082e-10	0	2.41603891937883e-09	-8.46464191100953e-08
0.917	137	54	1.61944	-4.6980419554643e-10	0	2.35787571571727e-09	-8.60415202081427e-08
0.9185	137	54	1.61944	-4.72594186007314e-10	0	2.53084162703283e-09	-8.19043157079812e-08
0.918	137	54	1.61944	-4.71659822309789e-10	0	2.47369535085549e-09	-8.32673912237193e-08
0.9195	137	54	1.61944	-4.74532635408309e-10	0	2.64359097499719e-09	-7.92254909255412e-08
0.919	137	54	1.61944	-4.73568739778329e-10	0	2.58747478825777e-09	-8.05570651809608e-08
0.91	137	54	1.61944	-4.58053595053798e-10	0	1.49206836293564e-09	-1.0733827374874e-07
0.9205	137	54	1.61944	-4.76531036852634e-10	0	2.75426099033696e-09	-7.66088956369044e-08
0.9215	137	54	1.61944	-4.7857318108413e-10	0	2.86282449049257e-09	-7.40535383211611e-08
0.921	137	54	1.61944	-4.77542227983463e-10	0	2.80880758968959e-09	-7.53236319725215e-08
0.9225	137	54	1.61944	-4.80664619217919e-10	0	2.96925498890214e-09	-7.15583981467612e-08
0.922	137	54	1.61944	-4.7959436422218e-10	0	2.91630806511454e-09	-7.27984988170649e-08
0.9235	137	54	1.61944	-4.82805573298606e-10	0	3.07352462324964e-09	-6.91224923976875e-08
0.923	137	54	1.61944	-4.81721329492757e-10	0	3.02166156071736e-09	-7.03331045123244e-08
0.9245	137	54	1.61944	-4.85019580054313e-10	0	3.17560499465173e-09	-6.67448518072722e-08
0.924	137	54	1.61944	-4.83907136583639e-10	0	3.12484034464916e-09	-6.79264503837961e-08
0.9255	137	54	1.61944	-4.87288431827437e-10	0	3.2754675657381e-09	-6.44245310405351e-08
0.925	137	54	1.61944	-4.86148232781147e-10	0	3.22581546871569e-09	-6.55775902418095e-08
0.9265	137	54	1.61944	-4.89653873003704e-10	0	3.37308289958521e-09	-6.21605870932084e-08
0.926	137	54	1.61944	-4.88456386449343e-10	0	3.32455808088999e-09	-6.32855641494503e-08
0.9275	137	54	1.61944	-4.92052176781499e-10	0	3.46842136794768e-09	-5.99521008935453e-08
0.927	137	54	1.61944	-4.90822937848634e-10	0	3.42103872606873e-09	-6.10494685972021e-08
0.9285	137	54	1.61944	-4.94532637063116e-10	0	3.56145218769666e-09	-5.77981496657299e-08
0.928	137	54	1.61944	-4.93281193669759e-10	0	3.51522709639478e-09	-5.88683601934531e-08
0.9295	137	54	1.61944	-4.97103691543543e-10	0	3.65214419980042e-09	-5.56978582943268e-08
0.929	137	54	1.61944	-4.95791407928436e-10	0	3.60709264684661e-09	-5.67413511715175e-08
0.92	137	54	1.61944	-4.75539163602434e-10	0	2.69918749687737e-09	-7.79094799204029e-08
0.9305	137	54	1.61944	-4.99722263569424e-10	0	3.74046620160742e-09	-5.3650340378194e-08
0.9315	137	54	1.61944	-5.02436980909238e-10	0	3.82638502719324e-09	-5.16547278480678e-08
0.931	137	54	1.61944	-5.01074737258023e-10	0	3.78372798654686e-09	-5.26461034304002e-08
0.9325	137	54	1.61944	-5.05257391480995e-10	0	3.90986870117952e-09	-4.97101704523021e-08
0.932	137	54	1.61944	-5.03820096753316e-10	0	3.86843343372312e-09	-5.06761177754204e-08
0.9335	137	54	1.61944	-5.08134201382404e-10	0	3.99088283433882e-09	-4.78158208242091e-08
0.933	137	54	1.61944	-5.06693131896441e-10	0	3.95068646583947e-09	-4.87567751196702e-08
0.9345	137	54	1.61944	-5.11133801950336e-10	0	4.06939393246564e-09	-4.59708653418518e-08
0.934	137	54	1.61944	-5.09615238897254e-10	0	4.03045338004065e-09	-4.68872284190328e-08
0.9355	137	54	1.61944	-5.14200904078166e-10	0	4.14536580928098e-09	-4.41744915639529e-08
0.935	137	54	1.61944	-5.12659026341566e-10	0	4.10769931756966e-09	-4.50666522032972e-08
0.9365	137	54	1.61944	-5.17395903898432e-10	0	4.21876353542343e-09	-4.24258665505178e-08
0.936	137	54	1.61944	-5.15783193932862e-10	0	4.18238865041494e-09	-4.32942525145595e-08
0.9375	137	54	1.61944	-5.20668841375027e-10	0	4.28955061430604e-09	-4.07242386582534e-08
0.937	137	54	1.61944	-5.19033038770544e-10	0	4.25448570538629e-09	-4.15692246310859e-08
0.9385	137	54	1.61944	-5.24097432119675e-10	0	4.35768959358291e-09	-3.90688033691537e-08
0.938	137	54	1.61944	-5.22372367584012e-10	0	4.32395353743179e-09	-3.98907937012835e-08
0.9395	137	54	1.61944	-5.27625054758118e-10	0	4.42314245231523e-09	-3.74588122377922e-08
0.939	137	54	1.61944	-5.2584425702662e-10	0	4.39075418154711e-09	-3.82581789526986e-08
0.93	137	54	1.61944	-4.98397101367232e-10	0	3.69660344029616e-09	-5.46675556582629e-08
0.9405	137	54	1.61944	-5.31265920145074e-10	0	4.48587065780836e-09	-3.58934955700253e-08
0.9415	137	54	1.61944	-5.35042676830244e-10	0	4.54583387266633e-09	-3.43721149736516e-08
0.941	137	54	1.61944	-5.33150412707073e-10	0	4.51620019160342e-09	-3.51273650860621e-08
0.9425	137	54	1.61944	-5.38960431839541e-10	0	4.60299222221143e-09	-3.28939394232183e-08
0.942	137	54	1.61944	-5.36979571919005e-10	0	4.57476634565045e-09	-3.3627671513419e-08
0.9435	137	54	1.61944	-5.43001865693782e-10	0	4.65730414094247e-09	-3.14582369222828e-08
0.943	137	54	1.61944	-5.40953282168743e-10	0	4.6305066425291e-09	-3.21708239449976e-08
0.9445	137	54	1.61944	-5.47224043856431e-10	0	4.70872700937915e-09	-3.00642978148316e-08
0.944	137	54	1.61944	-5.45078870928251e-10	0	4.68337939069215e-09	-3.07560900212428e-08
0.9455	137	54	1.61944	-5.51600320974899e-10	0	4.75721766514472e-09	-2.87114185285197e-08
0.945	137	54	1.61944	-5.49400303029302e-10	0	4.7333415186411e-09	-2.93827699331349e-08
0.9465	137	54	1.61944	-5.56139578833381e-10	0	4.80273139462321e-09	-2.7398917033231e-08
0.946	137	54	1.61944	-5.5384830055516e-10	0	4.78034943951949e-09	-2.80501684781391e-08
0.9475	137	54	1.61944	-5.60865576204606e-10	0	4.84522358406201e-09	-2.61260964235394e-08
0.947	137	54	1.61944	-5.58489254842698e-10	0	4.82435816511603e-09	-2.67575890333818e-08
0.9485	137	54	1.61944	-5.65758107029524e-10	0	4.88464678406775e-09	-2.48922861634029e-08
0.948	137	54	1.61944	-5.6328008923856e-10	0	4.8653216781281e-09	-2.55043542336702e-08
0.9495	137	54	1.61944	-5.70905323016291e-10	0	4.92095377747018e-09	-2.36968181729634e-08
0.949	137	54	1.61944	-5.68306068871038e-10	0	4.90319282491893e-09	-2.42898009953234e-08
0.94	137	54	1.61944	-5.29430055351554e-10	0	4.45484955855433e-09	-3.66706162504036e-08
0.9505	137	54	1.61944	-5.76237502158961e-10	0	4.95409556840151e-09	-2.25390405058422e-08
0.9515	137	54	1.61944	-5.81796610887864e-10	0	4.98402224196054e-09	-2.14182991097944e-08
0.951	137	54	1.61944	-5.78983083698859e-10	0	4.9694640310522e-09	-2.19740829093047e-08
0.9525	137	54	1.61944	-5.87593085299432e-10	0	5.01068213481027e-09	-2.03339624872293e-08
0.952	137	54	1.61944	-5.84657433577718e-10	0	4.99776382483047e-09	-2.08716189859964e-08
0.9535	137	54	1.61944	-5.93643578739034e-10	0	5.03402264026583e-09	-1.92853960395649e-08
0.953	137	54	1.61944	-5.90582915904747e-10	0	5.02277064299116e-09	-1.98052482713551e-08
0.9545	137	54	1.61944	-5.9997740109452e-10	0	5.05398912986488e-09	-1.82719678880187e-08
0.954	137	54	1.61944	-5.96767746330329e-10	0	5.0444310821589e-09	-1.87743280443285e-08
0.9555	137	54	1.61944	-6.06610539577446e-10	0	5.07052597405795e-09	-1.72930762765324e-08
0.955	137	54	1.61944	-6.03242344965338e-10	0	5.06268983401621e-09	-1.77782478365585e-08
0.9565	137	54	1.61944	-6.13537887161897e-10	0	5.0835755236425e-09	-1.63481081323717e-08
0.956	137	54	1.61944	-6.10031802850131e-10	0	5.07749025649262e-09	-1.681639285466e-08
0.9575	137	54	1.61944	-6.20819173846598e-10	0	5.09307862196957e-09	-1.54364639487509e-08
0.957	137	54	1.61944	-6.17139672698386e-10	0	5.0887741596439e-09	-1.5888157078232e-08
0.9585	137	54	1.61944	-6.28466612084821e-10	0	5.09897438982824e-09	-1.45575438355456e-08
0.958	137	54	1.61944	-6.24597928933213e-10	0	5.09648130559185e-09	-1.49929481988693e-08
0.9595	137	54	1.61944	-6.36487085259319e-10	0	5.10119960838491e-09	-1.37107670572504e-08
0.959	137	54	1.61944	-6.32434105085622e-10	0	5.10054988615592e-09	-1.41301728325903e-08
0.95	137	54	1.61944	-5.7354454519043e-10	0	4.9379235515281e-09	-2.31132597557334e-08
0.9605	137	54	1.61944	-6.4492300388963e-10	0	5.09968930610052e-09	-1.2895553587562e-08
0.9615	137	54	1.61944	-6.53837206598951e-10	0	5.09437598012355e-09	-1.211132817184e-08
0.961	137	54	1.61944	-6.49317488665702e-10	0	5.09751223137478e-09	-1.24996066410287e-08
0.9625	137	54	1.61944	-6.63220145469268e-10	0	5.08519015486019e-09	-1.13575270841409e-08
0.962	137	54	1.61944	-6.58453291890737e-10	0	5.09027160607249e-09	-1.1730661258614e-08
0.9635	137	54	1.61944	-6.73101130388432e-10	0	5.07205934603363e-09	-1.0633589812694e-08
0.963	137	54	1.61944	-6.68082034138706e-10	0	5.07912241619773e-09	-1.09918645748813e-08
0.9645	137	54	1.61944	-6.83580525517868e-10	0	5.05490857940311e-09	-9.93895566162652e-09
0.964	137	54	1.61944	-6.78255229757951e-10	0	5.06399121439325e-09	-1.02826412471939e-08
0.9655	137	54	1.61944	-6.94663437883491e-10	0	5.03365989207515e-09	-9.27307211387539e-09
0.965	137	54	1.61944	-6.89038381906926e-10	0	5.04480150717531e-09	-9.60245256419434e-09
0.9665	137	54	1.61944	-7.06448455289888e-10	0	5.00823197393983e-09	-8.63541011278064e-09
0.966	137	54	1.61944	-7.00476121551219e-10	0	5.02147355108259e-09	-8.95075164090364e-09
0.9675	137	54	1.61944	-7.18948456324142e-10	0	4.97854013159128e-09	-8.02542023194302e-09
0.967	137	54	1.61944	-7.12596204266447e-10	0	4.99392449451833e-09	-8.32698979598156e-09
0.9685	137	54	1.61944	-7.3225203678362e-10	0	4.94449566044016e-09	-7.44256799435886e-09
0.968	137	54	1.61944	-7.25491222652863e-10	0	4.96206769818947e-09	-7.73063425512333e-09
0.9695	137	54	1.61944	-7.46446016108848e-10	0	4.90600576477621e-09	-6.88632179445252e-09
0.969	137	54	1.61944	-7.39227123958131e-10	0	4.92581236894755e-09	-7.16114824151679e-09
0.96	137	54	1.61944	-6.40660857698094e-10	0	5.10091547019478e-09	-1.32992510860032e-08
0.9705	137	54	1.61944	-7.61637863888609e-10	0	4.86297304388449e-09	-6.35616135013421e-09
0.9715	137	54	1.61944	-7.7789552577201e-10	0	4.81529518111718e-09	-5.85155907406917e-09
0.971	137	54	1.61944	-7.6963324602275e-10	0	4.83972137434147e-09	-6.10069691308292e-09
0.9725	137	54	1.61944	-7.95342902648599e-10	0	4.76286394606886e-09	-5.3720031192898e-09
0.972	137	54	1.61944	-7.86460674362388e-10	0	4.78968072957006e-09	-5.60868411517604e-09
0.9735	137	54	1.61944	-8.14132761206565e-10	0	4.70556508927608e-09	-4.91697620499772e-09
0.973	137	54	1.61944	-8.04572186652308e-10	0	4.73483039724879e-09	-5.1414551342836e-09
0.9745	137	54	1.61944	-8.34416757911072e-10	0	4.64327711732746e-09	-4.48596360852649e-09
0.974	137	54	1.61944	-8.24079471328787e-10	0	4.67505259410347e-09	-4.69849802095721e-09
0.9755	137	54	1.61944	-8.56381188185651e-10	0	4.57587117680554e-09	-4.0784609895115e-09
0.975	137	54	1.61944	-8.45179259911788e-10	0	4.61022235544197e-09	-4.27930421341178e-09
0.9765	137	54	1.61944	-8.80237882583401e-10	0	4.50320923847468e-09	-3.69395847539506e-09
0.976	137	54	1.61944	-8.68060068270893e-10	0	4.54020625023774e-09	-3.88336580426172e-09
0.9775	137	54	1.61944	-9.06209995932272e-10	0	4.42514325902708e-09	-3.33195176060977e-09
0.977	137	54	1.61944	-8.92929286067101e-10	0	4.46486136049044e-09	-3.51017680511702e-09
0.9785	137	54	1.61944	-9.34670563168538e-10	0	4.34151372847329e-09	-2.99194002000756e-09
0.978	137	54	1.61944	-9.20102438684012e-10	0	4.38403438309215e-09	-3.15922873969433e-09
0.9795	137	54	1.61944	-9.65866275848271e-10	0	4.25214831441489e-09	-2.67341398743758e-09
0.979	137	54	1.61944	-9.49880396561298e-10	0	4.29755935280464e-09	-2.83002152626766e-09
0.97	137	54	1.61944	-7.53913154127872e-10	0	4.88506353585768e-09	-6.61801356898621e-09
0.9805	137	54	1.61944	-1.00033403782618e-09	0	4.15685905953168e-09	-2.37587669868954e-09
0.9815	137	54	1.61944	-1.03854214117405e-09	0	4.05544063340664e-09	-2.0988199624038e-09
0.981	137	54	1.61944	-1.01891517445551e-09	0	4.10692969110248e-09	-2.23482040265646e-09
0.9825	137	54	1.61944	-1.08113495933537e-09	0	3.94766647215526e-09	-1.84174326423336e-09
0.982	137	54	1.61944	-1.05922626225663e-09	0	4.00236309648414e-09	-1.96781817684265e-09
0.9835	137	54	1.61944	-1.12891873627063e-09	0	3.83328541969973e-09	-1.6041387641432e-09
0.983	137	54	1.61944	-1.10431130906363e-09	0	3.89131862619418e-09	-1.72054099294483e-09
0.9845	137	54	1.61944	-1.18291887396538e-09	0	3.71201650470472e-09	-1.38549796499972e-09
0.984	137	54	1.61944	-1.15507070574949e-09	0	3.77353087226667e-09	-1.49248019311999e-09
0.9855	137	54	1.61944	-1.24438903625901e-09	0	3.58354248730237e-09	-1.18530437950863e-09
0.985	137	54	1.61944	-1.21260912422372e-09	0	3.64870158321703e-09	-1.28312748078278e-09
0.9865	137	54	1.61944	-1.31501320943528e-09	0	3.44750175632083e-09	-1.00304109943568e-09
0.986	137	54	1.61944	-1.27843136077388e-09	0	3.51649256935894e-09	-1.09196392364439e-09
0.9875	137	54	1.61944	-1.39696654244403e-09	0	3.30347700140118e-09	-8.38181150332939e-10
0.987	137	54	1.61944	-1.35439703896623e-09	0	3.37651598938465e-09	-9.18468613358079e-10
0.9885	137	54	1.61944	-1.49322731957113e-09	0	3.15098050952915e-09	-6.90190300776948e-10
0.988	137	54	1.61944	-1.44309408867116e-09	0	3.22832152585345e-09	-7.62110598895062e-10
0.9895	137	54	1.61944	-1.60788538039469e-09	0	2.98943301917119e-09	-5.58521205811562e-10
0.989	137	54	1.61944	-1.54796464535423e-09	0	3.0713786979484e-09	-6.22349633243256e-10
0.98	137	54	1.61944	-9.82671499727417e-10	0	4.20525652652784e-09	-2.52205568662719e-09
0.99	137	54	1.61944	-1.67380265203576e-09	0	2.9050520788262e-09	-4.98633254502897e-10
0.9	137	54	1.61944	-4.4432035828379e-10	0	9.94462120194994e-11	-1.44066133152009e-07
0.736269	137	54	1	-3.85785625667268e-10	0	-4.43210376891308e-08	-7.33948064667003e-06
0.7363	137	54	1	-3.86157106291307e-10	0	-4.3606337517587e-08	-7.15806719462583e-06
0.7364	137	54	1	-3.86669585239474e-10	0	-4.26618420701797e-08	-6.91603164404073e-06
0.7365	137	54	1	-3.87024856607354e-10	0	-4.20688284427567e-08	-6.76282212364847e-06
0.7367	137	54	1	-3.87530008083559e-10	0	-4.12106555827437e-08	-6.53955812793121e-06
0.7375	137	54	1	-3.88935550432734e-10	0	-3.91131749093626e-08	-5.98754374058155e-06
0.737	137	54	1	-3.88138854390263e-10	0	-4.0272201691272e-08	-6.2935510464762e-06
0.7385	137	54	1	-3.90188326093721e-10	0	-3.74500686330972e-08	-5.54572062772682e-06
0.738	137	54	1	-3.89603460604349e-10	0	-3.82083991172829e-08	-5.74744559056126e-06
0.7395	137	54	1	-3.91232601870684e-10	0	-3.62000504252148e-08	-5.21301946800393e-06
0.739	137	54	1	-3.90746324185898e-10	0	-3.67895585932117e-08	-5.36988464156672e-06
0.7405	137	54	1	-3.92176735530825e-10	0	-3.51730606055148e-08	-4.94038231594887e-06
0.7415	137	54	1	-3.93037824508724e-10	0	-3.42896812013038e-08	-4.7071096035454e-06
0.741	137	54	1	-3.92619492473045e-10	0	-3.47165805977519e-08	-4.81965456651828e-06
0.7425	137	54	1	-3.93823196276344e-10	0	-3.35078980822674e-08	-4.50215187365593e-06
0.742	137	54	1	-3.93439947288243e-10	0	-3.38879397747385e-08	-4.60158067738576e-06
0.7435	137	54	1	-3.9458991629715e-10	0	-3.28023825644921e-08	-4.31878983974973e-06
0.743	137	54	1	-3.94214216825617e-10	0	-3.31467943664472e-08	-4.40808827513157e-06
0.7445	137	54	1	-3.95335764125093e-10	0	-3.21565117960275e-08	-4.15257853525026e-06
0.744	137	54	1	-3.94959398519745e-10	0	-3.24728051195289e-08	-4.233759251095e-06
0.7455	137	54	1	-3.96047195039273e-10	0	-3.15587146094536e-08	-4.000397841357e-06
0.745	137	54	1	-3.9568592846706e-10	0	-3.18521892674919e-08	-4.07489291646698e-06
0.7465	137	54	1	-3.96724431084294e-10	0	-3.10005652463491e-08	-3.85995889635173e-06
0.746	137	54	1	-3.96385591017179e-10	0	-3.12751204017597e-08	-3.92882975653334e-06
0.7475	137	54	1	-3.97415877984031e-10	0	-3.04757174720508e-08	-3.72952439009856e-06
0.747	137	54	1	-3.97082366987433e-10	0	-3.07343142683096e-08	-3.79358327711187e-06
0.7485	137	54	1	-3.98082455888016e-10	0	-2.99792557616505e-08	-3.60773902062228e-06
0.748	137	54	1	-3.97731181323024e-10	0	-3.02242020472914e-08	-3.66762357902164e-06
0.7495	137	54	1	-3.98724830930064e-10	0	-2.95072874831395e-08	-3.49352174144313e-06
0.749	137	54	1	-3.9838243814927e-10	0	-2.97404208606561e-08	-3.54974335468478e-06
0.74	137	54	1	-3.9173109200874e-10	0	-3.5664926609242e-08	-5.07081770093824e-06
0.7505	137	54	1	-3.99356769875681e-10	0	-2.90566721378259e-08	-3.38599414395751e-06
0.7515	137	54	1	-4.00000699229963e-10	0	-2.86248342474714e-08	-3.28443109169646e-06
0.751	137	54	1	-3.99683841578735e-10	0	-2.88385488084648e-08	-3.33450737129608e-06
0.7525	137	54	1	-4.0061820527626e-10	0	-2.82096351989376e-08	-3.18822589291338e-06
0.752	137	54	1	-4.00303123981871e-10	0	-2.84152746042484e-08	-3.23569278215963e-06
0.7535	137	54	1	-4.01226385449149e-10	0	-2.78092750878891e-08	-3.09686507808041e-06
0.753	137	54	1	-4.00921962295797e-10	0	-2.80077018836632e-08	-3.14196895415336e-06
0.7545	137	54	1	-4.01860100751605e-10	0	-2.74222249822738e-08	-3.00990944192479e-06
0.754	137	54	1	-4.01534583360785e-10	0	-2.76141726184775e-08	-3.05286156861961e-06
0.7555	137	54	1	-4.02434752189151e-10	0	-2.70471747711613e-08	-2.92698011075344e-06
0.755	137	54	1	-4.02138100596972e-10	0	-2.7233273512661e-08	-2.96796314310018e-06
0.7565	137	54	1	-4.03051148012423e-10	0	-2.66829916821067e-08	-2.84774739284545e-06
0.756	137	54	1	-4.02742283966973e-10	0	-2.68637894575277e-08	-2.88692057621129e-06
0.7575	137	54	1	-4.0363712372482e-10	0	-2.63286899754888e-08	-2.77192252839395e-06
0.757	137	54	1	-4.03368893842071e-10	0	-2.65046623996474e-08	-2.80942562665139e-06
0.7585	137	54	1	-4.04269950848857e-10	0	-2.59834063813927e-08	-2.6992509105108e-06
0.758	137	54	1	-4.03975297658121e-10	0	-2.61549714009017e-08	-2.73520731531548e-06
0.7595	137	54	1	-4.04863698122426e-10	0	-2.56463769575313e-08	-2.62950661507603e-06
0.759	137	54	1	-4.04553057720136e-10	0	-2.58139034288814e-08	-2.66402595028468e-06
0.75	137	54	1	-3.99042132670502e-10	0	-2.92794826499959e-08	-3.4389701886929e-06
0.7605	137	54	1	-4.0547609714281e-10	0	-2.53169282065712e-08	-2.56248824656384e-06
0.7615	137	54	1	-4.0605185880338e-10	0	-2.49944596618931e-08	-2.49801537753471e-06
0.761	137	54	1	-4.05762756727768e-10	0	-2.51548564563155e-08	-2.52994416945323e-06
0.7625	137	54	1	-4.06648714701419e-10	0	-2.46784324091541e-08	-2.43592554173559e-06
0.762	137	54	1	-4.06352507198449e-10	0	-2.48356722717194e-08	-2.46668209059282e-06
0.7635	137	54	1	-4.07250011491556e-10	0	-2.43683639114674e-08	-2.3760719510539e-06
0.763	137	54	1	-4.06949807185697e-10	0	-2.45226815305653e-08	-2.40572784574726e-06
0.7645	137	54	1	-4.07823774750682e-10	0	-2.40638200380912e-08	-2.31832149755903e-06
0.764	137	54	1	-4.07546663083735e-10	0	-2.42154268236793e-08	-2.34694169091932e-06
0.7655	137	54	1	-4.08435729681855e-10	0	-2.37644044377142e-08	-2.26255289453299e-06
0.765	137	54	1	-4.0814107649112e-10	0	-2.39134947476307e-08	-2.29019661547756e-06
0.7665	137	54	1	-4.09032585579894e-10	0	-2.34697610981136e-08	-2.20865548042048e-06
0.766	137	54	1	-4.08739486701393e-10	0	-2.361650742874e-08	-2.23537684421971e-06
0.7675	137	54	1	-4.09638101217524e-10	0	-2.31795652478204e-08	-2.15652776900489e-06
0.767	137	54	1	-4.0932546241379e-10	0	-2.33241261709121e-08	-2.18237643667665e-06
0.7685	137	54	1	-4.10217193547169e-10	0	-2.28935179428402e-08	-2.10607668212193e-06
0.768	137	54	1	-4.09923206490248e-10	0	-2.30360405042804e-08	-2.13109819565436e-06
0.7695	137	54	1	-4.10811828999158e-10	0	-2.26113480584427e-08	-2.0572162960097e-06
0.769	137	54	1	-4.10529832350903e-10	0	-2.27519644753317e-08	-2.08145274310936e-06
0.76	137	54	1	-4.05151023841199e-10	0	-2.54807436654458e-08	-2.59566843591118e-06
0.7705	137	54	1	-4.11447320658453e-10	0	-2.23328060219319e-08	-2.00986740919656e-06
0.7715	137	54	1	-4.1203418454927e-10	0	-2.20576621583044e-08	-1.96395669960649e-06
0.771	137	54	1	-4.11735978644856e-10	0	-2.2194822937242e-08	-1.98673666041995e-06
0.7725	137	54	1	-4.12637923830061e-10	0	-2.17857046843675e-08	-1.91941607608134e-06
0.772	137	54	1	-4.12343048594721e-10	0	-2.19212977415179e-08	-1.94151917227152e-06
0.7735	137	54	1	-4.13248546493605e-10	0	-2.15167378655526e-08	-1.87618230257068e-06
0.773	137	54	1	-4.1293857222513e-10	0	-2.16508586903047e-08	-1.89763961178629e-06
0.7745	137	54	1	-4.13850065328347e-10	0	-2.12505828160399e-08	-1.83419647395966e-06
0.774	137	54	1	-4.13554079869982e-10	0	-2.13833204253918e-08	-1.85503688400855e-06
0.7755	137	54	1	-4.14458245501237e-10	0	-2.0987070421252e-08	-1.79340362489838e-06
0.775	137	54	1	-4.14165590711946e-10	0	-2.11185062973966e-08	-1.81365423483847e-06
0.7765	137	54	1	-4.15079526305817e-10	0	-2.0726046191014e-08	-1.75375243205935e-06
0.776	137	54	1	-4.14764445011429e-10	0	-2.08562564983035e-08	-1.77343841012529e-06
0.7775	137	54	1	-4.15702139378027e-10	0	-2.04673639027384e-08	-1.71519473666286e-06
0.777	137	54	1	-4.15380618790095e-10	0	-2.05964201184355e-08	-1.7343398095542e-06
0.7785	137	54	1	-4.16304546391189e-10	0	-2.0210890475157e-08	-1.67768550503909e-06
0.778	137	54	1	-4.16014778181761e-10	0	-2.03388587623049e-08	-1.69631177952676e-06
0.7795	137	54	1	-4.16953804815989e-10	0	-1.99565014685966e-08	-1.64118231199276e-06
0.779	137	54	1	-4.16640721923045e-10	0	-2.00834436369142e-08	-1.65931071939974e-06
0.77	137	54	1	-4.11124911892102e-10	0	-2.24716380403667e-08	-2.03335763875985e-06
0.7805	137	54	1	-4.17579526512668e-10	0	-1.97040776133917e-08	-1.60564534460889e-06
0.7815	137	54	1	-4.18213685904334e-10	0	-1.94535109062452e-08	-1.5710370538567e-06
0.781	137	54	1	-4.17889056691934e-10	0	-1.95785685708049e-08	-1.58822737738771e-06
0.7825	137	54	1	-4.18834078530494e-10	0	-1.92046986241948e-08	-1.5373221311206e-06
0.782	137	54	1	-4.18518997236106e-10	0	-1.93288919762968e-08	-1.5540700829382e-06
0.7835	137	54	1	-4.19479118107802e-10	0	-1.89575457836345e-08	-1.5044671514081e-06
0.783	137	54	1	-4.191589297875e-10	0	-1.90809205546142e-08	-1.52078916691565e-06
0.7845	137	54	1	-4.20125489952738e-10	0	-1.87119616545648e-08	-1.47244048691998e-06
0.784	137	54	1	-4.19803303230992e-10	0	-1.88345635206493e-08	-1.48835219950531e-06
0.7855	137	54	1	-4.2075765094296e-10	0	-1.84678627408306e-08	-1.44121230974997e-06
0.785	137	54	1	-4.20442569648571e-10	0	-1.85897320789639e-08	-1.45672839257324e-06
0.7865	137	54	1	-4.21410240036835e-10	0	-1.82251699146042e-08	-1.41075426494997e-06
0.786	137	54	1	-4.21087831270484e-10	0	-1.83463456699577e-08	-1.42588873458794e-06
0.7875	137	54	1	-4.22065271621364e-10	0	-1.79838070495344e-08	-1.38103951385639e-06
0.787	137	54	1	-4.21740420364358e-10	0	-1.81043268057307e-08	-1.39580561752532e-06
0.7885	137	54	1	-4.22728518856275e-10	0	-1.77437078169811e-08	-1.35204254756169e-06
0.788	137	54	1	-4.22399004662566e-10	0	-1.78636047575849e-08	-1.3664528558579e-06
0.7895	137	54	1	-4.23407087168926e-10	0	-1.75048048234664e-08	-1.32373917920311e-06
0.789	137	54	1	-4.23068025057205e-10	0	-1.76241106730541e-08	-1.33780561468756e-06
0.78	137	54	1	-4.17257783880132e-10	0	-1.98300508613534e-08	-1.62329543398877e-06
0.7905	137	54	1	-4.24063673065689e-10	0	-1.72670350808666e-08	-1.29610632597856e-06
0.7915	137	54	1	-4.24745794092019e-10	0	-1.70303422958339e-08	-1.26912208452367e-06
0.791	137	54	1	-4.24419388522779e-10	0	-1.71485573408339e-08	-1.28253447403501e-06
0.7925	137	54	1	-4.25417923111127e-10	0	-1.67946709833006e-08	-1.24276552857497e-06
0.792	137	54	1	-4.25068424902975e-10	0	-1.69123815651001e-08	-1.25586662059102e-06
0.7935	137	54	1	-4.26102708672715e-10	0	-1.6559969031602e-08	-1.2170167136261e-06
0.793	137	54	1	-4.25760982025736e-10	0	-1.667720169143e-08	-1.22981636071104e-06
0.7945	137	54	1	-4.26795265795477e-10	0	-1.63261884315279e-08	-1.19185664011325e-06
0.794	137	54	1	-4.2644510145351e-10	0	-1.64429670400701e-08	-1.20436424053276e-06
0.7955	137	54	1	-4.27483604070744e-10	0	-1.60932835565782e-08	-1.16726712573882e-06
0.795	137	54	1	-4.27138546754691e-10	0	-1.62096296987283e-08	-1.17949165201897e-06
0.7965	137	54	1	-4.28212132419503e-10	0	-1.58612109427298e-08	-1.14323076259973e-06
0.796	137	54	1	-4.27837987260204e-10	0	-1.59771461072528e-08	-1.15518084108569e-06
0.7975	137	54	1	-4.2891845630777e-10	0	-1.56299293378554e-08	-1.11973099285428e-06
0.797	137	54	1	-4.28556745646347e-10	0	-1.5745473927242e-08	-1.13141482369258e-06
0.7985	137	54	1	-4.29609459118296e-10	0	-1.53994013211208e-08	-1.09675188007225e-06
0.798	137	54	1	-4.29256852285675e-10	0	-1.55145733786767e-08	-1.10817732685685e-06
0.7995	137	54	1	-4.30329993861278e-10	0	-1.51695898909482e-08	-1.07427822121164e-06
0.799	137	54	1	-4.29977609073262e-10	0	-1.52844081038716e-08	-1.08545281284828e-06
0.79	137	54	1	-4.23733048648955e-10	0	-1.73857814340365e-08	-1.30984035332185e-06
0.8005	137	54	1	-4.31063851280555e-10	0	-1.49404609896727e-08	-1.05229539883738e-06
0.8015	137	54	1	-4.31802593681141e-10	0	-1.47119832807386e-08	-1.03078937178849e-06
0.801	137	54	1	-4.31426672165003e-10	0	-1.48261430582239e-08	-1.04148362492089e-06
0.8025	137	54	1	-4.32534452698974e-10	0	-1.44841263611318e-08	-1.00974677786617e-06
0.802	137	54	1	-4.32157643004416e-10	0	-1.45979789768385e-08	-1.02021094843184e-06
0.8035	137	54	1	-4.33284297329806e-10	0	-1.42568599164357e-08	-9.89154618051221e-07
0.803	137	54	1	-4.32912594661161e-10	0	-1.43704203937124e-08	-9.99395158321295e-07
0.8045	137	54	1	-4.3404058125418e-10	0	-1.40301595714551e-08	-9.69000586087768e-07
0.804	137	54	1	-4.33661995202783e-10	0	-1.41434403306209e-08	-9.79023624651415e-07
0.8055	137	54	1	-4.34803082427493e-10	0	-1.38039990805347e-08	-9.49272692494703e-07
0.805	137	54	1	-4.3442516250991e-10	0	-1.39170131177123e-08	-9.59084092136137e-07
0.8065	137	54	1	-4.35558700218053e-10	0	-1.35783542867569e-08	-9.29959534661162e-07
0.806	137	54	1	-4.35190328218482e-10	0	-1.36911136131661e-08	-9.39565000309357e-07
0.8075	137	54	1	-4.36345182208697e-10	0	-1.33532038215952e-08	-9.11050000526258e-07
0.807	137	54	1	-4.35957492328498e-10	0	-1.34657182516714e-08	-9.20454981726193e-07
0.8085	137	54	1	-4.37130998065527e-10	0	-1.31285267173029e-08	-8.92533561633412e-07
0.808	137	54	1	-4.36739977516254e-10	0	-1.32408068678168e-08	-9.01743302702503e-07
0.8095	137	54	1	-4.37930358643257e-10	0	-1.2904303677359e-08	-8.74399932405022e-07
0.809	137	54	1	-4.37533564934256e-10	0	-1.30163594571072e-08	-8.83419511602424e-07
0.8105	137	54	1	-4.38727054685728e-10	0	-1.26805149741519e-08	-8.56639255675049e-07
0.8115	137	54	1	-4.3952019801452e-10	0	-1.24571463829491e-08	-8.39242008890797e-07
0.811	137	54	1	-4.39106528915545e-10	0	-1.25687790312838e-08	-8.47895777655485e-07
0.8125	137	54	1	-4.40332659223941e-10	0	-1.22341792350075e-08	-8.22199052390302e-07
0.812	137	54	1	-4.39940528451643e-10	0	-1.23456130449406e-08	-8.30676813811664e-07
0.8135	137	54	1	-4.41164660358595e-10	0	-1.20116004201854e-08	-8.05501511548813e-07
0.813	137	54	1	-4.40737446538719e-10	0	-1.21228418148767e-08	-8.13807644471691e-07
0.8145	137	54	1	-4.4200931803573e-10	0	-1.1789395885702e-08	-7.89140826931901e-07
0.814	137	54	1	-4.41582104215854e-10	0	-1.19004509974239e-08	-7.97279564994979e-07
0.8155	137	54	1	-4.42848868686951e-10	0	-1.15675532927075e-08	-7.73108756478013e-07
0.815	137	54	1	-4.42424319402335e-10	0	-1.16784296837542e-08	-7.81084223960834e-07
0.8165	137	54	1	-4.43704406549728e-10	0	-1.13460606176028e-08	-7.57397351909432e-07
0.816	137	54	1	-4.43261871652112e-10	0	-1.14567637697131e-08	-7.65213469001896e-07
0.8175	137	54	1	-4.44557723966454e-10	0	-1.11249067766956e-08	-7.41998844114176e-07
0.817	137	54	1	-4.4412562516527e-10	0	-1.12354423082115e-08	-7.49659450789766e-07
0.8185	137	54	1	-4.45426584505526e-10	0	-1.09040835625549e-08	-7.2690582568658e-07
0.818	137	54	1	-4.44985603920145e-10	0	-1.10144547700998e-08	-7.34414612948913e-07
0.8195	137	54	1	-4.46308767720893e-10	0	-1.06835807944156e-08	-7.1211102322556e-07
0.819	137	54	1	-4.45858461262105e-10	0	-1.0793792364367e-08	-7.19471584701648e-07
0.81	137	54	1	-4.38314939898987e-10	0	-1.27923560464293e-08	-8.6547356612883e-07
0.8205	137	54	1	-4.47190284802446e-10	0	-1.04633912620317e-08	-6.9760751865926e-07
0.8215	137	54	1	-4.48107329020786e-10	0	-1.02435072928741e-08	-6.83388495674318e-07
0.821	137	54	1	-4.47654358026739e-10	0	-1.03534113803927e-08	-6.90462837230319e-07
0.8225	137	54	1	-4.49002612867844e-10	0	-1.00239234916749e-08	-6.69447419510374e-07
0.822	137	54	1	-4.48559633881018e-10	0	-1.01336782972031e-08	-6.76383623907542e-07
0.8235	137	54	1	-4.49940529279047e-10	0	-9.80463281330475e-09	-6.55777960996704e-07
0.823	137	54	1	-4.49474679697914e-10	0	-9.91424134197708e-09	-6.62579139793346e-07
0.8245	137	54	1	-4.50869785950658e-10	0	-9.58563125838551e-09	-6.42373981927059e-07
0.824	137	54	1	-4.50401271834266e-10	0	-9.69509612678423e-09	-6.49043175270581e-07
0.8255	137	54	1	-4.51811921209355e-10	0	-9.36691529933847e-09	-6.29229511461859e-07
0.825	137	54	1	-4.51336523710211e-10	0	-9.47623789173443e-09	-6.35769674055151e-07
0.8265	137	54	1	-4.52764936653693e-10	0	-9.14848078327905e-09	-6.16338741818989e-07
0.826	137	54	1	-4.52278436924303e-10	0	-9.25766280017291e-09	-6.22752761583517e-07
0.8275	137	54	1	-4.53735049532611e-10	0	-8.93032566016025e-09	-6.03696079532003e-07
0.827	137	54	1	-4.53263204747145e-10	0	-9.0393683673193e-09	-6.09986738977683e-07
0.8285	137	54	1	-4.54710713526651e-10	0	-8.71244707799021e-09	-5.91296119772488e-07
0.828	137	54	1	-4.54220661083582e-10	0	-8.82135171562764e-09	-5.97466093515739e-07
0.8295	137	54	1	-4.55701032464617e-10	0	-8.49484602643222e-09	-5.79133522828436e-07
0.829	137	54	1	-4.55212312289177e-10	0	-8.60361215713761e-09	-5.85185482447839e-07
0.82	137	54	1	-4.46754189198373e-10	0	-1.0573447265159e-08	-7.0482328003422e-07
0.8305	137	54	1	-4.56707782703347e-10	0	-8.27751977514913e-09	-5.67203206523808e-07
0.8315	137	54	1	-4.57713200674448e-10	0	-8.06046857162803e-09	-5.55500173067137e-07
0.831	137	54	1	-4.57212046001132e-10	0	-8.16895947823102e-09	-5.61323582576219e-07
0.8325	137	54	1	-4.58747484444189e-10	0	-7.84369353889108e-09	-5.44019598552449e-07
0.832	137	54	1	-4.58223015087356e-10	0	-7.95204634234476e-09	-5.49732371024123e-07
0.8335	137	54	1	-4.59788429552077e-10	0	-7.6271963133356e-09	-5.32756725149627e-07
0.833	137	54	1	-4.59268179042738e-10	0	-7.73541045478912e-09	-5.38361231012284e-07
0.8345	137	54	1	-4.60852467298878e-10	0	-7.41097778322158e-09	-5.21707044404579e-07
0.834	137	54	1	-4.60296245563541e-10	0	-7.51905186965853e-09	-5.27205527884756e-07
0.8355	137	54	1	-4.61910287796741e-10	0	-7.19504126119368e-09	-5.10866090836794e-07
0.835	137	54	1	-4.61382709815439e-10	0	-7.30297422249215e-09	-5.16260755427149e-07
0.8365	137	54	1	-4.62996974093244e-10	0	-6.97938911674829e-09	-5.00229544351291e-07
0.836	137	54	1	-4.62445193250005e-10	0	-7.08717919043174e-09	-5.05522537996253e-07
0.8375	137	54	1	-4.6408832332645e-10	0	-6.76402513093861e-09	-4.89793197459756e-07
0.837	137	54	1	-4.63537430661631e-10	0	-6.87167088840244e-09	-4.94986604500323e-07
0.8385	137	54	1	-4.65216976053284e-10	0	-6.54895437781151e-09	-4.79552941182173e-07
0.838	137	54	1	-4.64640992348109e-10	0	-6.65645287682364e-09	-4.84648797391062e-07
0.8395	137	54	1	-4.66342076066439e-10	0	-6.33418005559274e-09	-4.69504831834678e-07
0.839	137	54	1	-4.65754768086413e-10	0	-6.44153011029589e-09	-4.74505120271677e-07
0.83	137	54	1	-4.56195525799785e-10	0	-8.38614770100864e-09	-5.73139659610727e-07
0.8405	137	54	1	-4.67462513142891e-10	0	-6.1197087621341e-09	-4.5964495694167e-07
0.8415	137	54	1	-4.68618477356131e-10	0	-5.90554554627485e-09	-4.49969561187594e-07
0.841	137	54	1	-4.68056038371856e-10	0	-6.01258808502959e-09	-4.54784428072898e-07
0.8425	137	54	1	-4.69786876067246e-10	0	-5.691695781731e-09	-4.40474979091731e-07
0.842841	137	54	1	-2.30997443395609e-11	0	2.33494439472479e-06	-1.68538926499085e-05
0.842	137	54	1	-4.69212002585095e-10	0	-5.79858090302752e-09	-4.45199897098156e-07
0.8435	137	54	1	-4.7099080191515e-10	0	-5.47816787050783e-09	-4.31157601084996e-07
0.843	137	54	1	-4.70384620143705e-10	0	-5.58489126583085e-09	-4.35794362359267e-07
0.8445	137	54	1	-4.72179628729918e-10	0	-5.26496941185032e-09	-4.22013956247141e-07
0.844	137	54	1	-4.7159676164199e-10	0	-5.37152679697799e-09	-4.26564268185485e-07
0.8455	137	54	1	-4.73411754242647e-10	0	-5.05210612096878e-09	-4.13040645539488e-07
0.845	137	54	1	-4.72802463846733e-10	0	-5.15849496547856e-09	-4.17506211100232e-07
0.8465	137	54	1	-4.74669858974153e-10	0	-4.83958824968688e-09	-4.04234325035067e-07
0.846	137	54	1	-4.74038364117746e-10	0	-4.9458035932172e-09	-4.08616809984448e-07
0.8475	137	54	1	-4.75918415787646e-10	0	-4.62742416346838e-09	-3.95591817910179e-07
0.847	137	54	1	-4.75282257994536e-10	0	-4.73346134573419e-09	-3.9989278794874e-07
0.8485	137	54	1	-4.77186068437163e-10	0	-4.41562245960136e-09	-3.87109924128237e-07
0.848	137	54	1	-4.76547690198004e-10	0	-4.52147687940571e-09	-3.91330996172458e-07
0.8495	137	54	1	-4.78503459078183e-10	0	-4.20419416624698e-09	-3.78785591236125e-07
0.849	137	54	1	-4.77835770951174e-10	0	-4.3098610407416e-09	-3.82928263286663e-07
0.84	137	54	1	-4.66881866501012e-10	0	-6.22690668604171e-09	-4.64551596805376e-07
0.8505	137	54	1	-4.7980308615081e-10	0	-3.99314850297791e-09	-3.70615822126305e-07
0.8515	137	54	1	-4.8113579786957e-10	0	-3.78249739517431e-09	-3.62597670260737e-07
0.851	137	54	1	-4.80458783869153e-10	0	-3.88777341978982e-09	-3.66587956640041e-07
0.8525	137	54	1	-4.82484052710674e-10	0	-3.57225083942665e-09	-3.54728295293416e-07
0.852	137	54	1	-4.81804374174999e-10	0	-3.6773232260142e-09	-3.58644551439955e-07
0.8535	137	54	1	-4.83854956101482e-10	0	-3.3624220404773e-09	-3.47004905971595e-07
0.853	137	54	1	-4.83166173737004e-10	0	-3.46728427481851e-09	-3.50848527286999e-07
0.8545	137	54	1	-4.85242512837658e-10	0	-3.15302279434864e-09	-3.3942479226604e-07
0.854	137	54	1	-4.84541740064515e-10	0	-3.25766783017706e-09	-3.43197109558731e-07
0.8555	137	54	1	-4.86671591914956e-10	0	-2.9440647687419e-09	-3.3198527902961e-07
0.855	137	54	1	-4.85956164197887e-10	0	-3.0484876623808e-09	-3.35687612416294e-07
0.8565	137	54	1	-4.88096452144759e-10	0	-2.73556264706857e-09	-3.24683772826028e-07
0.856	137	54	1	-4.87380802383086e-10	0	-2.83975623045373e-09	-3.283174327288e-07
0.8575	137	54	1	-4.89560614269635e-10	0	-2.52752950827285e-09	-3.17517744189637e-07
0.857	137	54	1	-4.88825646627333e-10	0	-2.63148652140931e-09	-3.2108397697811e-07
0.8585	137	54	1	-4.91036322713967e-10	0	-2.31997968509046e-09	-3.10484698649132e-07
0.858	137	54	1	-4.90299578714826e-10	0	-2.42369340645027e-09	-3.13984752997333e-07
0.8595	137	54	1	-4.92552887365605e-10	0	-2.11292722219979e-09	-3.03582242179949e-07
0.859	137	54	1	-4.91792828682946e-10	0	-2.2163901878886e-09	-3.07017302588994e-07
0.85	137	54	1	-4.7915027501233e-10	0	-4.0986229702205e-09	-3.74681572797532e-07
0.8605	137	54	1	-4.94072338597107e-10	0	-1.90638696085476e-09	-2.96807997560611e-07
0.8615	137	54	1	-4.95639529418668e-10	0	-1.70037658225496e-09	-2.90159644166748e-07
0.861	137	54	1	-4.9483173114595e-10	0	-1.80331512823037e-09	-2.93468231868756e-07
0.8625	137	54	1	-4.97194951876168e-10	0	-1.49491024720829e-09	-2.83634921382498e-07
0.862	137	54	1	-4.96406027394869e-10	0	-1.59757460847648e-09	-2.86881979866874e-07
0.8635	137	54	1	-4.98804997306479e-10	0	-1.29000518214749e-09	-2.77231632438664e-07
0.863	137	54	1	-4.97994534498503e-10	0	-1.39238701478163e-09	-2.80418233960648e-07
0.8645	137	54	1	-5.00431474037555e-10	0	-1.08567870434264e-09	-2.70947602075579e-07
0.864	137	54	1	-4.99617680560505e-10	0	-1.18776862023215e-09	-2.74074837491408e-07
0.8655	137	54	1	-5.02095920396073e-10	0	-8.81947443903865e-10	-2.64780718404992e-07
0.865	137	54	1	-5.01268138108912e-10	0	-9.8373743930607e-10	-2.67849649359035e-07
0.8665	137	54	1	-5.03787678240997e-10	0	-6.78830354833716e-10	-2.58728913505033e-07
0.866	137	54	1	-5.0293347264585e-10	0	-7.80311017258325e-10	-2.61740558155321e-07
0.8675	137	54	1	-5.05483210844204e-10	0	-4.7634536148132e-10	-2.52790164802207e-07
0.867	137	54	1	-5.04634556364181e-10	0	-5.77507662554318e-10	-2.55745527243224e-07
0.8685	137	54	1	-5.07235142777063e-10	0	-2.74511448509623e-10	-2.46962499124515e-07
0.868	137	54	1	-5.06360064989053e-10	0	-3.75346008143837e-10	-2.49862558311618e-07
0.8695	137	54	1	-5.08999731252402e-10	0	-7.33483543813674e-11	-2.41243948524004e-07
0.869	137	54	1	-5.08102671048505e-10	0	-1.73844727654954e-10	-2.44089698959102e-07
0.86	137	54	1	-4.93310281513004e-10	0	-2.00959208429956e-09	-3.00179260784843e-07
0.8705	137	54	1	-5.10818720655948e-10	0	1.27124082287358e-10	-2.35632659598598e-07
0.8715	137	54	1	-5.12628606230692e-10	0	3.26885630445453e-10	-2.30126739867533e-07
0.871	137	54	1	-5.1171422654761e-10	0	2.27094892710314e-10	-2.32866634768835e-07
0.8725	137	54	1	-5.14490006153778e-10	0	5.25915022221185e-10	-2.24724370009726e-07
0.872	137	54	1	-5.13564080151241e-10	0	4.26493131250982e-10	-2.27412721057941e-07
0.8735	137	54	1	-5.16387599347468e-10	0	7.24191047289569e-10	-2.19423788199331e-07
0.873	137	54	1	-5.15450349070079e-10	0	6.25148447178871e-10	-2.22061468365401e-07
0.8745	137	54	1	-5.18324716480834e-10	0	9.21691647895778e-10	-2.14223242945305e-07
0.874	137	54	1	-5.17358156315595e-10	0	8.23039418418714e-10	-2.16811113654226e-07
0.8755	137	54	1	-5.2028981123442e-10	0	1.11839408079399e-09	-2.09121026799244e-07
0.875	137	54	1	-5.19300380474874e-10	0	1.02014403970638e-09	-2.1165995337282e-07
0.8765	137	54	1	-5.22289544946375e-10	0	1.31427557391308e-09	-2.04115447968279e-07
0.876	137	54	1	-5.21271914522003e-10	0	1.21643930737128e-09	-2.06606261919307e-07
0.8775	137	54	1	-5.24326360107352e-10	0	1.50931348407714e-09	-1.99204910539734e-07
0.877	137	54	1	-5.23284526821044e-10	0	1.41190182651935e-09	-2.01648401924419e-07
0.8785	137	54	1	-5.26397148092883e-10	0	1.70348266562388e-09	-1.94387755669205e-07
0.878	137	54	1	-5.25349763691452e-10	0	1.60650842566807e-09	-1.9678475530929e-07
0.8795	137	54	1	-5.28501242769153e-10	0	1.89675931651226e-09	-1.89662442806771e-07
0.879	137	54	1	-5.27460075616659e-10	0	1.80023418355984e-09	-1.92013729760378e-07
0.87	137	54	1	-5.09900122125373e-10	0	2.69753435948164e-11	-2.38425011512765e-07
0.8805	137	54	1	-5.30638422091556e-10	0	2.0891177119601e-09	-1.85027431649587e-07
0.8815	137	54	1	-5.32859534274621e-10	0	2.28053219821085e-09	-1.80481185557421e-07
0.881	137	54	1	-5.31745758536317e-10	0	2.18494441716769e-09	-1.82743307147348e-07
0.8825	137	54	1	-5.35082422814526e-10	0	2.47097784027054e-09	-1.76022233261264e-07
0.882	137	54	1	-5.33952659864667e-10	0	2.37587822337048e-09	-1.78240882570278e-07
0.8835	137	54	1	-5.37357269791983e-10	0	2.66042706903879e-09	-1.71649120116111e-07
0.883	137	54	1	-5.36206412604656e-10	0	2.56582854258453e-09	-1.73825030862578e-07
0.8845	137	54	1	-5.39669642307672e-10	0	2.84885223126002e-09	-1.67360426475447e-07
0.884	137	54	1	-5.38504352221025e-10	0	2.75476913012088e-09	-1.69494314730267e-07
0.8855	137	54	1	-5.42025979655136e-10	0	3.03622587503584e-09	-1.63154725626111e-07
0.885	137	54	1	-5.40837818974182e-10	0	2.9426724678526e-09	-1.65247292532365e-07
0.8865	137	54	1	-5.44435607707783e-10	0	3.22252038248063e-09	-1.59030697900069e-07
0.886	137	54	1	-5.43236788885793e-10	0	3.12951002170897e-09	-1.61082597454507e-07
0.8875	137	54	1	-5.46890532859834e-10	0	3.40770574984179e-09	-1.54986965441881e-07
0.887	137	54	1	-5.4565907348092e-10	0	3.3152533718096e-09	-1.56998870989545e-07
0.8885	137	54	1	-5.49394307824969e-10	0	3.59175371890764e-09	-1.51022191008967e-07
0.888	137	54	1	-5.48127099264661e-10	0	3.49987382106538e-09	-1.52994785601217e-07
0.8895	137	54	1	-5.5195248371831e-10	0	3.77463300613864e-09	-1.47135113538152e-07
0.889	137	54	1	-5.50657519582387e-10	0	3.68334150165789e-09	-1.49069036887365e-07
0.88	137	54	1	-5.29576604790805e-10	0	1.99305478933134e-09	-1.87333745692786e-07
0.8905	137	54	1	-5.54548629239093e-10	0	3.95631312332316e-09	-1.43324445431072e-07
0.8915	137	54	1	-5.57221158103971e-10	0	4.13676286542563e-09	-1.39588928474712e-07
0.891	137	54	1	-5.55875567798125e-10	0	4.04669373369859e-09	-1.41447362780629e-07
0.8925	137	54	1	-5.59925661391958e-10	0	4.31595058429085e-09	-1.35927366775201e-07
0.892	137	54	1	-5.58558532759434e-10	0	4.22651694202603e-09	-1.37748976242296e-07
0.8935	137	54	1	-5.62683899474337e-10	0	4.49384351488559e-09	-1.32338529434331e-07
0.893	137	54	1	-5.61301671808678e-10	0	4.40506114913582e-09	-1.34123930692405e-07
0.8945	137	54	1	-5.65515190231736e-10	0	4.670409169995e-09	-1.28821274131776e-07
0.894	137	54	1	-5.64098989741524e-10	0	4.58229482918392e-09	-1.30571026299676e-07
0.8955	137	54	1	-5.68384450616577e-10	0	4.84561272340637e-09	-1.25374404800896e-07
0.895	137	54	1	-5.66940716595354e-10	0	4.75818347607197e-09	-1.27089103434984e-07
0.8965	137	54	1	-5.71335201371426e-10	0	5.01942034906296e-09	-1.21996804475736e-07
0.896	137	54	1	-5.69850389098292e-10	0	4.93269356775507e-09	-1.23677018230431e-07
0.8975	137	54	1	-5.74343239634345e-10	0	5.19179697135687e-09	-1.18687356553432e-07
0.897	137	54	1	-5.7283355836546e-10	0	5.1057896479081e-09	-1.2033363204183e-07
0.8985	137	54	1	-5.77428771464383e-10	0	5.36270644707785e-09	-1.15444969909757e-07
0.898	137	54	1	-5.75879122166612e-10	0	5.27743720693323e-09	-1.17057847696594e-07
0.8995	137	54	1	-5.8056381924132e-10	0	5.53211242340517e-09	-1.12268557536737e-07
0.899	137	54	1	-5.78974201914662e-10	0	5.44759953716442e-09	-1.13848574096966e-07
0.89	137	54	1	-5.5322657566137e-10	0	3.86562501095151e-09	-1.4522031240751e-07
0.8	137	54	1	-4.30698365860849e-10	0	-1.50549418467043e-08	-1.0632263400212e-06
0.9005	137	54	1	-5.83751269545019e-10	0	5.69997804403139e-09	-1.09157043812558e-07
0.9015	137	54	1	-5.87055293266303e-10	0	5.86626531445079e-09	-1.06109409936589e-07
0.901	137	54	1	-5.854050577625e-10	0	5.78332111892332e-09	-1.07625296284847e-07
0.9	137	54	1	-5.82161874262965e-10	0	5.61624015515163e-09	-1.1070474549133e-07
0.736268	137	54	1	-3.85569132177466e-10	0	-4.47887076625821e-08	-7.45733600600036e-06
0.7365	137	54	1	-3.84382969897956e-10	0	-4.73569813205603e-08	-8.09165756442428e-06
0.7375	137	54	1	-3.82842868518196e-10	0	-5.14173822007163e-08	-9.04649379502507e-06
0.737	137	54	1	-3.83450604601876e-10	0	-4.97030542233723e-08	-8.65076742108894e-06
0.7385	137	54	1	-3.81948916938768e-10	0	-5.42090111100242e-08	-9.66738310431813e-06
0.738	137	54	1	-3.82351483807497e-10	0	-5.28834041642031e-08	-9.3761880716874e-06
0.7395	137	54	1	-3.81279452454919e-10	0	-5.66120486068909e-08	-1.01786330166173e-05
0.739	137	54	1	-3.81597198284567e-10	0	-5.54429225292483e-08	-9.93255979066961e-06
0.7405	137	54	1	-3.80727449567075e-10	0	-5.88173062583025e-08	-1.06292747955991e-05
0.7415	137	54	1	-3.80256937049239e-10	0	-6.09049848319163e-08	-1.10399802065126e-05
0.741	137	54	1	-3.80489861839806e-10	0	-5.98726316106624e-08	-1.08387921462066e-05
0.7425	137	54	1	-3.79845044307103e-10	0	-6.29179085282213e-08	-1.14217701846069e-05
0.742	137	54	1	-3.80050435566659e-10	0	-6.19188886193411e-08	-1.1234002100523e-05
0.7435	137	54	1	-3.79466680300311e-10	0	-6.4882259004827e-08	-1.17813342064427e-05
0.743	137	54	1	-3.79657860705152e-10	0	-6.39049141055915e-08	-1.1604015438271e-05
0.7445	137	54	1	-3.79127840233195e-10	0	-6.68155361962392e-08	-1.21230868911619e-05
0.744	137	54	1	-3.79300812980432e-10	0	-6.58519107894187e-08	-1.19542201201002e-05
0.7455	137	54	1	-3.7883185477483e-10	0	-6.87302303713804e-08	-1.24501165128512e-05
0.745	137	54	1	-3.78955089530564e-10	0	-6.77745614321423e-08	-1.2288285558196e-05
0.7465	137	54	1	-3.78517439614257e-10	0	-7.06357252879363e-08	-1.27646791121892e-05
0.746	137	54	1	-3.78650444332607e-10	0	-6.96836299833855e-08	-1.26088391706804e-05
0.7475	137	54	1	-3.78250319954532e-10	0	-7.25393655823694e-08	-1.30684782724696e-05
0.747	137	54	1	-3.78390208055635e-10	0	-7.15873783156072e-08	-1.29178341174679e-05
0.7485	137	54	1	-3.78010511781213e-10	0	-7.44471096909586e-08	-1.33628340907127e-05
0.748	137	54	1	-3.78126641109588e-10	0	-7.34923947874074e-08	-1.32167657996756e-05
0.7495	137	54	1	-3.7776781702803e-10	0	-7.63639342760794e-08	-1.36487914980925e-05
0.749	137	54	1	-3.77871733903135e-10	0	-7.5404105660275e-08	-1.35068059019661e-05
0.74	137	54	1	-3.80996567628245e-10	0	-5.77331022458277e-08	-1.0409906816944e-05
0.7505	137	54	1	-3.77547548779944e-10	0	-7.82941144514319e-08	-1.39271914310896e-05
0.7515	137	54	1	-3.77331277334747e-10	0	-8.02414119297767e-08	-1.41987202690819e-05
0.751	137	54	1	-3.77420095176717e-10	0	-7.92654057236029e-08	-1.40637768736683e-05
0.7525	137	54	1	-3.77116116112575e-10	0	-8.22092038207601e-08	-1.44639448120713e-05
0.752	137	54	1	-3.77232467485555e-10	0	-8.12225471471778e-08	-1.43320891191506e-05
0.7535	137	54	1	-3.76925823886154e-10	0	-8.42005837238941e-08	-1.47233371619879e-05
0.753	137	54	1	-3.77016862174173e-10	0	-8.32017610541968e-08	-1.45943436660902e-05
0.7545	137	54	1	-3.76746411845374e-10	0	-8.62184347378755e-08	-1.49772938369305e-05
0.754	137	54	1	-3.76843445337727e-10	0	-8.52060270163896e-08	-1.48509727204815e-05
0.7555	137	54	1	-3.76575659544187e-10	0	-8.82654857272224e-08	-1.52261497336498e-05
0.755	137	54	1	-3.76648934263812e-10	0	-8.72381444487316e-08	-1.51023405466533e-05
0.7565	137	54	1	-3.76399134083272e-10	0	-9.03443519557461e-08	-1.54701889083608e-05
0.756	137	54	1	-3.76487951925242e-10	0	-8.93007814108959e-08	-1.53487553440772e-05
0.7575	137	54	1	-3.76240150146145e-10	0	-9.24575750883843e-08	-1.57096533382778e-05
0.757	137	54	1	-3.76321862560758e-10	0	-9.1396512724497e-08	-1.5590479341984e-05
0.7585	137	54	1	-3.76088715725587e-10	0	-9.4607647776519e-08	-1.59447492562875e-05
0.758	137	54	1	-3.76167097471125e-10	0	-9.35278505689145e-08	-1.58277356874386e-05
0.7595	137	54	1	-3.7593017587767e-10	0	-9.67970404497341e-08	-1.61756525705884e-05
0.759	137	54	1	-3.76006781266369e-10	0	-9.5697275630977e-08	-1.60607150718897e-05
0.75	137	54	1	-3.77652797922678e-10	0	-7.7327109023994e-08	-1.3788890095034e-05
0.7605	137	54	1	-3.75790287776567e-10	0	-9.90282237778723e-08	-1.64025134050633e-05
0.7615	137	54	1	-3.75651731943094e-10	0	-1.01303681951736e-07	-1.66254591487637e-05
0.761	137	54	1	-3.75712128075634e-10	0	-1.00160261802759e-07	-1.65144684853973e-05
0.7625	137	54	1	-3.75510511574362e-10	0	-1.0362593211585e-07	-1.6844597883602e-05
0.762	137	54	1	-3.75576458822025e-10	0	-1.02458799021653e-07	-1.67354983857965e-05
0.7635	137	54	1	-3.75385278417184e-10	0	-1.05997538802069e-07	-1.70600203223605e-05
0.763	137	54	1	-3.75434350274872e-10	0	-1.04805403268183e-07	-1.69527685453221e-05
0.7645	137	54	1	-3.75242725780822e-10	0	-1.08421125411624e-07	-1.72718020481877e-05
0.764	137	54	1	-3.753093391623e-10	0	-1.07202667562712e-07	-1.71663620933787e-05
0.7655	137	54	1	-3.75131481433755e-10	0	-1.10899387699867e-07	-1.74800052984996e-05
0.765	137	54	1	-3.75201425484306e-10	0	-1.09653250129313e-07	-1.73763475923773e-05
0.7665	137	54	1	-3.75028674781674e-10	0	-1.13435105689103e-07	-1.76846801446959e-05
0.766	137	54	1	-3.75075748237919e-10	0	-1.12159887814291e-07	-1.75827810659042e-05
0.7675	137	54	1	-3.74902553446077e-10	0	-1.16031158043708e-07	-1.78858659833594e-05
0.767	137	54	1	-3.74950959169951e-10	0	-1.14725406348153e-07	-1.77857071141151e-05
0.7685	137	54	1	-3.74785757983886e-10	0	-1.18690534809585e-07	-1.80835925749835e-05
0.768	137	54	1	-3.74846376161031e-10	0	-1.17352739285192e-07	-1.79851601921556e-05
0.7695	137	54	1	-3.74678066350498e-10	0	-1.21416348302713e-07	-1.82778808852531e-05
0.769	137	54	1	-3.74728692520421e-10	0	-1.2004493721091e-07	-1.81811655234755e-05
0.76	137	54	1	-3.75860009782514e-10	0	-9.79072537820075e-08	-1.62895798471107e-05
0.7705	137	54	1	-3.74581254902751e-10	0	-1.24211856037855e-07	-1.84687442047729e-05
0.7715	137	54	1	-3.74483777321188e-10	0	-1.27080466913555e-07	-1.86561886521466e-05
0.771	137	54	1	-3.74551722970295e-10	0	-1.25636804291963e-07	-1.85628936557439e-05
0.7725	137	54	1	-3.74392516988564e-10	0	-1.30025761016557e-07	-1.88402141051924e-05
0.772	137	54	1	-3.74427377991537e-10	0	-1.28543298051787e-07	-1.87486289783309e-05
0.7735	137	54	1	-3.74297481897656e-10	0	-1.33051504217433e-07	-1.90208148135652e-05
0.773	137	54	1	-3.74323905205642e-10	0	-1.31528333839261e-07	-1.89309431143103e-05
0.7745	137	54	1	-3.7419667364702e-10	0	-1.36161661598726e-07	-1.91979802523187e-05
0.774	137	54	1	-3.74241526657215e-10	0	-1.34595775463619e-07	-1.91098278323886e-05
0.7755	137	54	1	-3.74105191269791e-10	0	-1.39360410631569e-07	-1.93716955322424e-05
0.775	137	54	1	-3.74157149707344e-10	0	-1.37749691965628e-07	-1.92852702793441e-05
0.7765	137	54	1	-3.7401948205229e-10	0	-1.42652161759629e-07	-1.9541942103495e-05
0.776	137	54	1	-3.74066777553139e-10	0	-1.40994375824985e-07	-1.94572537084032e-05
0.7775	137	54	1	-3.73942876663591e-10	0	-1.46041568351056e-07	-1.97086986105485e-05
0.777	137	54	1	-3.73986397406156e-10	0	-1.44334356736167e-07	-1.96257580344839e-05
0.7785	137	54	1	-3.73854280866226e-10	0	-1.49533551267916e-07	-1.98719414813154e-05
0.778	137	54	1	-3.73886699378545e-10	0	-1.47774418900583e-07	-1.97907608236866e-05
0.7795	137	54	1	-3.73763242578207e-10	0	-1.53133314804097e-07	-2.00316457239027e-05
0.779	137	54	1	-3.73812758525105e-10	0	-1.51319623019588e-07	-1.99522375339806e-05
0.77	137	54	1	-3.74640096723056e-10	0	-1.22805181428744e-07	-1.83737401309013e-05
0.7805	137	54	1	-3.73687969457137e-10	0	-1.56846371904601e-07	-2.01877857283073e-05
0.7815	137	54	1	-3.73621134031055e-10	0	-1.60678572362048e-07	-2.03403362068398e-05
0.781	137	54	1	-3.73653108454164e-10	0	-1.58747199557964e-07	-2.02645112057838e-05
0.7825	137	54	1	-3.73558739497071e-10	0	-1.6463612992717e-07	-2.0489273234871e-05
0.782	137	54	1	-3.73596487079908e-10	0	-1.62641278270808e-07	-2.04152578094691e-05
0.7835	137	54	1	-3.73484354554421e-10	0	-1.68725659171314e-07	-2.06345754930327e-05
0.783	137	54	1	-3.73524544627912e-10	0	-1.6666396819401e-07	-2.05623799084204e-05
0.7845	137	54	1	-3.73422848198857e-10	0	-1.72954211009201e-07	-2.07762253406614e-05
0.784	137	54	1	-3.73450159685262e-10	0	-1.70822098220773e-07	-2.07058578719734e-05
0.7855	137	54	1	-3.73358455263428e-10	0	-1.77329315285789e-07	-2.09142107208824e-05
0.785	137	54	1	-3.73380437679316e-10	0	-1.75122953380101e-07	-2.08456766058889e-05
0.7865	137	54	1	-3.73292285971161e-10	0	-1.81859026536362e-07	-2.10485266011854e-05
0.786	137	54	1	-3.73303832290617e-10	0	-1.7957431991703e-07	-2.09818273439384e-05
0.7875	137	54	1	-3.73252095897669e-10	0	-1.86551969217665e-07	-2.1179177208472e-05
0.787	137	54	1	-3.73270081510668e-10	0	-1.84184530799771e-07	-2.11143093730788e-05
0.7885	137	54	1	-3.73174158241341e-10	0	-1.91417395438358e-07	-2.1306178338529e-05
0.788	137	54	1	-3.73197694969463e-10	0	-1.88962517930736e-07	-2.12431324789506e-05
0.7895	137	54	1	-3.73111319618147e-10	0	-1.96465235753372e-07	-2.14295600879228e-05
0.789	137	54	1	-3.73149733334799e-10	0	-1.93917864404111e-07	-2.13683191524452e-05
0.78	137	54	1	-3.73732822467332e-10	0	-1.5497532386261e-07	-2.01101628574047e-05
0.7905	137	54	1	-3.73060915492829e-10	0	-2.01706165903555e-07	-2.15493702097891e-05
0.7915	137	54	1	-3.73006736609227e-10	0	-2.07151664577088e-07	-2.16656777671505e-05
0.791	137	54	1	-3.73030717426559e-10	0	-2.04402592937032e-07	-2.16079565355342e-05
0.7925	137	54	1	-3.72944786164453e-10	0	-2.12814088712393e-07	-2.17785775889289e-05
0.792	137	54	1	-3.72997632780425e-10	0	-2.09954952437844e-07	-2.17225465658546e-05
0.7935	137	54	1	-3.72913033785949e-10	0	-2.18706744266493e-07	-2.18881955747916e-05
0.793	137	54	1	-3.72932573711182e-10	0	-2.15730766537631e-07	-2.18337875860781e-05
0.7945	137	54	1	-3.72847530627496e-10	0	-2.24843970170833e-07	-2.19946950419213e-05
0.794	137	54	1	-3.72901043377283e-10	0	-2.21743847434168e-07	-2.19418232801539e-05
0.7955	137	54	1	-3.72805564197165e-10	0	-2.31241226149969e-07	-2.20982836239083e-05
0.795	137	54	1	-3.72830655237522e-10	0	-2.28009081867402e-07	-2.20468382014563e-05
0.7965	137	54	1	-3.72783581781277e-10	0	-2.37915195729297e-07	-2.21992226128972e-05
0.796	137	54	1	-3.72793573788499e-10	0	-2.34542528240816e-07	-2.21490656463131e-05
0.7975	137	54	1	-3.72737174458848e-10	0	-2.44883907059276e-07	-2.22978372153469e-05
0.797	137	54	1	-3.72755604161057e-10	0	-2.41361526015178e-07	-2.2248797305687e-05
0.7985	137	54	1	-3.72699204831406e-10	0	-2.52166887770453e-07	-2.23945295662901e-05
0.798	137	54	1	-3.72705200035739e-10	0	-2.48484829746778e-07	-2.23463951126232e-05
0.7995	137	54	1	-3.72672115389605e-10	0	-2.59785371865111e-07	-2.24897941197254e-05
0.799	137	54	1	-3.72665454051457e-10	0	-2.55932790652906e-07	-2.24423052645541e-05
0.79	137	54	1	-3.73086450622395e-10	0	-1.99060867213665e-07	-2.14899078259208e-05
0.8005	137	54	1	-3.72610164944831e-10	0	-2.67762602522869e-07	-2.25842371577278e-05
0.8015	137	54	1	-3.72588182528943e-10	0	-2.76124298132973e-07	-2.26786003765714e-05
0.801	137	54	1	-3.72609498811016e-10	0	-2.71893671640471e-07	-2.2631376304287e-05
0.8025	137	54	1	-3.72545105875588e-10	0	-2.84899368106993e-07	-2.27737900789952e-05
0.802	137	54	1	-3.7258218732461e-10	0	-2.80458202159118e-07	-2.27260278860942e-05
0.8035	137	54	1	-3.72526676173379e-10	0	-2.94121054499597e-07	-2.28709133212583e-05
0.803	137	54	1	-3.72558206507279e-10	0	-2.89452094609376e-07	-2.28220318236231e-05
0.8045	137	54	1	-3.72490038813567e-10	0	-3.0382869074988e-07	-2.29713218619886e-05
0.804	137	54	1	-3.72517350299972e-10	0	-2.98911366921166e-07	-2.29206115642709e-05
0.8055	137	54	1	-3.72491815170406e-10	0	-3.14070355668356e-07	-2.30766631001975e-05
0.805	137	54	1	-3.724960340179e-10	0	-3.08879328433375e-07	-2.30232597938606e-05
0.8065	137	54	1	-3.72470276843728e-10	0	-3.24906664218748e-07	-2.31889376549811e-05
0.806	137	54	1	-3.72468500486889e-10	0	-3.19409771608146e-07	-2.31317932436357e-05
0.8075	137	54	1	-3.72440744911273e-10	0	-3.36415812350419e-07	-2.33105555361529e-05
0.807	137	54	1	-3.72458286435062e-10	0	-3.30571399734684e-07	-2.32484106278599e-05
0.8085	137	54	1	-3.72421871119855e-10	0	-3.48699471599487e-07	-2.34443795115511e-05
0.808	137	54	1	-3.72438968554434e-10	0	-3.42453396500419e-07	-2.33757445968632e-05
0.8095	137	54	1	-3.72412101157238e-10	0	-3.61888063586989e-07	-2.35937308990075e-05
0.809	137	54	1	-3.72420538852225e-10	0	-3.55171294262014e-07	-2.35168899366749e-05
0.8105	137	54	1	-3.72408326398954e-10	0	-3.76141829804763e-07	-2.37623241404898e-05
0.8115	137	54	1	-3.72405217774485e-10	0	-3.91640788655049e-07	-2.39540903094589e-05
0.811	137	54	1	-3.72407660265139e-10	0	-3.83724308705566e-07	-2.38550641041509e-05
0.8125	137	54	1	-3.72399000525547e-10	0	-4.08552253338132e-07	-2.41728691318633e-05
0.812	137	54	1	-3.72399222570152e-10	0	-3.99911582290187e-07	-2.40598772916581e-05
0.8135	137	54	1	-3.72405217774485e-10	0	-4.26961048973494e-07	-2.44220336297659e-05
0.813	137	54	1	-3.72399222570152e-10	0	-4.17570314853247e-07	-2.42934690328606e-05
0.8145	137	54	1	-3.72392561232004e-10	0	-4.46750050027776e-07	-2.47043111062655e-05
0.814	137	54	1	-3.72408548443559e-10	0	-4.36702524590404e-07	-2.45588799519962e-05
0.8155	137	54	1	-3.72417430227756e-10	0	-4.674382363936e-07	-2.50224484450666e-05
0.815	137	54	1	-3.72415431826312e-10	0	-4.57030611841854e-07	-2.48586720606559e-05
0.8165	137	54	1	-3.72425201788928e-10	0	-4.88036870488301e-07	-2.53818928089008e-05
0.816	137	54	1	-3.72413211380263e-10	0	-4.77831732675298e-07	-2.5196421399335e-05
0.8175	137	54	1	-3.72417208183151e-10	0	-5.07086051067751e-07	-2.57970258717887e-05
0.817	137	54	1	-3.72424979744324e-10	0	-4.97855684818581e-07	-2.55809868841279e-05
0.8185	137	54	1	-3.72429198591817e-10	0	-5.2316665443622e-07	-2.6301764651058e-05
0.818	137	54	1	-3.72445629892582e-10	0	-5.15554758530731e-07	-2.60349553376132e-05
0.8195	137	54	1	-3.72476716137271e-10	0	-5.36238802959188e-07	-2.6961851248839e-05
0.819	137	54	1	-3.72442299223508e-10	0	-5.29970525310534e-07	-2.66068042708793e-05
0.81	137	54	1	-3.72423203387484e-10	0	-3.68870775306524e-07	-2.36753786794914e-05
0.8205	137	54	1	-3.72504915802097e-10	0	-5.49873857420907e-07	-2.78781609623409e-05
0.8215	137	54	1	-3.72538666582045e-10	0	-5.73426645776844e-07	-2.91591032508977e-05
0.821	137	54	1	-3.72525565950355e-10	0	-5.59581565991585e-07	-2.84678320344659e-05
0.8225	137	54	1	-3.72573527585018e-10	0	-6.21205994257584e-07	-3.08361216600619e-05
0.822	137	54	1	-3.72559538774908e-10	0	-5.93363956640239e-07	-2.99527770199146e-05
0.8235	137	54	1	-3.72617714461398e-10	0	-7.03575170699597e-07	-3.27287508666738e-05
0.823	137	54	1	-3.72593955688671e-10	0	-6.58062390986899e-07	-3.17783595407289e-05
0.8245	137	54	1	-3.72655017955026e-10	0	-8.06839225693548e-07	-3.43848637816163e-05
0.824	137	54	1	-3.72639474832681e-10	0	-7.550612764616e-07	-3.36205620195297e-05
0.8255	137	54	1	-3.72749164867514e-10	0	-8.74667594014479e-07	-3.54140043430357e-05
0.825	137	54	1	-3.72701869366665e-10	0	-8.50210778865364e-07	-3.49769817718423e-05
0.8265	137	54	1	-3.72805564197165e-10	0	-8.3400712206795e-07	-3.64184104926671e-05
0.826	137	54	1	-3.72752495536588e-10	0	-8.70701353631653e-07	-3.58138701612934e-05
0.8275	137	54	1	-3.72874398024692e-10	0	-6.97798215752549e-07	-3.96967129466277e-05
0.827	137	54	1	-3.7281933096267e-10	0	-7.70092453043973e-07	-3.75800184501048e-05
0.8285	137	54	1	-3.72964104045082e-10	0	-6.70676891615146e-07	-4.78001677114421e-05
0.82875	137	54	1	-3.70586894504754e-10	0	-6.28286546534585e-07	-0.000137619062357399
0.828	137	54	1	-3.72914366053578e-10	0	-6.50156021665749e-07	-4.30873704798288e-05
0.82925	137	54	1	-3.73041375567595e-10	0	-9.14701745202066e-07	-5.60890236433535e-05
0.8295	137	54	1	-3.73051145530212e-10	0	-1.05643927472456e-06	-5.8501027263758e-05
0.82975	137	54	1	-3.73077124748988e-10	0	-1.217038915774e-06	-6.0334055462795e-05
0.829	137	54	1	-3.70606434429988e-10	0	-7.23670281104319e-07	-0.000142976718425012
0.82	137	54	1	-3.72487818367517e-10	0	-5.42552403636465e-07	-2.7380718298412e-05
0.83025	137	54	1	-3.73135300435479e-10	0	-1.52517349304739e-06	-6.14158747758394e-05
0.8305	137	54	1	-3.73180153445674e-10	0	-1.62770318808647e-06	-6.0534023109303e-05
0.83075	137	54	1	-3.73202135861561e-10	0	-1.66735601773571e-06	-5.89190056233524e-05
0.83125	137	54	1	-3.73272968090532e-10	0	-1.51643532876589e-06	-5.5197393598945e-05
0.8315	137	54	1	-3.7330893931653e-10	0	-1.33154553512129e-06	-5.41867318619955e-05
0.83175	137	54	1	-3.7332292812664e-10	0	-1.09411739897087e-06	-5.44960668892583e-05
0.831	137	54	1	-3.73235220507695e-10	0	-1.63111593506412e-06	-5.6966120961344e-05
0.83225	137	54	1	-3.7339820124771e-10	0	-5.70312183576855e-07	-6.10277642722064e-05
0.8325	137	54	1	-3.73426845001745e-10	0	-3.55626822069658e-07	-6.80004482521024e-05
0.83275	137	54	1	-3.73473696413384e-10	0	-2.33610905201177e-07	-7.77098872480859e-05
0.832	137	54	1	-3.73355346638959e-10	0	-8.29607870358298e-07	-5.66335606320586e-05
0.83325	137	54	1	-2.27631247184945e-11	0	-1.42323604163801e-07	1.11280870164083e-05
0.8335	137	54	1	-2.27864394020116e-11	0	-1.4612264488227e-07	1.17739888763212e-05
0.83375	137	54	1	-2.27950991416037e-11	0	-1.49889226634476e-07	1.24483948889915e-05
0.833	137	54	1	-3.73502562212025e-10	0	-2.6327629297275e-07	-9.00125148921865e-05
0.834125	137	54	1	-2.27917684725298e-11	0	-1.55330016846322e-07	1.35115658083673e-05
0.83425	137	54	1	-2.2809087951714e-11	0	-1.57206761851526e-07	1.38788625855471e-05
0.834375	137	54	1	-2.27813323760984e-11	0	-1.59215853001988e-07	1.42526453387337e-05
0.8345	137	54	1	-2.28019825243564e-11	0	-1.61417071485536e-07	1.46334057857898e-05
0.834625	137	54	1	-2.28095320409238e-11	0	-1.63843181329253e-07	1.50220064821109e-05
0.83475	137	54	1	-2.27917684725298e-11	0	-1.66481699421816e-07	1.54195795113839e-05
0.834875	137	54	1	-2.28042029704056e-11	0	-1.69265673239087e-07	1.58272973876197e-05
0.834	137	54	1	-2.27953211862086e-11	0	-1.53519087491826e-07	1.31506188550578e-05
0.835125	137	54	1	-2.2797097543048e-11	0	-1.74787079051069e-07	1.66761014324485e-05
0.83525	137	54	1	-2.27955432308136e-11	0	-1.77268893362754e-07	1.71168696650209e-05
0.835375	137	54	1	-2.28261853862932e-11	0	-1.79477029116099e-07	1.75669248754776e-05
0.8355	137	54	1	-2.2814861111442e-11	0	-1.81473189044079e-07	1.80243328593666e-05
0.835625	137	54	1	-2.28110863531583e-11	0	-1.83441650011369e-07	1.84873166233414e-05
0.83575	137	54	1	-2.28459473561315e-11	0	-1.85657921372268e-07	1.89551030341464e-05
0.835875	137	54	1	-2.28079777286894e-11	0	-1.88409771102915e-07	1.94286750084272e-05
0.835	137	54	1	-2.27993179890973e-11	0	-1.72080031526337e-07	1.62460489868432e-05
0.836125	137	54	1	-2.28084218178992e-11	0	-1.96061153280285e-07	2.04069015529798e-05
0.83625	137	54	1	-2.2847501668366e-11	0	-2.0064639282335e-07	2.09209885692562e-05
0.836375	137	54	1	-2.28224106280095e-11	0	-2.05120830261624e-07	2.14563490426773e-05
0.8365	137	54	1	-2.28201901819602e-11	0	-2.08898885927684e-07	2.20122605535558e-05
0.836625	137	54	1	-2.28250751632686e-11	0	-2.11582925795831e-07	2.25833859875501e-05
0.83675	137	54	1	-2.28348451258853e-11	0	-2.13217771801787e-07	2.31608566755554e-05
0.836875	137	54	1	-2.28423946424527e-11	0	-2.14418500148102e-07	2.37355617712807e-05
0.836	137	54	1	-2.28335128582557e-11	0	-1.91885027283475e-07	1.99110699939715e-05
0.837125	137	54	1	-2.2823742895639e-11	0	-2.19877621998114e-07	2.48667362564201e-05
0.83725	137	54	1	-2.28441709992921e-11	0	-2.25909384469013e-07	2.5441209479432e-05
0.837375	137	54	1	-2.28419505532429e-11	0	-2.33947512953783e-07	2.60463552673163e-05
0.8375	137	54	1	-2.28550511849335e-11	0	-2.42400641092509e-07	2.66992090881386e-05
0.837625	137	54	1	-2.28725927087226e-11	0	-2.49000710266575e-07	2.74023985301319e-05
0.83775	137	54	1	-2.28641550137354e-11	0	-2.51939631136297e-07	2.81370873647428e-05
0.837875	137	54	1	-2.285038824823e-11	0	-2.51150732526753e-07	2.8866904334087e-05
0.837	137	54	1	-2.2811974531578e-11	0	-2.16258067059236e-07	2.43028455243462e-05
0.838125	137	54	1	-2.28528307388842e-11	0	-2.49447561739274e-07	3.01870137396343e-05
0.838187	137	54	1	-2.28792540468703e-11	0	-2.51954899711847e-07	3.04869199192543e-05
0.83825	137	54	1	-2.28557173187482e-11	0	-2.56456088156451e-07	3.07919977469916e-05
0.838313	137	54	1	-2.28723706641176e-11	0	-2.62911082818234e-07	3.11074959154702e-05
0.838375	137	54	1	-2.2859270032427e-11	0	-2.70829389494965e-07	3.14386915466301e-05
0.838437	137	54	1	-2.28586038986123e-11	0	-2.79637161605729e-07	3.17997105373334e-05
0.838562	137	54	1	-2.28905783217215e-11	0	-2.96193935332498e-07	3.26381383026633e-05
0.8385	137	54	1	-2.28523866496744e-11	0	-2.88545157528579e-07	3.22034009424935e-05
0.838625	137	54	1	-2.28812524483146e-11	0	-3.01777576773826e-07	3.31127783073986e-05
0.838688	137	54	1	-2.29090080239303e-11	0	-3.04360441197061e-07	3.36087542037677e-05
0.83875	137	54	1	-2.28657093259699e-11	0	-3.03649926583224e-07	3.41008968120259e-05
0.838812	137	54	1	-2.28730367979324e-11	0	-2.99972284718017e-07	3.45776764927731e-05
0.838875	137	54	1	-2.28663754597846e-11	0	-2.94092734098176e-07	3.50270661291542e-05
0.838938	137	54	1	-2.28970176152643e-11	0	-2.87530892976126e-07	3.54258343402439e-05
0.838	137	54	1	-2.28377317057493e-11	0	-2.4895771836315e-07	2.95547907216137e-05
0.839063	137	54	1	-2.29143370944485e-11	0	-2.79971883336244e-07	3.60496689022267e-05
0.839125	137	54	1	-2.28843610727836e-11	0	-2.82497418366822e-07	3.62965267648413e-05
0.839187	137	54	1	-2.2906787577881e-11	0	-2.90735899632936e-07	3.65353420583013e-05
0.83925	137	54	1	-2.28936869461904e-11	0	-3.04923042002082e-07	3.68077426715487e-05
0.839313	137	54	1	-2.28983498828939e-11	0	-3.23574565741621e-07	3.71510980978245e-05
0.839375	137	54	1	-2.29058993994613e-11	0	-3.43591692232239e-07	3.75909332691387e-05
0.839437	137	54	1	-2.28881358310673e-11	0	-3.61673765729657e-07	3.81460481777758e-05
0.839562	137	54	1	-2.29298802167932e-11	0	-3.7809503036498e-07	3.95386004847796e-05
0.8395	137	54	1	-2.29158914066829e-11	0	-3.74263889498165e-07	3.88157938111771e-05
0.839625	137	54	1	-2.28874696972525e-11	0	-3.72159261061291e-07	4.02743925081181e-05
0.839688	137	54	1	-2.29385399563853e-11	0	-3.5748659192116e-07	4.09385202445326e-05
0.83975	137	54	1	-2.29238850124602e-11	0	-3.3787747600096e-07	4.14577528563007e-05
0.839812	137	54	1	-2.29123386930041e-11	0	-3.18188726343642e-07	4.18019250012514e-05
0.839875	137	54	1	-2.29167795851026e-11	0	-3.04244697757975e-07	4.19650847746763e-05
0.839938	137	54	1	-2.29327667966572e-11	0	-3.02489581189876e-07	4.19795176051578e-05
0.839	137	54	1	-2.28936869461904e-11	0	-2.82228568586426e-07	3.57618011714322e-05
0.83	137	54	1	-3.73123532071418e-10	0	-1.38043817384975e-06	-6.13538115014799e-05
0.840063	137	54	1	-2.29227747894356e-11	0	-3.48909071549851e-07	4.19760403898034e-05
0.840125	137	54	1	-2.29152252728682e-11	0	-3.92808805930336e-07	4.22443491062325e-05
0.840187	137	54	1	-2.29278818153489e-11	0	-4.38989421193361e-07	4.28558074483887e-05
0.84025	137	54	1	-2.29232188786455e-11	0	-4.74677464163557e-07	4.38431925646621e-05
0.840313	137	54	1	-2.29194441203617e-11	0	-4.87219836137225e-07	4.50791575285872e-05
0.840375	137	54	1	-2.29432028930887e-11	0	-4.72099992643333e-07	4.63206175109767e-05
0.840437	137	54	1	-2.29531949003103e-11	0	-4.33215944564292e-07	4.73449917270615e-05
0.840562	137	54	1	-2.29385399563853e-11	0	-3.30111673361537e-07	4.80203105809484e-05
0.8405	137	54	1	-2.29603003276679e-11	0	-3.80171484507226e-07	4.79570675182184e-05
0.840625	137	54	1	-2.29283259045587e-11	0	-2.99854075647465e-07	4.75412885101036e-05
0.840688	137	54	1	-2.29378738225705e-11	0	-3.08638756103233e-07	4.6690810516901e-05
0.840719	137	54	1	-2.29332108858671e-11	0	-3.3145667693701e-07	4.62496337711714e-05
0.84075	137	54	1	-2.29500862758414e-11	0	-3.6700478836283e-07	4.58828778582786e-05
0.840781	137	54	1	-2.29385399563853e-11	0	-4.13865723492143e-07	4.56704997918254e-05
0.840812	137	54	1	-2.29380958671754e-11	0	-4.68691044210595e-07	4.56914683697067e-05
0.840844	137	54	1	-2.29507524096562e-11	0	-5.28008229606108e-07	4.60222478675461e-05
0.840875	137	54	1	-2.29480878743971e-11	0	-5.8129749302856e-07	4.66661533955738e-05
0.840906	137	54	1	-2.29476437851872e-11	0	-6.23726917466097e-07	4.76020403507632e-05
0.840938	137	54	1	-2.29405383578296e-11	0	-6.50543659646805e-07	4.87966679137891e-05
0.840969	137	54	1	-2.29327667966572e-11	0	-6.5707174947907e-07	5.00686690804064e-05
0.841031	137	54	1	-2.29505303650512e-11	0	-6.13184326902438e-07	5.25006035088776e-05
0.841063	137	54	1	-2.29434249376936e-11	0	-5.65946081011205e-07	5.34907576490965e-05
0.841094	137	54	1	-2.29627428183221e-11	0	-5.0947637591833e-07	5.41743430550782e-05
0.841125	137	54	1	-2.29414265362493e-11	0	-4.47159034047402e-07	5.45333499600025e-05
0.841156	137	54	1	-2.29400942686198e-11	0	-3.84042799078426e-07	5.45318374837329e-05
0.841187	137	54	1	-2.29758434500127e-11	0	-3.2557778735854e-07	5.41499939660677e-05
0.841219	137	54	1	-2.2971846647124e-11	0	-2.76417937039421e-07	5.33550712478081e-05
0.84125	137	54	1	-2.29791741190866e-11	0	-2.46415739948088e-07	5.22195608388748e-05
0.841281	137	54	1	-2.29729568701487e-11	0	-2.41160021225518e-07	5.07835652117775e-05
0.841313	137	54	1	-2.29758434500127e-11	0	-2.69945785797147e-07	4.91111647697723e-05
0.841344	137	54	1	-2.29920527061722e-11	0	-3.38099048831754e-07	4.75249681784989e-05
0.841375	137	54	1	-2.29753993608028e-11	0	-4.48327944984029e-07	4.63186586626589e-05
0.841406	137	54	1	-2.29636309967418e-11	0	-5.9149938018423e-07	4.59440656952359e-05
0.841437	137	54	1	-2.29651853089763e-11	0	-7.41045221037895e-07	4.67745674049017e-05
0.841469	137	54	1	-2.29818386543457e-11	0	-8.63495665047879e-07	4.88842078210967e-05
0.841531	137	54	1	-2.30027108472086e-11	0	-9.25743314607723e-07	5.46673740860886e-05
0.841562	137	54	1	-2.29796182082964e-11	0	-8.7448585067725e-07	5.73818485041376e-05
0.841594	137	54	1	-2.29958274644559e-11	0	-7.80951102242881e-07	5.96170911890482e-05
0.8415	137	54	1	-2.30004904011594e-11	0	-9.25052414380401e-07	5.16881993200019e-05
0.841625	137	54	1	-2.29869456802589e-11	0	-6.64120468193658e-07	6.10719896248421e-05
0.841656	137	54	1	-2.29762875392225e-11	0	-5.33117673901133e-07	6.17329034114131e-05
0.841688	137	54	1	-2.29856134126294e-11	0	-3.94313524315099e-07	6.15145959471757e-05
0.841719	137	54	1	-2.29960495090609e-11	0	-2.67459669860475e-07	6.03762536380702e-05
0.84175	137	54	1	-2.29856134126294e-11	0	-1.60591370892558e-07	5.827463480714e-05
0.841781	137	54	1	-2.29982699551101e-11	0	-8.99789661812815e-08	5.51643897535427e-05
0.841812	137	54	1	-2.30129248990352e-11	0	-8.01712514826747e-08	5.10357377945085e-05
0.841844	137	54	1	-2.30115926314056e-11	0	-1.78668821984983e-07	4.58829522123553e-05
0.841875	137	54	1	-2.29998242673446e-11	0	-4.56507860611944e-07	4.1067894178579e-05
0.841906	137	54	1	-2.30171437465287e-11	0	-9.48454429183935e-07	4.05876156828051e-05
0.841938	137	54	1	-2.30011565349741e-11	0	-1.32146523809841e-06	4.76907283487808e-05
0.841953	137	54	1	-2.30091501407514e-11	0	-1.37948564502045e-06	5.17491615827358e-05
0.841969	137	54	1	-2.3037127760972e-11	0	-1.38246361128708e-06	5.57947227410002e-05
0.841984	137	54	1	-2.30444552329345e-11	0	-1.34636185152179e-06	5.91701885343064e-05
0.841	137	54	1	-2.29321006628425e-11	0	-6.44053139113169e-07	5.13387866522684e-05
0.842016	137	54	1	-2.3025359396911e-11	0	-1.18961448480957e-06	6.48827162153317e-05
0.842031	137	54	1	-2.30275798429602e-11	0	-1.09207892509881e-06	6.68721823327852e-05
0.842047	137	54	1	-2.30158114788992e-11	0	-9.7733403546288e-07	6.8527873919085e-05
0.842063	137	54	1	-2.3025359396911e-11	0	-8.54852007340805e-07	6.9714079439783e-05
0.842078	137	54	1	-2.3010482408381e-11	0	-7.35409655995004e-07	7.04069616039392e-05
0.842094	137	54	1	-2.30169217019238e-11	0	-6.05249229937473e-07	7.07018559256424e-05
0.842109	137	54	1	-2.30475638574035e-11	0	-4.82424005618069e-07	7.05598647182817e-05
0.842125	137	54	1	-2.3025137352306e-11	0	-3.52415009098474e-07	6.99540567131107e-05
0.842141	137	54	1	-2.30349073149227e-11	0	-2.25406238535776e-07	6.88639367364059e-05
0.842156	137	54	1	-2.30386820732065e-11	0	-1.11018625013365e-07	6.73804799036658e-05
0.842172	137	54	1	-2.30249153077011e-11	0	3.5281248535939e-09	6.52719524346102e-05
0.842187	137	54	1	-2.30291341551947e-11	0	1.01037741337654e-07	6.27571437022203e-05
0.842203	137	54	1	-2.30433450099099e-11	0	1.90208877510815e-07	5.9429756119489e-05
0.842219	137	54	1	-2.3037127760972e-11	0	2.57362545241783e-07	5.532539153274e-05
0.842234	137	54	1	-2.30351293595277e-11	0	2.90126013570496e-07	5.06089549950889e-05
0.84225	137	54	1	-2.30233609954666e-11	0	2.71103787790195e-07	4.43321456944969e-05
0.842266	137	54	1	-2.30422347868853e-11	0	1.3411811852329e-07	3.59842766994288e-05
0.842273	137	54	1	-2.30306884674292e-11	0	-2.29070783408321e-08	3.10569958056002e-05
0.842277	137	54	1	-2.30497843034527e-11	0	-1.98924005303122e-07	2.73925524991701e-05
0.842279	137	54	1	-2.30486740804281e-11	0	-3.70307781827403e-07	2.49231707723853e-05
0.842281	137	54	1	-2.30429009207e-11	0	-2.01374842837537e-06	3.75637744943802e-05
0.842282	137	54	1	-2.30515606602921e-11	0	-2.04314210522225e-06	3.90789206239607e-05
0.842283	137	54	1	-2.30466756789838e-11	0	-2.06597490880952e-06	4.04460202005304e-05
0.842284	137	54	1	-2.30184760141583e-11	0	-2.08406831681909e-06	4.17019350087881e-05
0.842285	137	54	1	-2.30302443782193e-11	0	-2.09854717429773e-06	4.2869996720655e-05
0.842286	137	54	1	-2.30289121105898e-11	0	-2.11016159305718e-06	4.39661187419449e-05
0.842287	137	54	1	-2.30468977235887e-11	0	-2.11944016957537e-06	4.50017512334157e-05
0.842288	137	54	1	-2.30384600286015e-11	0	-2.12677125212901e-06	4.59854716482884e-05
0.842289	137	54	1	-2.30413466084656e-11	0	-2.13244961608008e-06	4.69239110417971e-05
0.84228	137	54	1	-2.30575558646251e-11	0	-1.974483981851e-06	3.58354147959326e-05
0.842291	137	54	1	-2.30531149725266e-11	0	-2.13972024810506e-06	4.86849748834463e-05
0.842292	137	54	1	-2.30386820732065e-11	0	-2.14164377163903e-06	4.95153606717589e-05
0.842293	137	54	1	-2.30515606602921e-11	0	-2.14259769548178e-06	5.03164144248992e-05
0.842294	137	54	1	-2.30380159393917e-11	0	-2.14268395645013e-06	5.1090616596495e-05
0.842295	137	54	1	-2.30622188013285e-11	0	-2.14198861433154e-06	5.18400902971803e-05
0.842296	137	54	1	-2.30693242286861e-11	0	-2.14058506167177e-06	5.25666702696058e-05
0.842297	137	54	1	-2.30657715150073e-11	0	-2.13853645897937e-06	5.32719555390057e-05
0.842298	137	54	1	-2.30753194330191e-11	0	-2.13589759456431e-06	5.39573504905858e-05
0.842299	137	54	1	-2.30626628905384e-11	0	-2.13271634203803e-06	5.46240967860731e-05
0.84229	137	54	1	-2.30389041178114e-11	0	-2.13670497329594e-06	4.78223268193817e-05
0.842301	137	54	1	-2.30382379839966e-11	0	-2.12489022713655e-06	5.59059453907861e-05
0.842302	137	54	1	-2.30362395825523e-11	0	-2.12031573937469e-06	5.65229241696876e-05
0.842303	137	54	1	-2.30564456416005e-11	0	-2.11534095230878e-06	5.71250378163344e-05
0.842304	137	54	1	-2.30542251955512e-11	0	-2.10999245298198e-06	5.7713014063063e-05
0.842305	137	54	1	-2.30435670545148e-11	0	-2.1042942133573e-06	5.82875155835527e-05
0.842306	137	54	1	-2.30566676862054e-11	0	-2.09826793209052e-06	5.88491479708269e-05
0.842307	137	54	1	-2.30540031509463e-11	0	-2.09193331821381e-06	5.93984663461208e-05
0.842308	137	54	1	-2.30191421479731e-11	0	-2.08530833527706e-06	5.99359813336309e-05
0.842309	137	54	1	-2.3025137352306e-11	0	-2.07840940679233e-06	6.04621638053397e-05
0.842311	137	54	1	-2.30468977235887e-11	0	-2.06384873404377e-06	6.14822415448836e-05
0.842312	137	54	1	-2.30429009207e-11	0	-2.05621359763318e-06	6.19769156318691e-05
0.842313	137	54	1	-2.30626628905384e-11	0	-2.04835797327889e-06	6.24618209675699e-05
0.842314	137	54	1	-2.30362395825523e-11	0	-2.04029278438153e-06	6.29372835976435e-05
0.842315	137	54	1	-2.30422347868853e-11	0	-2.03202816487912e-06	6.34036083545151e-05
0.842316	137	54	1	-2.30502283926626e-11	0	-2.02357354189223e-06	6.38610808393063e-05
0.842317	137	54	1	-2.30384600286015e-11	0	-2.01493769843454e-06	6.43099689412411e-05
0.842318	137	54	1	-2.30613306229088e-11	0	-2.00612883386919e-06	6.47505245175884e-05
0.842319	137	54	1	-2.30595542660694e-11	0	-1.99715461673518e-06	6.5182984693116e-05
0.84231	137	54	1	-2.30508945264774e-11	0	-2.07125159162505e-06	6.09774493356327e-05
0.842321	137	54	1	-2.30446772775394e-11	0	-1.97873840168627e-06	6.60245001886823e-05
0.842322	137	54	1	-2.30515606602921e-11	0	-1.96930947317837e-06	6.64339659382332e-05
0.842323	137	54	1	-2.30422347868853e-11	0	-1.9597413983523e-06	6.6836158939961e-05
0.842324	137	54	1	-2.30429009207e-11	0	-1.95003978746201e-06	6.72312580662503e-05
0.842325	137	54	1	-2.30777619236733e-11	0	-1.94020993804139e-06	6.76194330444651e-05
0.842326	137	54	1	-2.30619967567236e-11	0	-1.93025685125614e-06	6.80008450381619e-05
0.842327	137	54	1	-2.30651053811926e-11	0	-1.92018525863714e-06	6.83756472519086e-05
0.842328	137	54	1	-2.30466756789838e-11	0	-1.90999963970749e-06	6.87439854965227e-05
0.842329	137	54	1	-2.30546692847611e-11	0	-1.89970424287085e-06	6.91059987182653e-05
0.84232	137	54	1	-2.30695462732911e-11	0	-1.98802222592072e-06	6.56075729073965e-05
0.842331	137	54	1	-2.30404584300459e-11	0	-1.87880003205296e-06	6.98115736834095e-05
0.842332	137	54	1	-2.30335750472932e-11	0	-1.86819868940604e-06	7.0155382510443e-05
0.842333	137	54	1	-2.30564456416005e-11	0	-1.85750253661066e-06	7.04933611460608e-05
0.842334	137	54	1	-2.30473418127985e-11	0	-1.84671487421729e-06	7.08256199433975e-05
0.842335	137	54	1	-2.30446772775394e-11	0	-1.83583885312724e-06	7.11522645311399e-05
0.842336	137	54	1	-2.30444552329345e-11	0	-1.82487747847691e-06	7.14733960531817e-05
0.842337	137	54	1	-2.30333530026883e-11	0	-1.81383362259647e-06	7.17891115531557e-05
0.842338	137	54	1	-2.30702124071058e-11	0	-1.80271003185853e-06	7.20995040155264e-05
0.842339	137	54	1	-2.30473418127985e-11	0	-1.79150933226115e-06	7.24046627439194e-05
0.84233	137	54	1	-2.3052004749502e-11	0	-1.88930309629403e-06	6.94618193166312e-05
0.842341	137	54	1	-2.30613306229088e-11	0	-1.76888656733338e-06	7.29996185362511e-05
0.842342	137	54	1	-2.30464536343788e-11	0	-1.75746922488379e-06	7.32895772044405e-05
0.842343	137	54	1	-2.30655494704024e-11	0	-1.74598423327922e-06	7.3574625616876e-05
0.842344	137	54	1	-2.30688801394763e-11	0	-1.73443372222418e-06	7.38548371357465e-05
0.842345	137	54	1	-2.30513386156872e-11	0	-1.72281974137851e-06	7.41302822983017e-05
0.842346	137	54	1	-2.30615526675138e-11	0	-1.71114425782115e-06	7.4401029177031e-05
0.842347	137	54	1	-2.30795382805127e-11	0	-1.69940916968981e-06	7.46671432489129e-05
0.842348	137	54	1	-2.30302443782193e-11	0	-1.68761630081532e-06	7.49286876978403e-05
0.842349	137	54	1	-2.30504504372675e-11	0	-1.67576740875647e-06	7.51857234784018e-05
0.84234	137	54	1	-2.30353514041326e-11	0	-1.78023404100522e-06	7.27046734488753e-05
0.842351	137	54	1	-2.30500063480577e-11	0	-1.65190827937859e-06	7.56865022718874e-05
0.842352	137	54	1	-2.30619967567236e-11	0	-1.63990125385329e-06	7.59303568055918e-05
0.842353	137	54	1	-2.30535590617365e-11	0	-1.62784463912004e-06	7.61699259783746e-05
0.842354	137	54	1	-2.30662156042172e-11	0	-1.61573990821128e-06	7.64052609772012e-05
0.842355	137	54	1	-2.30553354185759e-11	0	-1.60358848220375e-06	7.66364111981171e-05
0.842356	137	54	1	-2.30395702516262e-11	0	-1.5913917404836e-06	7.68634244783287e-05
0.842357	137	54	1	-2.30557795077857e-11	0	-1.57915101551152e-06	7.70863469885807e-05
0.842358	137	54	1	-2.30433450099099e-11	0	-1.56686759764499e-06	7.73052234976989e-05
0.842359	137	54	1	-2.30429009207e-11	0	-1.55454273667992e-06	7.75200972729239e-05
0.84235	137	54	1	-2.30220287278371e-11	0	-1.6638641902145e-06	7.54383094159975e-05
0.842361	137	54	1	-2.30553354185759e-11	0	-1.52977349752842e-06	7.79380027544619e-05
0.842362	137	54	1	-2.30477859020084e-11	0	-1.51733143472483e-06	7.81411142751165e-05
0.842363	137	54	1	-2.3037127760972e-11	0	-1.50485256138107e-06	7.83403827284515e-05
0.842364	137	54	1	-2.30444552329345e-11	0	-1.49233795446744e-06	7.85358449354549e-05
0.842365	137	54	1	-2.30537811063414e-11	0	-1.47978865651054e-06	7.87275365928234e-05
0.842366	137	54	1	-2.30413466084656e-11	0	-1.46720568252681e-06	7.89154922547901e-05
0.842367	137	54	1	-2.30679919610566e-11	0	-1.45459001866624e-06	7.90997453919963e-05
0.842368	137	54	1	-2.30662156042172e-11	0	-1.44194262565091e-06	7.92803285229571e-05
0.842369	137	54	1	-2.30500063480577e-11	0	-1.42926443618723e-06	7.94572730820133e-05
0.84236	137	54	1	-2.30515606602921e-11	0	-1.54217764489716e-06	7.77310101837159e-05
0.842371	137	54	1	-2.30468977235887e-11	0	-1.40381928837761e-06	7.98003676385308e-05
0.842372	137	54	1	-2.30540031509463e-11	0	-1.3910540783071e-06	7.99665758441647e-05
0.842373	137	54	1	-2.30861996186604e-11	0	-1.37826157257698e-06	8.0129262118121e-05
0.842374	137	54	1	-2.30502283926626e-11	0	-1.36544259423471e-06	8.02884533409873e-05
0.842375	137	54	1	-2.30517827048971e-11	0	-1.35259794273835e-06	8.04441757092929e-05
0.842376	137	54	1	-2.30626628905384e-11	0	-1.33972840024094e-06	8.05964545591533e-05
0.842377	137	54	1	-2.3066881738032e-11	0	-1.32683473045271e-06	8.07453145440491e-05
0.842378	137	54	1	-2.30775398790684e-11	0	-1.31391767872281e-06	8.08907794426208e-05
0.842379	137	54	1	-2.30435670545148e-11	0	-1.30097797511452e-06	8.10328724146466e-05
0.84237	137	54	1	-2.30684360502664e-11	0	-1.41655636291926e-06	7.96306095634911e-05
0.8423	137	54	1	-2.30537811063414e-11	0	-2.12903480442301e-06	5.52732990350998e-05
0.842429	137	54	1	-2.30546692847611e-11	0	-6.37807024990814e-07	8.41865764796139e-05
0.842479	137	54	1	-2.30486740804281e-11	0	2.08454921005118e-08	8.00739493903574e-05
0.842529	137	54	1	-2.30646612919827e-11	0	6.20962468826375e-07	6.77515858426872e-05
0.842579	137	54	1	-2.30540031509463e-11	0	1.02094897254045e-06	4.10265453723951e-05
0.842592	137	54	1	-2.30711005855255e-11	0	9.90549113894129e-07	2.70759430563356e-05
0.842561	274	54	1	-2.30788721466979e-11	0	-1.10474796058923e-06	-1.87444107604371e-05
0.842498	274	54	1	-2.30628849351433e-11	0	-3.23736872930419e-06	1.96721645715838e-05
0.84254	274	54	1	-2.30644392473778e-11	0	-1.81410756325848e-06	-1.60438452733583e-05
0.842561	274	54	1	-2.30797603251176e-11	0	-1.10474796058963e-06	-1.87444107576714e-05
0.842563	274	54	1	-2.30797603251176e-11	0	-1.03439964849902e-06	-1.86779948076174e-05
0.842564	274	54	1	-2.30531149725266e-11	0	-9.98967601062174e-07	-1.86220269280052e-05
0.842565	274	54	1	-2.30586660876497e-11	0	-9.63352070114904e-07	-1.85505101602533e-05
0.842567	274	54	1	-2.30706564963157e-11	0	-8.91532231457623e-07	-1.83595123916439e-05
0.842568	274	54	1	-2.30808705481422e-11	0	-8.55307000106674e-07	-1.8239283210205e-05
0.842569	274	54	1	-2.30833130387964e-11	0	-8.18856266332811e-07	-1.81020016868959e-05
0.84256	274	54	1	-2.3066881738032e-11	0	-1.13968025167161e-06	-1.87553513404491e-05
0.842572	274	54	1	-2.30686580948714e-11	0	-7.08019344232265e-07	-1.75827797878427e-05
0.842573	274	54	1	-2.30586660876497e-11	0	-6.70528998738066e-07	-1.73719462937716e-05
0.842574	274	54	1	-2.30593322214645e-11	0	-6.32737884165114e-07	-1.71410853441335e-05
0.842575	274	54	1	-2.30644392473778e-11	0	-5.94626413854582e-07	-1.68893915142256e-05
0.842577	274	54	1	-2.30382379839966e-11	0	-5.17353508320791e-07	-1.63198029290415e-05
0.842578	274	54	1	-2.3069768317896e-11	0	-4.78141311712913e-07	-1.59997721984887e-05
0.842579	274	54	1	-2.30642172027729e-11	0	-4.38506373822556e-07	-1.56545991984659e-05
0.84257	274	54	1	-2.30544472401562e-11	0	-7.82167405791711e-07	-1.7947187565509e-05
0.842581	274	54	1	-2.30797603251176e-11	0	-3.5782848940062e-07	-1.48828465447487e-05
0.842583	274	54	1	-2.3069768317896e-11	0	-2.74989076932932e-07	-1.39903222349662e-05
0.842584	274	54	1	-2.30699903625009e-11	0	-2.32627027209155e-07	-1.349307695524e-05
0.842585	274	54	1	-2.30790941913028e-11	0	-1.89548519129258e-07	-1.29580208742564e-05
0.842586	274	54	1	-2.30895302877343e-11	0	-1.45672088848853e-07	-1.23816213853374e-05
0.842587	274	54	1	-2.30730989869699e-11	0	-1.00899907508158e-07	-1.175963512581e-05
0.842588	274	54	1	-2.30675478718467e-11	0	-5.51127537357855e-08	-1.10868924439178e-05
0.842589	274	54	1	-2.30708785409206e-11	0	-8.16280530798878e-09	-1.03569882223471e-05
0.84258	274	54	1	-2.30715446747354e-11	0	-3.98414884956363e-07	-1.52828393522337e-05
0.842591	274	54	1	-2.30597763106744e-11	0	9.00294530392161e-08	-8.6909160333167e-06
0.842593	274	54	1	-2.30506724818724e-11	0	1.96018372678846e-07	-6.66038570996738e-06
0.842594	274	54	1	-2.30837571280063e-11	0	2.5322872463257e-07	-5.45290353372157e-06
0.842595	274	54	1	-2.30504504372675e-11	0	3.14511499631931e-07	-4.06323856246892e-06
0.842596	274	54	1	-2.30444552329345e-11	0	3.81685912967168e-07	-2.41376095006847e-06
0.842597	274	54	1	-2.30624408459335e-11	0	4.58536510459272e-07	-3.43520967188742e-07
0.842598	274	54	1	-2.30593322214645e-11	0	5.56442447337531e-07	2.62956451472661e-06
0.84259	274	54	1	-2.30708785409206e-11	0	4.01370193234552e-08	-9.56182573092278e-06
0.8425	274	54	1	-2.3075763522229e-11	0	-3.15309705522675e-06	1.45380686481981e-05
0.842497	274	54	1	-2.30611085783039e-11	0	-3.38818055950748e-06	3.94871253732406e-05
0.842498	274	54	1	-2.30713226301305e-11	0	-3.38877524109932e-06	4.34685215655618e-05
0.842499	274	54	1	-2.30628849351433e-11	0	-3.38309401974975e-06	4.64229645662968e-05
0.842501	274	54	1	-2.30797603251176e-11	0	-3.36386979831614e-06	5.10175398662924e-05
0.842502	274	54	1	-2.308753188629e-11	0	-3.35205128567633e-06	5.29377252328682e-05
0.842503	274	54	1	-2.30753194330191e-11	0	-3.33928039026148e-06	5.46913965694469e-05
0.842504	274	54	1	-2.30897523323392e-11	0	-3.32576763778212e-06	5.6313295844268e-05
0.842506	274	54	1	-2.30602203998842e-11	0	-3.29705299121981e-06	5.9250909444398e-05
0.842507	274	54	1	-2.31232810676829e-11	0	-3.28203254705954e-06	6.05969819809745e-05
0.842509	274	54	1	-2.30770957898585e-11	0	-3.25096974315577e-06	6.30949856665711e-05
0.842512	274	54	1	-2.30526708833168e-11	0	-3.20240450406961e-06	6.64561212137317e-05
0.842515	274	54	1	-2.30948593582525e-11	0	-3.15208921508464e-06	6.94602062008256e-05
0.842517	274	54	1	-2.30624408459335e-11	0	-3.11779952372535e-06	7.13040136410178e-05
0.84251	274	54	1	-2.30748753438093e-11	0	-3.23501264823766e-06	6.42614175742126e-05
0.842522	274	54	1	-2.3069768317896e-11	0	-3.03009695387496e-06	7.54694946567024e-05
0.842526	274	54	1	-2.31079599899431e-11	0	-2.95837740316282e-06	7.84310143244639e-05
0.842529	274	54	1	-2.30859775740555e-11	0	-2.90389209113791e-06	8.04746669431424e-05
0.84252	274	54	1	-2.30622188013285e-11	0	-3.06547509276863e-06	7.38719043961138e-05
0.842533	274	54	1	-2.31017427410052e-11	0	-2.83049873490172e-06	8.29964938038893e-05
0.842537	274	54	1	-2.30802044143275e-11	0	-2.75640698552124e-06	8.53152897602656e-05
0.842542	274	54	1	-2.30837571280063e-11	0	-2.66300490469783e-06	8.79652900281063e-05
0.842547	274	54	1	-2.30868657524752e-11	0	-2.56890395259927e-06	9.03730359641133e-05
0.842552	274	54	1	-2.30979679827215e-11	0	-2.47424867129268e-06	9.25665954783199e-05
0.842558	274	54	1	-2.31146213280908e-11	0	-2.36008694391526e-06	9.49467149197099e-05
0.842565	274	54	1	-2.30837571280063e-11	0	-2.22629247120814e-06	9.74126490665024e-05
0.8425	274	54	1	-2.3093305046018e-11	0	-3.37440686361173e-06	4.88768541407826e-05
0.84265	274	54	1	-2.30921948229934e-11	0	-5.92695605066855e-07	0.000108584097656718
0.8426	274	54	1	-2.31028529640298e-11	0	-1.55266749430798e-06	0.000105710813776398
0.84275	274	54	1	-2.3105295454684e-11	0	1.24611858147329e-06	8.64818443286144e-05
0.8427	274	54	1	-2.3096413670487e-11	0	3.47174333318453e-07	0.000102435980589515
0.842825	274	54	1	-2.30881980201048e-11	0	2.37074816586801e-06	2.82581890919796e-05
0.842838	274	54	1	-2.31019647856101e-11	0	2.42532831305265e-06	1.0378530654388e-06
0.842841	274	54	1	-2.30988561611412e-11	0	2.33494439520906e-06	-1.68538926613643e-05
0.8428	274	54	1	-2.31055174992889e-11	0	2.05672750065938e-06	5.58201614426304e-05
0.8	137	54	1.835	4.31469637796056e-09	1.0404741512815e-09	-3.15763451218351e-09	1.44052867142809e-08
