#First branch
0.999998	137	54	12.635	0.00538772567765338	0.00538772506179667	0.00538772926877298	0	-0	-0.99999445708798
0.999997	137	54	12.635	0.00659854372606688	0.00659854319037345	0.00659855032371124	0	-0	-0.999991686009208
0.999996	137	54	12.635	0.00761930683032684	0.00761930639307608	0.00761931698831528	0	-0	-0.999988914942708
0.999995	137	54	12.635	0.008518612967471	0.00851861254049592	0.00851862716388838	0	-0	-0.999986143884675
0.999994	137	54	12.635	0.00933164349041218	0.00933164313257557	0.00933166215224437	0	-0	-0.999983372833404
0.999993	137	54	12.635	0.0100792980868972	0.0100792977550801	0.0100793216036163	0	-0	-0.99998060178787
0.999992	137	54	12.635	0.0107751940239194	0.0107751937109617	0.0107752227559317	0	-0	-0.999977830747476
0.999991	137	54	12.635	0.0114287899960415	0.0114287896574737	0.0114288242803685	0	-0	-0.999975059711795
0.99999	137	54	12.635	0.0120469729712681	0.0120469724178864	0.0120470131255842	0	-0	-0.999972288680441
0.999989	137	54	12.635	0.0126349412598571	0.0126349409644498	0.0126349875854902	0	-0	-0.999969517653629
0.999988	137	54	12.635	0.0131967347121851	0.0131967344565968	0.0131967874963991	0	-0	-0.99996674663075
0.999987	137	54	12.635	0.0137355653804574	0.0137355649489527	0.0137356248982563	0	-0	-0.99996397561129
0.999986	137	54	12.635	0.0142540373027345	0.014254036936097	0.0142541038183216	0	-0	-0.999961204596337
0.999984	137	54	12.635	0.0152381383825602	0.0152381381592887	0.01523821964879	0	-0	-0.999955662577797
0.999983	137	54	12.635	0.0157070787347898	0.015707078503168	0.015707167737405	0	-0	-0.999952891573831
0.999981	137	54	12.635	0.0166052666266232	0.0166052664214573	0.0166053717884449	0	-0	-0.999947349576696
0.999979	137	54	12.635	0.0174572894424474	0.0174572892148915	0.0174574116378205	0	-0	-0.99994180759356
0.999977	137	54	12.635	0.0182696071303407	0.0182696069426824	0.0182697471908053	0	-0	-0.999936265624554
0.999976	137	54	12.635	0.0186625067706225	0.0186625065857081	0.0186626560636834	0	-0	-0.999933494645149
0.999974	137	54	12.635	0.0194244697531301	0.0194244695758765	0.0194246380905295	0	-0	-0.999927952696562
0.999972	137	54	12.635	0.0201576389749461	0.0201576387919094	0.0201578271037935	0	-0	-0.999922410761455
0.99997	137	54	12.635	0.0208650499559161	0.0208650497898992	0.0208652585960858	0	-0	-0.999916868839874
0.999967	137	54	12.635	0.0218833100002642	0.021883309841269	0.0218835507043221	0	-0	-0.99990855598243
0.999963	137	54	12.635	0.0231714514995865	0.0231714513485337	0.0231717372653745	0	-0	-0.999897472218839
0.99996	137	54	12.635	0.0240923759752189	0.0240923758292964	0.0240926971888161	0	-0	-0.999889159430673
0.999956	137	54	12.635	0.0252680848894171	0.0252680847494635	0.0252684554659585	0	-0	-0.999878075758906
0.999953	137	54	12.635	0.0261151297042055	0.0261151295681962	0.0261155388158895	0	-0	-0.999869763039283
0.999949	137	54	12.635	0.0272034953739824	0.0272034952426522	0.0272039578031623	0	-0	-0.999858679458564
0.999946	137	54	12.635	0.0279919902994791	0.027991990069716	0.0279924941210086	0	-0	-0.999850366806435
0.999939	137	54	12.635	0.0297505821253579	0.0297505819375139	0.0297511870088336	0	-0	-0.999830970732635
0.999932	137	54	12.635	0.0314107760813688	0.0314107759198412	0.0314114880012856	0	-0	-0.999811574816468
0.999925	137	54	12.635	0.0329874320517306	0.0329874319078189	0.0329882566651855	0	-0	-0.999792179057528
0.999918	137	54	12.635	0.0344920077038259	0.0344920075723436	0.0344929503962239	0	-0	-0.9997727834555
0.999911	137	54	12.635	0.035933558421342	0.0359335582990192	0.0359346243420691	0	-0	-0.999753388010132
0.999904	137	54	12.635	0.037319388392703	0.0373193882773792	0.0373205824836102	0	-0	-0.999733992721223
0.999897	137	54	12.635	0.0386554909869407	0.0386554908771317	0.0386568180055158	0	-0	-0.999714597588608
0.99989	137	54	12.635	0.0399468562158644	0.0399468561105105	0.0399483207543828	0	-0	-0.999695202612149
0.999883	137	54	12.635	0.0411976912537136	0.0411976911520406	0.0411992977552867	0	-0	-0.99967580779173
0.999875	137	54	12.635	0.0425821648948941	0.0425821647992074	0.0425839389071439	0	-0	-0.999653642473629
0.999859	137	54	12.635	0.045223883961238	0.0452238838190567	0.0452260091557663	0	-0	-0.999609312447514
0.999844	137	54	12.635	0.0475671440292563	0.0475671439350254	0.0475696171006922	0	-0	-0.999567753787672
0.999828	137	54	12.635	0.0499452945259384	0.0499452944415269	0.0499481575223125	0	-0	-0.999523425337605
0.999812	137	54	12.635	0.0522149491884178	0.0522149490453016	0.0522182206606654	0	-0	-0.999479097699231
0.999797	137	54	12.635	0.0542563327802484	0.0542563326997036	0.0542600033223151	0	-0	-0.999437541277052
0.999781	137	54	12.635	0.0563520938047362	0.0563520937236256	0.0563562065388388	0	-0	-0.999393215212397
0.999766	137	54	12.635	0.0582481871072194	0.0582481870201842	0.0582527293244671	0	-0	-0.999351660263753
0.99975	137	54	12.635	0.0602046551286333	0.0602046550482404	0.0602096708386501	0	-0	-0.999307335771285
0.999719	137	54	12.635	0.0638241882090089	0.0638241881334007	0.0638301646110049	0	-0	-0.999221459375306
0.999687	137	54	12.635	0.0673558746396398	0.0673558745560645	0.0673628997533968	0	-0	-0.999132815965595
0.999656	137	54	12.635	0.0706081130502971	0.0706081129777499	0.0706162064761237	0	-0	-0.99904694575489
0.999625	137	54	12.635	0.073716225730019	0.0737162256539871	0.0737254365752499	0	-0	-0.998961078586364
0.999594	137	54	12.635	0.0766977365028548	0.0766977364320552	0.0767081117745235	0	-0	-0.998875214459989
0.999563	137	54	12.635	0.0795668787283315	0.0795668786549864	0.0795784635783062	0	-0	-0.998789353374881
0.999531	137	54	12.635	0.0824231477035218	0.0824231476337843	0.082436026758098	0	-0	-0.998700725767228
0.9995	137	54	12.635	0.0850980970326796	0.0850980969578387	0.0851122725049783	0	-0	-0.99861487086183
0.999437	137	54	12.635	0.0902884679475499	0.0902884678773115	0.09030540193997	0	-0	-0.99844040090608
0.999375	137	54	12.635	0.0951178954278011	0.0951178953528213	0.0951376984905256	0	-0	-0.998268712571816
0.999313	137	54	12.635	0.0997113798012667	0.0997113797317848	0.0997341970346237	0	-0	-0.998097036395496
0.99925	137	54	12.635	0.104169413157718	0.104169413081933	0.104195434753502	0	-0	-0.997922603699741
0.999188	137	54	12.635	0.108375652585092	0.108375652515472	0.108404960948419	0	-0	-0.997750952029909
0.999125	137	54	12.635	0.112486643196472	0.112486643119517	0.112519421291254	0	-0	-0.99757654423291
0.999062	137	54	12.635	0.116450555386288	0.116450555316057	0.116486929294495	0	-0	-0.997402148983481
0.999	137	54	12.635	0.120222085177991	0.120222085099658	0.120262116610536	0	-0	-0.997230534160575
0.998875	137	54	12.635	0.127481693548316	0.127481693468481	0.127529442004312	0	-0	-0.996884573473087
0.99875	137	54	12.635	0.134342633306409	0.134342633224997	0.134398534991665	0	-0	-0.996538662161462
0.998625	137	54	12.635	0.140863173024364	0.140863172941334	0.140927640872909	0	-0	-0.996192800217146
0.9985	137	54	12.635	0.147088593405694	0.147088593321023	0.14716202030419	0	-0	-0.995846987631883
0.998375	137	54	12.635	0.153054913208939	0.153054913122621	0.153137674532554	0	-0	-0.995501224397614
0.99825	137	54	12.635	0.158791343916435	0.158791343828472	0.158883799566298	0	-0	-0.99515551050643
0.998125	137	54	12.635	0.164321966249037	0.164321966159433	0.164424462318726	0	-0	-0.994809845950532
0.998	137	54	12.635	0.169666910356878	0.169666910265649	0.169779780516314	0	-0	-0.994464230722196
0.99775	137	54	12.635	0.179865423501034	0.179865423406594	0.179999998802678	0	-0	-0.993773148217624
0.9975	137	54	12.635	0.1894962499836	0.189496249886016	0.189653742062443	0	-0	-0.993082262931933
0.99725	137	54	12.635	0.198641995998774	0.198641995898122	0.198823549462722	0	-0	-0.992391574804798
0.997	137	54	12.635	0.207366871890089	0.207366871800067	0.207573573498233	0	-0	-0.991701083777209
0.99675	137	54	12.635	0.215721967448357	0.215721967355964	0.215954853333475	0	-0	-0.99101078978725
0.9965	137	54	12.635	0.22374872769458	0.223748727599872	0.224008789170336	0	-0	-0.990320692776043
0.99625	137	54	12.635	0.231481327089256	0.23148132699228	0.231769515402662	0	-0	-0.989630792683768
0.996	137	54	12.635	0.238948341048208	0.238948340949011	0.239265571328693	0	-0	-0.988941089450587
0.99575	137	54	12.635	0.246173953428155	0.246173953326784	0.246521108012005	0	-0	-0.988251583016616
0.9955	137	54	12.635	0.253178848367048	0.253178848263542	0.253556779627755	0	-0	-0.987562273321907
0.995	137	54	12.635	0.266595596036209	0.266595595928574	0.267037529766586	0	-0	-0.98618424391006
0.9945	137	54	12.635	0.279315981023762	0.279315980912148	0.279825022268092	0	-0	-0.98480700073366
0.994	137	54	12.635	0.291431304630885	0.291431304515434	0.292010388273982	0	-0	-0.983430543309606
0.9935	137	54	12.635	0.30301424997559	0.303014249856434	0.303666161453718	0	-0	-0.982054871152909
0.993	137	54	12.635	0.314123809884804	0.314123809762067	0.314851201856405	0	-0	-0.980679983776578
0.9925	137	54	12.635	0.324808653730602	0.324808653604399	0.32561405973654	0	-0	-0.979305880691533
0.992	137	54	12.635	0.335109498328139	0.335109498198567	0.335995344155848	0	-0	-0.977932561406535
0.9915	137	54	12.635	0.345060821028405	0.345060820895566	0.346029434289654	0	-0	-0.976560025428149
0.991	137	54	12.635	0.354692125279223	0.354692125143202	0.355745743573999	0	-0	-0.975188272260688
0.9905	137	54	12.635	0.364028893811962	0.364028893672845	0.365169671756492	0	-0	-0.973817301406186
0.99	137	54	1.61944	0.373093476601307	0.373093475976822	0.374323487043843	0	-0	-0.972447007053321
0.99	137	54	12.635	0.373093318858033	0.373093318715892	0.374323334188171	0	-0	-0.972447112364365
0.9895	137	54	1.61944	0.381905022931847	0.381905022317788	0.383226276760774	0	-0	-0.971077597941791
0.9895	137	54	12.635	0.381904870039049	0.381904869893964	0.383226128952164	0	-0	-0.971077704632607
0.989	137	54	1.61944	0.390480890123577	0.390480889519126	0.391895326705021	0	-0	-0.96970896966066
0.989	137	54	12.635	0.390480741990796	0.390480741842844	0.391895183853963	0	-0	-0.969709077705928
0.9885	137	54	1.61944	0.398836354925788	0.398836354330235	0.40034585097127	0	-0	-0.968341121699458
0.9885	137	54	12.635	0.398836211474433	0.398836211323673	0.400345713000314	0	-0	-0.968341231076957
0.988	137	54	1.61944	0.406985064237903	0.406985063650585	0.408591437529282	0	-0	-0.966974053545624
0.988	137	54	12.635	0.406984925399499	0.406984925245995	0.40859130437126	0	-0	-0.966974164235908
0.9875	137	54	1.61944	0.414939269719496	0.414939269139839	0.416644282448991	0	-0	-0.965607764684437
0.9875	137	54	12.635	0.414939135434348	0.414939135278163	0.416644154045706	0	-0	-0.965607876670566
0.987	137	54	1.61944	0.422710020624717	0.4227100200522	0.424515382403996	0	-0	-0.964242254598952
0.987	137	54	12.635	0.422709890840761	0.422709890681933	0.424515258704977	0	-0	-0.964242367866257
0.9865	137	54	1.61944	0.430307323613993	0.430307323048133	0.432214694196933	0	-0	-0.962877522769957
0.9865	137	54	12.635	0.430307198285771	0.430307198124375	0.432214575158545	0	-0	-0.962877637305832
0.986	137	54	1.61944	0.43774027620731	0.437740275647689	0.43975126796364	0	-0	-0.961513568675915
0.986	137	54	12.635	0.437740155295268	0.437740155131348	0.439751153548224	0	-0	-0.96151368446965
0.9855	137	54	1.61944	0.445017179009343	0.445017178455569	0.447133359180216	0	-0	-0.96015039179293
0.9855	137	54	12.635	0.445017062479079	0.445017062312684	0.44713324935542	0	-0	-0.96015050883555
0.985	137	54	1.61944	0.452145630696153	0.452145630147877	0.454368523457995	0	-0	-0.958787991594706
0.985	137	54	12.635	0.452145518517881	0.452145518349053	0.454368418196221	0	-0	-0.958788109878838
0.9845	137	54	1.61944	0.459132608896068	0.459132608352951	0.461463697255028	0	-0	-0.957426367552509
0.9845	137	54	12.635	0.459132501044075	0.459132500872863	0.461463596532864	0	-0	-0.957426487072263
0.984	137	54	1.61944	0.465984539445457	0.465984538907212	0.468425266981496	0	-0	-0.956065519135137
0.984	137	54	12.635	0.465984435897743	0.465984435724192	0.468425170779361	0	-0	-0.956065639885999
0.9835	137	54	1.61944	0.472707356000582	0.472707355466934	0.475259128477646	0	-0	-0.954705445808886
0.9835	137	54	12.635	0.472707256738456	0.472707256562598	0.475259036779371	0	-0	-0.954705567787625
0.983	137	54	1.61944	0.479306551599021	0.479306551069717	0.481970738455374	0	-0	-0.953346147037521
0.983	137	54	12.635	0.479306456606773	0.47930645642866	0.481970651247922	0	-0	-0.953346270242106
0.9825	137	54	1.61944	0.485787223462233	0.485787222937032	0.488565159193303	0	-0	-0.951987622282251
0.9825	137	54	12.635	0.485787132726889	0.485787132546549	0.488565076466461	0	-0	-0.951987746711771
0.982	137	54	1.61944	0.492154112092545	0.492154111571242	0.49504709753695	0	-0	-0.950629871001693
0.982	137	54	12.635	0.492154025603621	0.492154025421092	0.49504701928308	0	-0	-0.950629996656294
0.9815	137	54	1.61944	0.498411635529257	0.498411635011635	0.50142093906728	0	-0	-0.949272892651852
0.9815	137	54	12.635	0.498411553278502	0.498411553093826	0.501420865281131	0	-0	-0.949273019532675
0.981	137	54	1.61944	0.504563919477417	0.50456391896331	0.507690778150326	0	-0	-0.947916686686096
0.981	137	54	12.635	0.50456384145871	0.504563841271914	0.507690708828839	0	-0	-0.947916814795219
0.9805	137	54	1.61944	0.510614823902253	0.510614823391467	0.513860444459503	0	-0	-0.946561252555125
0.9805	137	54	12.635	0.510614750111345	0.510614749922463	0.513860379601622	0	-0	-0.946561381895514
0.98	137	54	1.61944	0.516567966583291	0.516567966075674	0.519933526464233	0	-0	-0.94520658970695
0.98	137	54	12.635	0.51656789701772	0.516567896826794	0.51993346607079	0	-0	-0.945206720282416
0.9795	137	54	1.61944	0.522426744043369	0.522426743538774	0.525913392298974	0	-0	-0.943852697586866
0.979	137	54	1.61944	0.528194350201668	0.528194349699946	0.531803208361392	0	-0	-0.94249957563743
0.9785	137	54	1.61944	0.533873793046579	0.533873792547582	0.537605955934947	0	-0	-0.941147223298437
0.978	137	54	1.61944	0.539467909579738	0.539467909083372	0.543324446086731	0	-0	-0.939795640006893
0.978	137	54	12.635	0.539467856922083	0.539467856723245	0.543324403592356	0	-0	-0.939795775576247
0.9775	137	54	1.61944	0.544979379245861	0.544979378751995	0.5489613330545	0	-0	-0.938444825196994
0.977	137	54	1.61944	0.550410736031643	0.550410735540165	0.554519126306332	0	-0	-0.937094778300101
0.9765	137	54	1.61944	0.555764379392073	0.555764378902869	0.560000201430533	0	-0	-0.935745498744717
0.976	137	54	1.61944	0.561042584140085	0.561042583653066	0.565406809991613	0	-0	-0.934396985956463
0.9755	137	54	1.61944	0.566247509417613	0.566247508932689	0.570741088469933	0	-0	-0.933049239358053
0.975	137	54	1.61944	0.571381206850247	0.571381206367327	0.576005066387338	0	-0	-0.931702258369274
0.975	137	54	12.635	0.571381179714788	0.57138117950489	0.576005051017074	0	-0	-0.931702401664847
0.9745	137	54	1.61944	0.576445627974688	0.576445627493692	0.581200673707548	0	-0	-0.930356042406958
0.974	137	54	1.61944	0.581442631016902	0.581442630537747	0.586329747589011	0	-0	-0.929010590884959
0.9735	137	54	1.61944	0.586373987089016	0.58637398661163	0.591394038558225	0	-0	-0.927665903214132
0.973	137	54	1.61944	0.591241385864982	0.591241385389286	0.596395216163351	0	-0	-0.926321978802306
0.9725	137	54	1.61944	0.596046440787522	0.596046440313461	0.60133487416057	0	-0	-0.924978817054257
0.972	137	54	1.61944	0.600790693853134	0.600790693380636	0.606214535279604	0	-0	-0.923636417371693
0.972	137	54	12.635	0.600790692625302	0.600790692405177	0.606214547575564	0	-0	-0.923636568786722
0.9715	137	54	1.61944	0.605475620015984	0.605475619544987	0.611035655609574	0	-0	-0.922294779153219
0.971	137	54	1.61944	0.610102631247479	0.610102630777924	0.615799628641418	0	-0	-0.920953901794319
0.9705	137	54	1.61944	0.614673080283729	0.61467307981557	0.620507788999336	0	-0	-0.919613784687328
0.97	137	54	1.61944	0.619188264089928	0.619188263623114	0.625161415889962	0	-0	-0.918274427221408
0.9695	137	54	1.61944	0.623649427067273	0.623649426601752	0.6297617362951	0	-0	-0.916935828782523
0.969	137	54	1.61944	0.628057764025575	0.628057763561298	0.634309927930866	0	-0	-0.915597988753412
0.969	137	54	12.635	0.628057789258534	0.628057789028908	0.634309968623789	0	-0	-0.915598148785526
0.9685	137	54	1.61944	0.632414422942145	0.632414422479059	0.638807121993773	0	-0	-0.914260906513567
0.968	137	54	1.61944	0.636720507525468	0.636720507063532	0.643254405712448	0	-0	-0.912924581439203
0.9675	137	54	1.61944	0.640977079600381	0.640977079139552	0.647652824721415	0	-0	-0.911589012903233
0.967	137	54	1.61944	0.64518516132965	0.645185160869893	0.652003385271859	0	-0	-0.910254200275244
0.9665	137	54	1.61944	0.649345737285581	0.649345736826851	0.656307056292991	0	-0	-0.908920142921468
0.966	137	54	1.61944	0.653459756383776	0.653459755926043	0.660564771316107	0	-0	-0.907586840204756
0.966	137	54	12.635	0.653459808766331	0.653459808527837	0.660564841293915	0	-0	-0.907587009441077
0.9655	137	54	1.61944	0.657528133690212	0.657528133233452	0.664777430272493	0	-0	-0.906254291484552
0.965	137	54	1.61944	0.661551752111632	0.661551751655797	0.668945901174917	0	-0	-0.904922496116863
0.9645	137	54	1.61944	0.66553146397822	0.665531463523276	0.673071021692115	0	-0	-0.903591453454235
0.964	137	54	1.61944	0.669468092527065	0.669468092072995	0.677153600624228	0	-0	-0.902261162845722
0.9635	137	54	1.61944	0.673362433293831	0.67336243284059	0.681194419286847	0	-0	-0.900931623636862
0.963	137	54	1.61944	0.677215255419356	0.677215254966921	0.685194232810585	0	-0	-0.899602835169643
0.963	137	54	12.635	0.677215335757501	0.677215335510687	0.685194333100621	0	-0	-0.899603014276756
0.9625	137	54	1.61944	0.681027302877763	0.681027302426092	0.68915377136204	0	-0	-0.898274796782481
0.962	137	54	1.61944	0.684799295631447	0.684799295180539	0.693073741292506	0	-0	-0.896947507810185
0.9615	137	54	1.61944	0.688531930718584	0.688531930268396	0.696954826218886	0	-0	-0.895620967583933
0.961	137	54	1.61944	0.692225883277455	0.69222588282798	0.700797688042251	0	-0	-0.894295175431239
0.9605	137	54	1.61944	0.695881807512541	0.69588180706375	0.704602967908076	0	-0	-0.892970130675925
0.96	137	54	1.61944	0.699500337605967	0.699500337157824	0.708371287112209	0	-0	-0.891645832638091
0.96	137	54	12.635	0.699500446812198	0.699500446557581	0.708371418872031	0	-0	-0.891646022355163
0.9595	137	54	1.61944	0.703082088578241	0.703082088130738	0.712103247956416	0	-0	-0.890322280634083
0.959	137	54	1.61944	0.706627657101784	0.706627656654889	0.715799434556684	0	-0	-0.888999473976467
0.9585	137	54	1.61944	0.710137622270089	0.710137621823791	0.719460413607728	0	-0	-0.887677411973992
0.958	137	54	1.61944	0.713612546325796	0.713612545880075	0.723086735106321	0	-0	-0.886356093931562
0.9575	137	54	1.61944	0.71705297535004	0.71705297490488	0.726678933036179	0	-0	-0.885035519150206
0.957	137	54	1.61944	0.72045943991577	0.720459439471146	0.730237526017045	0	-0	-0.883715686927041
0.9565	137	54	1.61944	0.72383245570718	0.723832455263082	0.733763017919986	0	-0	-0.882396596555248
0.956	137	54	1.61944	0.727172524107528	0.727172523663929	0.737255898451251	0	-0	-0.88107824732403
0.9555	137	54	1.61944	0.730480132757115	0.730480132313998	0.740716643706429	0	-0	-0.879760638518587
0.955	137	54	1.61944	0.733755756083418	0.733755755640785	0.744145716696949	0	-0	-0.878443769420077
0.9545	137	54	1.61944	0.736999855805061	0.736999855362878	0.747543567850503	0	-0	-0.877127639305587
0.954	137	54	1.61944	0.740212881410947	0.740212880969211	0.750910635486767	0	-0	-0.875812247448097
0.9535	137	54	1.61944	0.743395270616443	0.743395270175131	0.754247346270395	0	-0	-0.874497593116446
0.953	137	54	1.61944	0.746547449797543	0.746547449356645	0.757554115641843	0	-0	-0.873183675575297
0.9525	137	54	1.61944	0.749669834404599	0.749669833964098	0.760831348228259	0	-0	-0.871870494085102
0.952	137	54	1.61944	0.752762829356596	0.752762828916488	0.764079438234738	0	-0	-0.870558047902067
0.9515	137	54	1.61944	0.755826829417225	0.755826828977487	0.767298769817468	0	-0	-0.869246336278118
0.951	137	54	1.61944	0.758862219553595	0.758862219114226	0.770489717439853	0	-0	-0.867935358460862
0.9505	137	54	1.61944	0.761869375278799	0.761869374839781	0.773652646212326	0	-0	-0.866625113693551
0.95	137	54	1.61944	0.764848662978947	0.764848662540273	0.776787912216826	0	-0	-0.865315601215047
0.9495	137	54	1.61944	0.76780044022575	0.767800439787409	0.77989586281697	0	-0	-0.864006820259785
0.949	137	54	1.61944	0.770725056075277	0.770725055637269	0.78297683695438	0	-0	-0.862698770057731
0.9485	137	54	1.61944	0.773622851353727	0.773622850916043	0.78603116543208	0	-0	-0.861391449834349
0.948	137	54	1.61944	0.776494158930831	0.776494158493447	0.789059171185756	0	-0	-0.860084858810559
0.9475	137	54	1.61944	0.779339303981533	0.779339303544429	0.79206116954314	0	-0	-0.858778996202701
0.947	137	54	1.61944	0.782158604236624	0.782158603799797	0.795037468472729	0	-0	-0.857473861222493
0.9465	137	54	1.61944	0.784952370222876	0.784952369786333	0.797988368821643	0	-0	-0.856169453076994
0.946	137	54	1.61944	0.787720905493194	0.787720905056916	0.800914164543949	0	-0	-0.854865770968561
0.9455	137	54	1.61944	0.790464506847199	0.790464506411179	0.803815142919298	0	-0	-0.853562814094807
0.945	137	54	1.61944	0.793183464542932	0.793183464107157	0.806691584762735	0	-0	-0.852260581648568
0.9445	137	54	1.61944	0.795878062499904	0.795878062064381	0.809543764625964	0	-0	-0.850959072817851
0.944	137	54	1.61944	0.798548578494107	0.798548578058835	0.812371950990598	0	-0	-0.8496582867858
0.9435	137	54	1.61944	0.801195284345223	0.801195283910173	0.815176406453617	0	-0	-0.848358222730649
0.943	137	54	1.61944	0.803818446096393	0.803818445661565	0.817957387905628	0	-0	-0.84705887982568
0.9425	137	54	1.61944	0.806418324187164	0.806418323752536	0.820715146701967	0	-0	-0.845760257239181
0.942	137	54	1.61944	0.80899517361953	0.808995173185116	0.823449928827408	0	-0	-0.844462354134401
0.9415	137	54	1.61944	0.811549244117834	0.811549243683621	0.826161975054381	0	-0	-0.843165169669505
0.941	137	54	1.61944	0.814080780282394	0.814080779848367	0.828851521095221	0	-0	-0.841868702997531
0.9405	137	54	1.61944	0.816590021737414	0.816590021303587	0.831518797748548	0	-0	-0.840572953266342
0.94	137	54	1.61944	0.819077203273476	0.819077202839832	0.83416403104039	0	-0	-0.839277919618582
0.9395	137	54	1.61944	0.821542554984539	0.821542554551073	0.836787442359871	0	-0	-0.837983601191628
0.939	137	54	1.61944	0.823986302400085	0.823986301966796	0.83938924858994	0	-0	-0.836689997117547
0.9385	137	54	1.61944	0.82640866661238	0.826408666179261	0.841969662233392	0	-0	-0.835397106523042
0.938	137	54	1.61944	0.828809864399115	0.828809863966168	0.844528891534224	0	-0	-0.834104928529408
0.9375	137	54	1.61944	0.831190108341699	0.831190107908925	0.847067140594685	0	-0	-0.832813462252485
0.937	137	54	1.61944	0.833549606939353	0.833549606506713	0.849584609488178	0	-0	-0.831522706802603
0.9365	137	54	1.61944	0.835888564719008	0.835888564286523	0.852081494368037	0	-0	-0.83023266128454
0.936	137	54	1.61944	0.838207182341667	0.838207181909334	0.85455798757265	0	-0	-0.828943324797464
0.9355	137	54	1.61944	0.840505656704812	0.840505656272623	0.857014277726809	0	-0	-0.827654696434887
0.935	137	54	1.61944	0.842784181041375	0.842784180609314	0.859450549839568	0	-0	-0.826366775284613
0.9345	137	54	1.61944	0.845042945015303	0.845042944583373	0.861866985398771	0	-0	-0.825079560428681
0.934	137	54	1.61944	0.847282134813919	0.847282134382131	0.864263762462402	0	-0	-0.823793050943323
0.9335	137	54	1.61944	0.849501933237181	0.849501932805519	0.866641055746676	0	-0	-0.822507245898897
0.933	137	54	1.61944	0.851702519783855	0.851702519352303	0.868999036711406	0	-0	-0.821222144359845
0.9325	137	54	1.61944	0.853884070734904	0.853884070303472	0.871337873642305	0	-0	-0.819937745384631
0.932	137	54	1.61944	0.85604675923416	0.856046758802866	0.873657731730795	0	-0	-0.818654048025689
0.9315	137	54	1.61944	0.858190755366364	0.858190754935177	0.875958773150985	0	-0	-0.817371051329365
0.931	137	54	1.61944	0.860316226232494	0.860316225801412	0.878241157134247	0	-0	-0.816088754335864
0.9305	137	54	1.61944	0.862423336022902	0.86242333559193	0.88050504004135	0	-0	-0.814807156079189
0.93	137	54	1.61944	0.864512246088006	0.864512245657135	0.882750575432336	0	-0	-0.813526255587085
0.9295	137	54	1.61944	0.866583115006711	0.866583114575929	0.884977914134076	0	-0	-0.812246051880979
0.929	137	54	1.61944	0.868636098652663	0.868636098222	0.887187204305666	0	-0	-0.810966543975924
0.9285	137	54	1.61944	0.870671350258614	0.870671349828039	0.889378591501965	0	-0	-0.809687730880536
0.928	137	54	1.61944	0.872689020478431	0.87268902004795	0.891552218734913	0	-0	-0.808409611596932
0.9275	137	54	1.61944	0.874689257447542	0.874689257017149	0.893708226533022	0	-0	-0.807132185120672
0.927	137	54	1.61944	0.876672206841296	0.876672206411005	0.895846752999146	0	-0	-0.805855450440696
0.9265	137	54	1.61944	0.87863801193173	0.878638011501501	0.897967933866229	0	-0	-0.804579406539259
0.926	137	54	1.61944	0.880586813642305	0.880586813212176	0.900071902551669	0	-0	-0.803304052391871
0.9255	137	54	1.61944	0.882518750601465	0.882518750171424	0.902158790209787	0	-0	-0.802029386967225
0.925	137	54	1.61944	0.884433959194152	0.884433958764186	0.904228725782832	0	-0	-0.800755409227144
0.9245	137	54	1.61944	0.886332573612012	0.886332573182123	0.906281836050443	0	-0	-0.799482118126501
0.924	137	54	1.61944	0.88821472590211	0.888214725472296	0.908318245677734	0	-0	-0.798209512613163
0.9235	137	54	1.61944	0.890080546014162	0.890080545584426	0.910338077261635	0	-0	-0.796937591627917
0.923	137	54	1.61944	0.891930161846438	0.891930161416776	0.912341451376413	0	-0	-0.795666354104404
0.9225	137	54	1.61944	0.893763699290308	0.893763698860707	0.91432848661732	0	-0	-0.79439579896905
0.922	137	54	1.61944	0.895581282273462	0.895581281843947	0.916299299643375	0	-0	-0.793125925140993
0.9215	137	54	1.61944	0.897383032802095	0.897383032372632	0.918254005218726	0	-0	-0.791856731532016
0.921	137	54	1.61944	0.899169071001536	0.899169070572145	0.920192716252861	0	-0	-0.790588217046469
0.9205	137	54	1.61944	0.900939515156137	0.900939514726811	0.922115543839645	0	-0	-0.789320380581203
0.92	137	54	1.61944	0.902694481747731	0.902694481318465	0.924022597295394	0	-0	-0.788053221025492
0.9195	137	54	1.61944	0.904434085493139	0.904434085063955	0.925913984195678	0	-0	-0.786786737260955
0.919	137	54	1.61944	0.906158439380733	0.906158438951605	0.927789810411249	0	-0	-0.78552092816149
0.9185	137	54	1.61944	0.907867654705717	0.907867654276664	0.929650180142926	0	-0	-0.784255792593188
0.918	137	54	1.61944	0.909561841104799	0.909561840675795	0.931495195955496	0	-0	-0.782991329414259
0.9175	137	54	1.61944	0.911241106589558	0.911241106160616	0.933324958810695	0	-0	-0.781727537474953
0.917	137	54	1.61944	0.912905557579218	0.912905557150332	0.935139568099269	0	-0	-0.780464415617481
0.9165	137	54	1.61944	0.914555298932335	0.914555298503497	0.936939121672257	0	-0	-0.779201962675934
0.916	137	54	1.61944	0.916190433977697	0.916190433548917	0.938723715871288	0	-0	-0.777940177476199
0.9155	137	54	1.61944	0.917811064544448	0.917811064115727	0.940493445558183	0	-0	-0.776679058835881
0.915	137	54	1.61944	0.919417290991354	0.919417290562685	0.942248404143674	0	-0	-0.775418605564213
0.9145	137	54	1.61944	0.92100921223529	0.921009211806677	0.943988683615421	0	-0	-0.774158816461977
0.914	137	54	1.61944	0.922586925779055	0.922586925350489	0.94571437456533	0	-0	-0.772899690321413
0.9135	137	54	1.61944	0.924150527738356	0.924150527309847	0.947425566215956	0	-0	-0.771641225926136
0.913	137	54	1.61944	0.925700112868217	0.925700112439757	0.949122346446501	0	-0	-0.770383422051045
0.9125	137	54	1.61944	0.927235774588572	0.927235774160174	0.950804801817849	0	-0	-0.769126277462235
0.912	137	54	1.61944	0.928757605009337	0.928757604580996	0.952473017597205	0	-0	-0.767869790916903
0.9115	137	54	1.61944	0.930265694954734	0.930265694526433	0.954127077781899	0	-0	-0.766613961163263
0.911	137	54	1.61944	0.931760133986986	0.931760133558755	0.95576706512265	0	-0	-0.765358786940445
0.9105	137	54	1.61944	0.933241010429627	0.933241010001436	0.957393061146341	0	-0	-0.764104266978407
0.91	137	54	1.61944	0.934708411389865	0.934708410961718	0.959005146178007	0	-0	-0.762850399997836
0.9095	137	54	1.61944	0.936162422780708	0.936162422352611	0.960603399362446	0	-0	-0.761597184710051
0.909	137	54	1.61944	0.937603129342397	0.937603128914345	0.962187898685159	0	-0	-0.76034461981691
0.9085	137	54	1.61944	0.93903061466328	0.939030614235286	0.963758720992862	0	-0	-0.759092704010702
0.908	137	54	1.61944	0.940444961200283	0.940444960772344	0.965315942013473	0	-0	-0.757841435974054
0.9075	137	54	1.61944	0.94184625029877	0.94184624987087	0.966859636375452	0	-0	-0.756590814379825
0.907	137	54	1.61944	0.943234562211923	0.943234561784079	0.968389877626901	0	-0	-0.755340837891002
0.9065	137	54	1.61944	0.944609976119783	0.944609975691984	0.969906738254013	0	-0	-0.754091505160599
0.906	137	54	1.61944	0.945972570147641	0.945972569719888	0.971410289699177	0	-0	-0.752842814831547
0.9055	137	54	1.61944	0.947322421384121	0.947322420956418	0.972900602378476	0	-0	-0.751594765536587
0.905	137	54	1.61944	0.948659605898798	0.948659605471131	0.974377745698969	0	-0	-0.750347355898162
0.9045	137	54	1.61944	0.949984198759313	0.949984198331699	0.975841788075493	0	-0	-0.749100584528304
0.904	137	54	1.61944	0.951296274048227	0.951296273620679	0.97729279694683	0	-0	-0.747854450028527
0.9035	137	54	1.61944	0.952595904879394	0.952595904451896	0.978730838791873	0	-0	-0.746608950989705
0.903	137	54	1.61944	0.953883163413869	0.953883162986425	0.980155979145093	0	-0	-0.745364085991964
0.9025	137	54	1.61944	0.955158120875602	0.955158120448211	0.981568282611761	0	-0	-0.74411985360456
0.902	137	54	1.61944	0.956420847566672	0.956420847139312	0.982967812882803	0	-0	-0.742876252385766
0.9015	137	54	1.61944	0.957671412882094	0.95767141245479	0.984354632749277	0	-0	-0.741633280882745
0.9015	137	54	1	0.957671417301489	0.957671416739282	0.984354615689023	0	-0	-0.741633151499703
0.901	137	54	1.61944	0.958909885324503	0.958909884897257	0.985728804116479	0	-0	-0.740390937631434
0.901	137	54	1	0.95890988924626	0.958909888684909	0.985728786492461	0	-0	-0.740390808357728
0.9005	137	54	1.61944	0.960136332518288	0.96013633209108	0.987090388017819	0	-0	-0.739149221156414
0.9005	137	54	1	0.960136335943941	0.96013633538346	0.987090369831601	0	-0	-0.73914909199246
0.9	137	54	1.61944	0.961350821223407	0.961350820796259	0.988439444628268	0	-0	-0.737908129970794
0.9	137	54	1	0.961350824154572	0.96135082359491	0.988439425881313	0	-0	-0.737908000916994
0.8995	137	54	1	0.962553419787252	0.962553419228428	0.989776013971295	0	-0	-0.73666753363282
0.899	137	54	1	0.963744187913609	0.963744187355626	0.991100192598734	0	-0	-0.735427688629695
0.8985	137	54	1	0.964923192780675	0.9649231922235	0.992412019440939	0	-0	-0.734188464385511
0.898	137	54	1	0.966090497823433	0.966090497267082	0.993711551367637	0	-0	-0.732949859366164
0.8975	137	54	1	0.967246165677332	0.967246165121801	0.994998844452849	0	-0	-0.731711872025417
0.897	137	54	1	0.968390258190288	0.968390257635562	0.996273953986673	0	-0	-0.730474500804768
0.8965	137	54	1	0.969522836434483	0.96952283588056	0.997536934486658	0	-0	-0.729237744133307
0.896	137	54	1	0.970643960717941	0.970643960164819	0.998787839708976	0	-0	-0.728001600427577
0.8955	137	54	1	0.971753690595803	0.971753690043473	1.00002672265925	0	-0	-0.726766068091431
0.895	137	54	1	0.972852084881347	0.972852084329797	1.00125363560332	0	-0	-0.725531145515891
0.8945	137	54	1	0.97393920165677	0.973939201105993	1.00246863007754	0	-0	-0.724296831078999
0.894	137	54	1	0.975015098283731	0.975015097733726	1.00367175689898	0	-0	-0.723063123145664
0.8935	137	54	1	0.976079831413661	0.976079830864437	1.00486306617534	0	-0	-0.72183002006752
0.893	137	54	1	0.977133456997885	0.977133456449418	1.00604260731465	0	-0	-0.720597520182765
0.8925	137	54	1	0.978176030297375	0.978176029749669	1.00721042903471	0	-0	-0.71936562181601
0.892	137	54	1	0.979207605892477	0.979207605345532	1.0083665793724	0	-0	-0.71813432327812
0.8915	137	54	1	0.980228237692319	0.980228237146115	1.00951110569266	0	-0	-0.716903622866052
0.891	137	54	1	0.981237978943956	0.98123797839851	1.01064405469736	0	-0	-0.715673518862698
0.8905	137	54	1	0.982236882241501	0.982236881696803	1.01176547243392	0	-0	-0.714444009536714
0.89	137	54	1	0.983224999534833	0.983224998990887	1.01287540430376	0	-0	-0.713215093142357
0.8895	137	54	1	0.984202382138317	0.984202381595084	1.01397389507048	0	-0	-0.711986767919312
0.889	137	54	1	0.985169080739069	0.985169080196578	1.01506098886792	0	-0	-0.710759032092525
0.8885	137	54	1	0.986125145405426	0.986125144863654	1.01613672920814	0	-0	-0.709531883872019
0.888	137	54	1	0.987070625594811	0.987070625053771	1.01720115898894	0	-0	-0.708305321452727
0.8875	137	54	1	0.988005570161772	0.988005569621441	1.01825432050138	0	-0	-0.707079343014302
0.887	137	54	1	0.988930027365572	0.988930026825953	1.01929625543722	0	-0	-0.705853946720943
0.8865	137	54	1	0.989844044877822	0.989844044338915	1.02032700489596	0	-0	-0.704629130721201
0.886	137	54	1	0.990747669789842	0.990747669251632	1.02134660939195	0	-0	-0.703404893147795
0.8855	137	54	1	0.991640948619823	0.991640948082328	1.02235510886106	0	-0	-0.702181232117421
0.885	137	54	1	0.99252392732	0.992523926783205	1.0233525426675	0	-0	-0.700958145730553
0.8845	137	54	1	0.993396651283459	0.993396650747353	1.02433894961023	0	-0	-0.69973563207125
0.884	137	54	1	0.994259165350907	0.994259164815494	1.02531436792941	0	-0	-0.698513689206953
0.8835	137	54	1	0.995111513817327	0.995111513282597	1.02627883531252	0	-0	-0.697292315188281
0.883	137	54	1	0.995953740438367	0.995953739904331	1.02723238890047	0	-0	-0.696071508048826
0.8825	137	54	1	0.996785888436749	0.996785887903386	1.02817506529349	0	-0	-0.694851265804941
0.882	137	54	1	0.997608000508324	0.997607999975648	1.02910690055696	0	-0	-0.693631586455526
0.8815	137	54	1	0.998420118828261	0.998420118296243	1.03002793022698	0	-0	-0.692412467981814
0.881	137	54	1	0.99922228505677	0.999222284525437	1.03093818931596	0	-0	-0.691193908347146
0.8805	137	54	1	1.00001454034507	1.00001453981442	1.03183771231786	0	-0	-0.689975905496753
0.88	137	54	1	1.00079692534095	1.00079692481095	1.03272653321351	0	-0	-0.688758457357523
0.8795	137	54	1	1.00156948019419	1.00156947966486	1.03360468547578	0	-0	-0.687541561837773
0.879	137	54	1	1.00233224456216	1.00233224403347	1.0344722020744	0	-0	-0.686325216827014
0.8785	137	54	1	1.00308525761488	1.00308525708686	1.03532911548091	0	-0	-0.68510942019571
0.878	137	54	1	1.00382855804038	1.00382855751302	1.0361754576735	0	-0	-0.683894169795041
0.8775	137	54	1	1.0045621840496	1.00456218352288	1.03701126014133	0	-0	-0.68267946345665
0.877	137	54	1	1.00528617338129	1.00528617285524	1.03783655388937	0	-0	-0.681465298992395
0.8765	137	54	1	1.00600056330701	1.00600056278158	1.03865136944256	0	-0	-0.680251674194098
0.876	137	54	1	1.00670539063554	1.00670539011077	1.0394557368501	0	-0	-0.679038586833282
0.8755	137	54	1	1.00740069171777	1.00740069119363	1.04024968568967	0	-0	-0.677826034660909
0.875	137	54	1	1.00808650245092	1.00808650192742	1.04103324507151	0	-0	-0.676614015407113
0.8745	137	54	1	1.00876285828312	1.00876285776025	1.04180644364215	0	-0	-0.67540252678093
0.874	137	54	1	1.00942979421754	1.0094297936953	1.04256930958849	0	-0	-0.674191566470019
0.8735	137	54	1	1.01008734481662	1.01008734429502	1.0433218706413	0	-0	-0.672981132140381
0.873	137	54	1	1.01073554420619	1.01073554368521	1.04406415407907	0	-0	-0.671771221436076
0.8725	137	54	1	1.0113744260793	1.01137442555895	1.04479618673125	0	-0	-0.670561831978933
0.872	137	54	1	1.01200402370026	1.01200402318053	1.04551799498189	0	-0	-0.669352961368249
0.8715	137	54	1	1.01262436990827	1.01262436938917	1.04622960477283	0	-0	-0.668144607180497
0.871	137	54	1	1.01323549712122	1.01323549660273	1.04693104160697	0	-0	-0.666936766969012
0.8705	137	54	1	1.01383743733921	1.01383743682132	1.04762233055135	0	-0	-0.665729438263688
0.87	137	54	1	1.01443022214803	1.01443022163077	1.04830349624016	0	-0	-0.664522618570656
0.8695	137	54	1	1.01501388272267	1.01501388220603	1.0489745628777	0	-0	-0.663316305371967
0.869	137	54	1	1.01558844983055	1.01558844931452	1.04963555424117	0	-0	-0.662110496125262
0.8685	137	54	1	1.01615395383477	1.01615395331934	1.05028649368346	0	-0	-0.660905188263444
0.868	137	54	1	1.01671042469723	1.01671042418241	1.05092740413573	0	-0	-0.65970037919433
0.8675	137	54	1	1.01725789198176	1.01725789146755	1.05155830810999	0	-0	-0.658496066300319
0.867	137	54	1	1.01779638485703	1.01779638434342	1.05217922770157	0	-0	-0.657292246938032
0.8665	137	54	1	1.01832593209945	1.01832593158643	1.05279018459146	0	-0	-0.656088918437961
0.866	137	54	1	1.01884656209598	1.01884656158357	1.05339120004868	0	-0	-0.654886078104103
0.8655	137	54	1	1.01935830284688	1.01935830233506	1.05398229493231	0	-0	-0.653683723213594
0.865	137	54	1	1.0198611819683	1.01986118145708	1.05456348969375	0	-0	-0.652481851016329
0.8645	137	54	1	1.02035522669489	1.02035522618427	1.05513480437875	0	-0	-0.651280458734584
0.864	137	54	1	1.02084046388228	1.02084046337225	1.05569625862912	0	-0	-0.650079543562623
0.8635	137	54	1	1.02131692000945	1.02131691950001	1.05624787168493	0	-0	-0.648879102666303
0.863	137	54	1	1.02178462118107	1.02178462067223	1.05678966238595	0	-0	-0.647679133182671
0.8625	137	54	1	1.0222435931298	1.02224359262155	1.05732164917354	0	-0	-0.646479632219555
0.862	137	54	1	1.02269386121839	1.02269386071072	1.05784385009213	0	-0	-0.645280596855139
0.8615	137	54	1	1.02313545044183	1.02313544993472	1.05835628279079	0	-0	-0.644082024137545
0.861	137	54	1	1.02356838542928	1.02356838492278	1.05885896452467	0	-0	-0.642883911084394
0.8605	137	54	1	1.02399269044623	1.02399268994031	1.05935191215631	0	-0	-0.641686254682366
0.86	137	54	1	1.02440838939611	1.02440838889076	1.0598351421569	0	-0	-0.640489051886752
0.8595	137	54	1	1.02481550582227	1.02481550531749	1.0603086706075	0	-0	-0.639292299620992
0.859	137	54	1	1.02521406290961	1.02521406240541	1.06077251320008	0	-0	-0.638095994776208
0.8585	137	54	1	1.0256040834863	1.02560408298269	1.06122668523867	0	-0	-0.636900134210735
0.858	137	54	1	1.02598559002535	1.02598558952231	1.06167120164013	0	-0	-0.635704714749628
0.8575	137	54	1	1.02635860464604	1.02635860414358	1.06210607693507	0	-0	-0.634509733184173
0.857	137	54	1	1.02672314911547	1.02672314861358	1.06253132526868	0	-0	-0.633315186271385
0.8565	137	54	1	1.02707924484982	1.02707924434851	1.0629469604014	0	-0	-0.632121070733492
0.856	137	54	1	1.02742691291575	1.027426912415	1.06335299570943	0	-0	-0.630927383257414
0.8555	137	54	1	1.0277661740315	1.02776617353131	1.0637494441854	0	-0	-0.629734120494233
0.855	137	54	1	1.02809704856812	1.02809704806851	1.06413631843871	0	-0	-0.628541279058645
0.8545	137	54	1	1.02841955655055	1.02841955605152	1.06451363069597	0	-0	-0.627348855528414
0.854	137	54	1	1.0287337176586	1.02873371716014	1.06488139280125	0	-0	-0.626156846443802
0.8535	137	54	1	1.0290395512279	1.02903955072999	1.06523961621629	0	-0	-0.624965248306999
0.853	137	54	1	1.02933707625072	1.02933707575338	1.06558831202058	0	-0	-0.623774057581531
0.8525	137	54	1	1.02962631137685	1.02962631088007	1.06592749091145	0	-0	-0.622583270691669
0.852	137	54	1	1.02990727491425	1.02990727441804	1.06625716320398	0	-0	-0.621392884021817
0.8515	137	54	1	1.03017998482975	1.0301799843341	1.06657733883093	0	-0	-0.620202893915887
0.851	137	54	1	1.03044445874958	1.03044445825449	1.06688802734241	0	-0	-0.619013296676671
0.8505	137	54	1	1.03070071395995	1.03070071346542	1.06718923790572	0	-0	-0.617824088565191
0.85	137	54	1	1.03094876740741	1.03094876691343	1.06748097930483	0	-0	-0.616635265800041
0.8495	137	54	1	1.03118863569926	1.03118863520583	1.06776325994005	0	-0	-0.615446824556713
0.849	137	54	1	1.03142033510382	1.03142033461097	1.06803608782732	0	-0	-0.614258760966911
0.8485	137	54	1	1.03164388155072	1.03164388105843	1.06829947059764	0	-0	-0.613071071117851
0.848	137	54	1	1.03185929063095	1.03185929013922	1.06855341549636	0	-0	-0.611883751051545
0.8475	137	54	1	1.03206657759697	1.03206657710579	1.06879792938233	0	-0	-0.610696796764077
0.847	137	54	1	1.03226575736273	1.03226575687211	1.06903301872701	0	-0	-0.609510204204848
0.8465	137	54	1	1.0324568445036	1.03245684401353	1.06925868961335	0	-0	-0.608323969275828
0.846	137	54	1	1.03263985325614	1.03263985276663	1.06947494773488	0	-0	-0.607138087830772
0.8455	137	54	1	1.032814797518	1.03281479702905	1.06968179839444	0	-0	-0.605952555674434
0.845	137	54	1	1.03298169084754	1.03298169035915	1.06987924650277	0	-0	-0.604767368561752
0.8445	137	54	1	1.03314054646345	1.03314054597562	1.07006729657741	0	-0	-0.60358252219703
0.844	137	54	1	1.03329137724436	1.03329137675706	1.07024595274098	0	-0	-0.602398012233089
0.8435	137	54	1	1.03343419572816	1.03343419524142	1.07041521871973	0	-0	-0.601213834270411
0.843	137	54	1	1.03356901411158	1.0335690136254	1.07057509784185	0	-0	-0.600029983856256
0.8425	137	54	1	1.03369584424936	1.03369584376375	1.07072559303569	0	-0	-0.598846456483766
0.842	137	54	1	1.03381469765357	1.03381469716849	1.07086670682794	0	-0	-0.597663247591046
0.8415	137	54	1	1.03392558549261	1.03392558500809	1.07099844134158	0	-0	-0.59648035256023
0.841	137	54	1	1.03402851859045	1.03402851810647	1.07112079829386	0	-0	-0.595297766716516
0.8405	137	54	1	1.03412350742545	1.03412350694203	1.0712337789941	0	-0	-0.594115485327197
0.84	137	54	1	1.03421056212938	1.03421056164653	1.07133738434142	0	-0	-0.592933503600654
0.8395	137	54	1	1.03428969248621	1.03428969200387	1.07143161482235	0	-0	-0.591751816685335
0.839	137	54	1	1.03436090793061	1.03436090744885	1.07151647050822	0	-0	-0.590570419668713
0.8385	137	54	1	1.034424217547	1.03442421706577	1.07159195105272	0	-0	-0.589389307576214
0.838	137	54	1	1.03447963006763	1.03447962958697	1.07165805568896	0	-0	-0.588208475370125
0.8375	137	54	1	1.03452715387141	1.03452715339129	1.07171478322675	0	-0	-0.587027917948482
0.837	137	54	1	1.034566796982	1.03456679650244	1.07176213204958	0	-0	-0.585847630143921
0.8365	137	54	1	1.03459856706623	1.03459856658721	1.07180010011154	0	-0	-0.584667606722518
0.836	137	54	1	1.03462247143215	1.03462247095369	1.07182868493408	0	-0	-0.583487842382586
0.8355	137	54	1	1.03463851702721	1.0346385165493	1.07184788360263	0	-0	-0.582308331753459
0.835	137	54	1	1.03464671043615	1.03464670995878	1.07185769276314	0	-0	-0.581129069394241
0.8345	137	54	1	1.03464705787884	1.03464705740202	1.07185810861855	0	-0	-0.579950049792526
0.834	137	54	1	1.0346395652081	1.03463956473186	1.07184912692496	0	-0	-0.578771267363085
0.8335	137	54	1	1.03462423790743	1.03462423743173	1.07183074298772	0	-0	-0.577592716446535
0.833	137	54	1	1.03460108108835	1.03460108061319	1.07180295165746	0	-0	-0.576414391307962
0.8325	137	54	1	1.03457009948799	1.03457009901339	1.07176574732599	0	-0	-0.575236286135517
0.832	137	54	1	1.03453129746641	1.03453129699236	1.07171912392177	0	-0	-0.574058395038983
0.8315	137	54	1	1.03448467900377	1.03448467853027	1.07166307490569	0	-0	-0.572880712048301
0.831	137	54	1	1.03443024769743	1.03443024722448	1.0715975932663	0	-0	-0.571703231112063
0.8305	137	54	1	1.03436800675894	1.03436800628654	1.07152267151506	0	-0	-0.570525946095971
0.83	137	54	1	1.03429795901088	1.03429795853904	1.07143830168145	0	-0	-0.569348850781259
0.8295	137	54	1	1.03422010688362	1.03422010641233	1.07134447530778	0	-0	-0.568171938863065
0.829	137	54	1	1.03413445241188	1.03413445194113	1.07124118344397	0	-0	-0.566995203948783
0.8285	137	54	1	1.03404099723119	1.034040996761	1.07112841664215	0	-0	-0.565818639556358
0.828	137	54	1	1.0339397425743	1.03393974210467	1.07100616495091	0	-0	-0.564642239112545
0.8275	137	54	1	1.03383068926732	1.03383068879823	1.0708744179096	0	-0	-0.563465995951125
0.827	137	54	1	1.03371383772578	1.03371383725723	1.07073316454229	0	-0	-0.562289903311075
0.8265	137	54	1	1.03358918795051	1.03358918748254	1.0705823933516	0	-0	-0.561113954334691
0.826	137	54	1	1.03345673952355	1.03345673905613	1.07042209231223	0	-0	-0.559938142065666
0.8255	137	54	1	1.0333164916036	1.03331649113673	1.07025224886453	0	-0	-0.558762459447119
0.825	137	54	1	1.03316844292154	1.03316844245523	1.07007284990759	0	-0	-0.557586899319569
0.8245	137	54	1	1.03301259177576	1.03301259131001	1.06988388179222	0	-0	-0.556411454418864
0.824	137	54	1	1.03284893602728	1.03284893556208	1.06968533031379	0	-0	-0.555236117374049
0.8235	137	54	1	1.03267747309468	1.03267747263003	1.06947718070469	0	-0	-0.554060880705184
0.823	137	54	1	1.03249819994894	1.03249819948486	1.06925941762677	0	-0	-0.552885736821101
0.8225	137	54	1	1.03231111310805	1.03231111264454	1.06903202516327	0	-0	-0.551710678017109
0.822	137	54	1	1.03211620863147	1.0321162081685	1.0687949868107	0	-0	-0.550535696472625
0.8215	137	54	1	1.03191348211428	1.03191348165188	1.06854828547043	0	-0	-0.549360784248756
0.821	137	54	1	1.03170292868135	1.03170292821951	1.06829190344002	0	-0	-0.54818593328581
0.8205	137	54	1	1.03148454298113	1.03148454251986	1.06802582240414	0	-0	-0.547011135400736
0.82	137	54	1	1.03125831917935	1.03125831871863	1.06775002342552	0	-0	-0.545836382284501
0.8195	137	54	1	1.03102425095238	1.03102425049223	1.06746448693531	0	-0	-0.544661665499397
0.819	137	54	1	1.03078233148053	1.03078233102095	1.06716919272328	0	-0	-0.543486976476264
0.8185	137	54	1	1.03053255344105	1.03053255298203	1.06686411992766	0	-0	-0.542312306511644
0.818	137	54	1	1.03027490900082	1.03027490854236	1.06654924702493	0	-0	-0.541137646764859
0.8175	137	54	1	1.03000938980897	1.03000938935107	1.06622455181866	0	-0	-0.539962988255
0.817	137	54	1	1.02973598698911	1.02973598653177	1.06589001142893	0	-0	-0.538788321857835
0.8165	137	54	1	1.0294546911314	1.02945469067463	1.06554560228045	0	-0	-0.537613638302628
0.816	137	54	1	1.02916549228429	1.0291654918281	1.0651913000911	0	-0	-0.53643892816887
0.8155	137	54	1	1.0288683799461	1.02886837949047	1.06482707985957	0	-0	-0.535264181882918
0.815	137	54	1	1.0285633430561	1.02856334260104	1.06445291585293	0	-0	-0.534089389714526
0.8145	137	54	1	1.0282503699856	1.02825036953111	1.06406878159374	0	-0	-0.532914541773296
0.814	137	54	1	1.0279294485285	1.02792944807459	1.06367464984665	0	-0	-0.531739628005001
0.8135	137	54	1	1.02760056589168	1.02760056543834	1.0632704926047	0	-0	-0.530564638187823
0.813	137	54	1	1.02726370868497	1.02726370823221	1.06285628107523	0	-0	-0.529389561928463
0.8125	137	54	1	1.0269188629109	1.02691886245871	1.06243198566501	0	-0	-0.528214388658143
0.812	137	54	1	1.02656601395398	1.02656601350236	1.0619975759655	0	-0	-0.527039107628488
0.8115	137	54	1	1.02620514656973	1.02620514611869	1.06155302073701	0	-0	-0.525863707907286
0.811	137	54	1	1.02583624487337	1.02583624442291	1.06109828789284	0	-0	-0.524688178374112
0.8105	137	54	1	1.02545929232805	1.02545929187815	1.06063334448257	0	-0	-0.523512507715825
0.81	137	54	1	1.02507427173261	1.02507427128331	1.06015815667509	0	-0	-0.522336684421927
0.8095	137	54	1	1.02468116520931	1.02468116476057	1.05967268974078	0	-0	-0.521160696779775
0.809	137	54	1	1.02427995419058	1.02427995374242	1.05917690803352	0	-0	-0.519984532869644
0.8085	137	54	1	1.02387061940588	1.02387061895831	1.05867077497164	0	-0	-0.518808180559639
0.808	137	54	1	1.02345314086775	1.02345314042076	1.05815425301872	0	-0	-0.517631627500445
0.8075	137	54	1	1.02302749785753	1.02302749741114	1.05762730366333	0	-0	-0.516454861119908
0.807	137	54	1	1.02259366891063	1.02259366846482	1.05708988739843	0	-0	-0.515277868617443
0.8065	137	54	1	1.02215163180115	1.02215163135594	1.05654196369994	0	-0	-0.514100636958264
0.806	137	54	1	1.02170136352625	1.02170136308161	1.05598349100459	0	-0	-0.512923152867431
0.8055	137	54	1	1.02124284028958	1.02124283984554	1.05541442668709	0	-0	-0.511745402823687
0.805	137	54	1	1.0207760374846	1.02077603704115	1.0548347270365	0	-0	-0.510567373053111
0.8045	137	54	1	1.02030092967694	1.02030092923409	1.05424434723176	0	-0	-0.509389049522551
0.804	137	54	1	1.01981749058641	1.01981749014415	1.05364324131651	0	-0	-0.508210417932835
0.8035	137	54	1	1.01932569306821	1.01932569262655	1.05303136217292	0	-0	-0.507031463711762
0.803	137	54	1	1.01882550909358	1.01882550865252	1.0524086614947	0	-0	-0.505852172006851
0.8025	137	54	1	1.01831690972974	1.01831690928928	1.0517750897591	0	-0	-0.50467252767784
0.802	137	54	1	1.0177998651191	1.01779986467925	1.05113059619808	0	-0	-0.503492515288933
0.8015	137	54	1	1.01727434445783	1.01727434401856	1.05047512876827	0	-0	-0.502312119100774
0.801	137	54	1	1.0167403159734	1.01674031553475	1.04980863412004	0	-0	-0.501131323062144
0.8005	137	54	1	1.01619774690173	1.01619774646368	1.04913105756541	0	-0	-0.499950110801361
0.8	137	54	1	1.0156466034631	1.01564660302566	1.04844234304481	0	-0	-0.498768465617384
0.7995	137	54	1	1.01508685083741	1.01508685040059	1.04774243309265	0	-0	-0.497586370470589
0.799	137	54	1	1.01451845313854	1.01451845270232	1.04703126880162	0	-0	-0.496403807973221
0.7985	137	54	1	1.01394137338758	1.01394137295198	1.04630878978586	0	-0	-0.495220760379493
0.798	137	54	1	1.01335557348532	1.01335557305033	1.04557493414231	0	-0	-0.494037209575333
0.7975	137	54	1	1.01276101418351	1.01276101374912	1.04482963841137	0	-0	-0.492853137067736
0.797	137	54	1	1.01215765505508	1.01215765462131	1.04407283753538	0	-0	-0.491668523973745
0.7965	137	54	1	1.01154545446337	1.01154545403021	1.04330446481603	0	-0	-0.490483351008989
0.796	137	54	1	1.01092436952993	1.01092436909742	1.04252445186987	0	-0	-0.489297598475817
0.7955	137	54	1	1.0102943561014	1.01029435566952	1.04173272858225	0	-0	-0.48811124625096
0.795	137	54	1	1.00965536871479	1.00965536828353	1.04092922305959	0	-0	-0.48692427377273
0.7945	137	54	1	1.00900736056159	1.00900736013095	1.04011386157954	0	-0	-0.485736660027716
0.794	137	54	1	1.00835028345045	1.00835028302045	1.03928656853946	0	-0	-0.484548383536966
0.7935	137	54	1	1.00768408776837	1.00768408733899	1.03844726640281	0	-0	-0.483359422341622
0.793	137	54	1	1.00700872244028	1.00700872201153	1.03759587564331	0	-0	-0.482169753987985
0.7925	137	54	1	1.00632413488709	1.00632413445899	1.03673231468691	0	-0	-0.48097935551198
0.792	137	54	1	1.005630270982	1.00563027055454	1.0358564998516	0	-0	-0.479788203422995
0.7915	137	54	1	1.004927075005	1.00492707457816	1.03496834528449	0	-0	-0.478596273687055
0.791	137	54	1	1.00421448959546	1.00421448916925	1.03406776289659	0	-0	-0.477403541709316
0.7905	137	54	1	1.00349245570284	1.0034924552773	1.03315466229467	0	-0	-0.476209982315815
0.79	137	54	1	1.00276091253541	1.00276091211051	1.03222895071051	0	-0	-0.475015569734468
0.7895	137	54	1	1.00201979750646	1.0020197970822	1.03129053292691	0	-0	-0.473820277575258
0.789	137	54	1	1.00126904617859	1.00126904575498	1.03033931120085	0	-0	-0.47262407880958
0.7885	137	54	1	1.0005085922054	1.00050859178246	1.0293751851831	0	-0	-0.47142694574869
0.788	137	54	1	0.999738367270755	0.999738366848466	1.02839805183454	0	-0	-0.470228850021227
0.7875	137	54	1	0.998958301025229	0.998958300603603	1.02740780533879	0	-0	-0.469029762549732
0.787	137	54	1	0.998168321019938	0.99816832059897	1.026404337011	0	-0	-0.467829653526145
0.7865	137	54	1	0.997368352637248	0.997368352216947	1.02538753520252	0	-0	-0.466628492386182
0.786	137	54	1	0.996558319018495	0.996558318598857	1.02435728520134	0	-0	-0.465426247782573
0.7855	137	54	1	0.99573814098829	0.995738140569326	1.02331346912817	0	-0	-0.464222887557063
0.785	137	54	1	0.994907736975481	0.99490773655718	1.02225596582741	0	-0	-0.463018378711133
0.7845	137	54	1	0.994067022930293	0.99406702251266	1.02118465075354	0	-0	-0.461812687375343
0.784	137	54	1	0.993215912237724	0.993215911820769	1.0200993958518	0	-0	-0.460605778777238
0.7835	137	54	1	0.992354315626773	0.992354315210501	1.01900006943356	0	-0	-0.45939761720773
0.783	137	54	1	0.99148214107533	0.991482140659741	1.01788653604551	0	-0	-0.458188165985857
0.7825	137	54	1	0.990599293710464	0.990599293295568	1.01675865633276	0	-0	-0.456977387421828
0.782	137	54	1	0.989705675703888	0.989705675289677	1.01561628689506	0	-0	-0.455765242778259
0.7815	137	54	1	0.988801186162189	0.988801185748659	1.01445928013629	0	-0	-0.454551692229478
0.781	137	54	1	0.987885721011617	0.98788572059879	1.01328748410608	0	-0	-0.453336694818793
0.7805	137	54	1	0.986959172877141	0.986959172465007	1.01210074233362	0	-0	-0.452120208413577
0.78	137	54	1	0.986021430955157	0.986021430543732	1.01089889365332	0	-0	-0.450902189658067
0.7795	137	54	1	0.985072380879847	0.985072380469118	1.00968177202094	0	-0	-0.449682593923691
0.779	137	54	1	0.984111904582343	0.984111904172322	1.00844920632062	0	-0	-0.448461375256804
0.7785	137	54	1	0.983139880142648	0.983139879733362	1.0072010201617	0	-0	-0.447238486323635
0.778	137	54	1	0.982156181633646	0.982156181225054	1.00593703166445	0	-0	-0.446013878352275
0.7775	137	54	1	0.981160678956402	0.981160678548532	1.00465705323459	0	-0	-0.444787501071518
0.777	137	54	1	0.980153237666899	0.980153237259762	1.00336089132539	0	-0	-0.443559302646324
0.7765	137	54	1	0.979133718792898	0.979133718386479	1.00204834618656	0	-0	-0.442329229609688
0.776	137	54	1	0.978101978640531	0.978101978234849	1.00071921159931	0	-0	-0.441097226790668
0.7755	137	54	1	0.977057868590138	0.977057868185188	0.999373274596296	0	-0	-0.439863237238293
0.775	137	54	1	0.976001234880159	0.976001234475933	0.99801031516555	0	-0	-0.438627202141083
0.7745	137	54	1	0.974931918378533	0.974931917975058	0.996630105937269	0	-0	-0.43738906074183
0.774	137	54	1	0.973849754340762	0.973849753938022	0.995232411852121	0	-0	-0.436148750247339
0.7735	137	54	1	0.972754572153254	0.972754571751265	0.993816989809952	0	-0	-0.434906205732733
0.773	137	54	1	0.971646195061415	0.971646194660184	0.992383588297094	0	-0	-0.433661360039919
0.7725	137	54	1	0.970524439880909	0.970524439480433	0.990931946991121	0	-0	-0.432414143669787
0.772	137	54	1	0.969389116690998	0.969389116291278	0.989461796340772	0	-0	-0.431164484667651
0.7715	137	54	1	0.968240028508559	0.968240028109611	0.987972857119822	0	-0	-0.429912308501421
0.771	137	54	1	0.96707697094133	0.96707697054315	0.986464839952197	0	-0	-0.428657537931917
0.7705	137	54	1	0.965899731818535	0.965899731421118	0.98493744480651	0	-0	-0.427400092874717
0.77	137	54	1	0.964708090797266	0.96470809040065	0.983390360457454	0	-0	-0.426139890252843
0.7695	137	54	1	0.963501818942722	0.963501818546904	0.981823263911098	0	-0	-0.424876843839536
0.769	137	54	1	0.962280678279765	0.96228067788472	0.980235819791584	0	-0	-0.423610864090296
0.7685	137	54	1	0.961044421313654	0.961044420919417	0.978627679685515	0	-0	-0.422341857963277
0.768	137	54	1	0.959792790517558	0.959792790124116	0.976998481440626	0	-0	-0.421069728727033
0.7675	137	54	1	0.958525517783302	0.958525517390653	0.975347848414893	0	-0	-0.419794375754522
0.767	137	54	1	0.957242323832715	0.957242323440891	0.973675388671421	0	-0	-0.418515694302138
0.7665	137	54	1	0.955942917585895	0.955942917194883	0.971980694114544	0	-0	-0.417233575272429
0.766	137	54	1	0.954626995482132	0.954626995091939	0.970263339561542	0	-0	-0.415947904959002
0.7655	137	54	1	0.953294240749598	0.953294240360239	0.968522881744321	0	-0	-0.41465856477196
0.765	137	54	1	0.951944322618684	0.951944322230156	0.966758858233911	0	-0	-0.413365430942028
0.7645	137	54	1	0.950576895473527	0.950576895085859	0.964970786281228	0	-0	-0.412068374201306
0.764	137	54	1	0.94919159793604	0.949191597549201	0.963158161564993	0	-0	-0.410767259438364
0.7635	137	54	1	0.947788051875127	0.94778805148914	0.961320456838335	0	-0	-0.409461945325111
0.763	137	54	1	0.946365861334291	0.946365860949167	0.959457120463435	0	-0	-0.408152283912574
0.7625	137	54	1	0.944924611368522	0.944924610984269	0.957567574822731	0	-0	-0.406838120192357
0.762	137	54	1	0.943463866781311	0.943463866397932	0.955651214593865	0	-0	-0.405519291620165
0.7615	137	54	1	0.941983170750955	0.941983170368461	0.953707404873602	0	-0	-0.404195627597295
0.761	137	54	1	0.940482043334126	0.940482042952513	0.951735479134217	0	-0	-0.402866948905499
0.7605	137	54	1	0.938959979832876	0.93895997945215	0.949734736993955	0	-0	-0.401533067089977
0.76	137	54	1	0.937416449009675	0.93741644862988	0.947704441780071	0	-0	-0.40019378378458
0.7595	137	54	1	0.935850891132868	0.935850890753976	0.945643817860453	0	-0	-0.398848889972468
0.759	137	54	1	0.934262715831921	0.934262715453962	0.943552047716463	0	-0	-0.397498165174535
0.7585	137	54	1	0.932651299740181	0.932651299363138	0.941428268725581	0	-0	-0.396141376556773
0.758	137	54	1	0.931015983897884	0.931015983521777	0.939271569617517	0	-0	-0.394778277946502
0.7575	137	54	1	0.929356070885628	0.929356070510506	0.937080986562767	0	-0	-0.393408608745802
0.757	137	54	1	0.927670821653003	0.92767082127881	0.934855498845688	0	-0	-0.39203209272876
0.7565	137	54	1	0.925959452001233	0.925959451628024	0.932594024066553	0	-0	-0.390648436706964
0.756	137	54	1	0.924221128673832	0.924221128301609	0.930295412808411	0	-0	-0.389257329045216
0.7555	137	54	1	0.922454964998945	0.922454964627717	0.927958442694158	0	-0	-0.387858438006373
0.755	137	54	1	0.920660016019904	0.920660015649671	0.925581811745661	0	-0	-0.386451409900718
0.7545	137	54	1	0.918835273038027	0.918835272668784	0.923164130942203	0	-0	-0.385035867010867
0.754	137	54	1	0.91697965747854	0.916979657110341	0.92070391585725	0	-0	-0.38361140525808
0.7535	137	54	1	0.915092013974326	0.915092013607167	0.918199577229042	0	-0	-0.382177591569492
0.753	137	54	1	0.913171102541215	0.913171102175105	0.915649410294481	0	-0	-0.38073396089809
0.7525	137	54	1	0.911215589695224	0.911215589330175	0.913051582681739	0	-0	-0.379280012837813
0.752	137	54	1	0.909224038330848	0.909224037966883	0.910404120615616	0	-0	-0.377815207764508
0.7515	137	54	1	0.907194896142403	0.907194895779525	0.907704893138882	0	-0	-0.376338962419035
0.751	137	54	1	0.905126482323234	0.905126481961469	0.90495159398889	0	-0	-0.374850644830746
0.7505	137	54	1	0.903016972219018	0.903016971858392	0.902141720688578	0	-0	-0.373349568456915
0.75	137	54	1	0.900864379536278	0.900864379176795	0.899272550308975	0	-0	-0.371834985384949
0.7495	137	54	1	0.898666535612253	0.898666535253932	0.896341111231706	0	-0	-0.370306078407574
0.749	137	54	1	0.89642106512987	0.896421064772752	0.893344150072296	0	-0	-0.368761951734027
0.7485	137	54	1	0.894125357502469	0.894125357146534	0.890278092709757	0	-0	-0.367201620039076
0.748	137	54	1	0.891776532944332	0.891776532589644	0.887138998083867	0	-0	-0.365623995471486
0.7475	137	54	1	0.889371401968776	0.889371401615326	0.883922503047927	0	-0	-0.36402787213736
0.747	137	54	1	0.886906416684834	0.886906416332659	0.880623756061831	0	-0	-0.362411907431705
0.7465	137	54	1	0.884377611766536	0.884377611415682	0.877237336832855	0	-0	-0.360774599399061
0.746	137	54	1	0.881780532282398	0.881780531932873	0.87375715807924	0	-0	-0.359114259040013
0.7455	137	54	1	0.879110144620915	0.879110144272746	0.87017634429734	0	-0	-0.357428976112958
0.745	137	54	1	0.876360725402614	0.876360725055851	0.866487080582815	0	-0	-0.355716576461324
0.7445	137	54	1	0.873525721335759	0.873525720990423	0.862680421929182	0	-0	-0.353974568150359
0.744	137	54	1	0.870597570143232	0.870597569799382	0.858746049578809	0	-0	-0.352200072605089
0.7435	137	54	1	0.867567468459955	0.867567468117622	0.854671955252987	0	-0	-0.350389735307953
0.743	137	54	1	0.864425066131197	0.864425065790428	0.850444025295426	0	-0	-0.348539608115829
0.7425	137	54	1	0.861158056188344	0.8611580558492	0.846045482958091	0	-0	-0.346644991332176
0.742	137	54	1	0.857751613357011	0.857751613019537	0.841456124738719	0	-0	-0.344700217322595
0.7415	137	54	1	0.854187606484343	0.854187606148615	0.83665124934389	0	-0	-0.342698346841439
0.741	137	54	1	0.850443462492102	0.850443462158202	0.831600112910269	0	-0	-0.340630730757287
0.7405	137	54	1	0.846490472453691	0.846490472121717	0.826263625868665	0	-0	-0.338486356203398
0.74	137	54	1	0.842291163090756	0.842291162760804	0.820590779471038	0	-0	-0.336250831434105
0.7395	137	54	1	0.837795013383109	0.837795013055337	0.814512823076378	0	-0	-0.333904730656638
0.739	137	54	1	0.832931030296538	0.832931029971074	0.807933172841169	0	-0	-0.331420723613018
0.7385	137	54	1	0.82759380379424	0.827593803471323	0.800708459185779	0	-0	-0.328758181119384
0.738	137	54	1	0.821614278019689	0.821614277699585	0.79260880623453	0	-0	-0.325851861935605
0.7375	137	54	1	0.814687822052864	0.814687821736003	0.783220093771097	0	-0	-0.322584056410373
0.737	137	54	1	0.806143512175216	0.806143511862321	0.771630490835029	0	-0	-0.318695182040099
0.7367	137	54	1	0.799491691184681	0.799491690874854	0.762603036151337	0	-0	-0.315773756176675
0.7365	137	54	1	0.793613130257198	0.79361312995005	0.754622311506893	0	-0	-0.313267656607887
0.7364	137	54	1	0.789662455000011	0.789662454694672	0.749257809161477	0	-0	-0.311622778752877
0.7363	137	54	1	0.783553653545737	0.783553653243162	0.740961689639438	0	-0	-0.309140846950719
0.736269	137	54	1	0.779077036284283	0.779077035983726	0.734881654538372	0	-0	-0.307368997266534

#Second branch
0.736269	137	54	1	0.779077036284283	0.779077035983726	0.734881654538372	0	-0	-0.307368997266534
0.736268	137	54	1	0.7762139841279	0.776213983828616	0.730993049967567	0	-0	-0.306256446878066
0.7365	137	54	1	0.761379112072935	0.761379111780274	0.71084657278502	0	-0	-0.30074704673681
0.737	137	54	1	0.749041844807833	0.749041844520613	0.694100509544037	0	-0	-0.296488077460845
0.7375	137	54	1	0.740688134671275	0.740688134387708	0.682769433709323	0	-0	-0.293769992810658
0.738	137	54	1	0.733949757363378	0.733949757082751	0.673635655862306	0	-0	-0.291675225321226
0.7385	137	54	1	0.728155783009558	0.72815578273144	0.665787341569683	0	-0	-0.289944207453273
0.739	137	54	1	0.723001574547748	0.723001574271853	0.658810367168467	0	-0	-0.288459244735868
0.7395	137	54	1	0.718318069994006	0.718318069720126	0.652474853362996	0	-0	-0.287155111329422
0.74	137	54	1	0.713999853199723	0.713999852927692	0.646637427181638	0	-0	-0.285991193674989
0.7405	137	54	1	0.709975925035078	0.709975924764771	0.64120150141779	0	-0	-0.284940177368213
0.741	137	54	1	0.706195758401621	0.706195758132921	0.636098322097329	0	-0	-0.283982652703083
0.7415	137	54	1	0.702621873960768	0.702621873693591	0.631276877170405	0	-0	-0.283104244258362
0.742	137	54	1	0.699225556744802	0.699225556479061	0.626698073798299	0	-0	-0.282293955734064
0.7425	137	54	1	0.695984227654341	0.695984227389975	0.622331164881779	0	-0	-0.281543154812594
0.743	137	54	1	0.692879749536454	0.692879749273396	0.618151445926208	0	-0	-0.280844919314092
0.7435	137	54	1	0.689897291138638	0.689897290876845	0.614138710264389	0	-0	-0.28019359892688
0.744	137	54	1	0.687024539537311	0.687024539276722	0.61027617802064	0	-0	-0.279584511539206
0.7445	137	54	1	0.684251138646907	0.684251138387488	0.606549732449793	0	-0	-0.279013726860029
0.745	137	54	1	0.681568279196786	0.681568278938502	0.602947362224537	0	-0	-0.278477908496535
0.7455	137	54	1	0.678968393030805	0.678968392773591	0.599458745580111	0	-0	-0.27797419627667
0.746	137	54	1	0.676444921005667	0.676444920749531	0.596074934546048	0	-0	-0.277500116952399
0.7465	137	54	1	0.673992133919389	0.673992133664271	0.592788111298736	0	-0	-0.277053515343456
0.747	137	54	1	0.671604992367977	0.671604992113848	0.589591397461319	0	-0	-0.27663250048005
0.7475	137	54	1	0.669279035658844	0.669279035405689	0.586478702926715	0	-0	-0.27623540293616
0.748	137	54	1	0.667010292737766	0.667010292485551	0.583444604626307	0	-0	-0.275860740637523
0.7485	137	54	1	0.66479521001969	0.66479520976839	0.580484248295359	0	-0	-0.275507191174537
0.749	137	54	1	0.662630592359299	0.66263059210891	0.577593268115445	0	-0	-0.275173569169436
0.7495	137	54	1	0.660513554349522	0.660513554100001	0.574767720409533	0	-0	-0.274858807614569
0.75	137	54	1	0.658441479820708	0.658441479572046	0.572004028496375	0	-0	-0.274561942362636
0.7505	137	54	1	0.656411987913076	0.656411987665249	0.569298936489934	0	-0	-0.274282099142216
0.751	137	54	1	0.65442290446288	0.654422904215888	0.566649470330879	0	-0	-0.274018482614041
0.7515	137	54	1	0.652472237719127	0.652472237472929	0.564052904711978	0	-0	-0.273770367089631
0.752	137	54	1	0.650558157615084	0.650558157369672	0.561506734842699	0	-0	-0.273537088614116
0.7525	137	54	1	0.648678977978685	0.648678977734057	0.559008652213942	0	-0	-0.273318038176282
0.753	137	54	1	0.646833141187592	0.646833140943725	0.556556523691282	0	-0	-0.273112655856051
0.7535	137	54	1	0.645019204870321	0.645019204627197	0.554148373393892	0	-0	-0.272920425756224
0.754	137	54	1	0.643235830329537	0.643235830087138	0.551782366918315	0	-0	-0.272740871594063
0.7545	137	54	1	0.641481772422359	0.641481772180683	0.549456797546398	0	-0	-0.272573552850957
0.755	137	54	1	0.639755870679643	0.63975587043868	0.547170074140225	0	-0	-0.272418061396476
0.7555	137	54	1	0.6380570414836	0.638057041243323	0.544920710478816	0	-0	-0.272274018517531
0.756	137	54	1	0.63638427115353	0.636384270913939	0.542707315831492	0	-0	-0.272141072295048
0.7565	137	54	1	0.634736609814187	0.634736609575273	0.540528586597295	0	-0	-0.272018895279978
0.757	137	54	1	0.633113165940924	0.63311316570267	0.53838329886638	0	-0	-0.271907182428179
0.7575	137	54	1	0.631513101492615	0.631513101255015	0.536270301782291	0	-0	-0.271805649260018
0.758	137	54	1	0.629935627556783	0.629935627319822	0.534188511601923	0	-0	-0.271714030215759
0.7585	137	54	1	0.628380000442459	0.628380000206132	0.532136906365623	0	-0	-0.271632077182085
0.759	137	54	1	0.626845518165898	0.6268455179302	0.530114521102703	0	-0	-0.271559558168737
0.7595	137	54	1	0.62533151728188	0.625331517046799	0.528120443507711	0	-0	-0.27149625611719
0.76	137	54	1	0.623837370019969	0.623837369785494	0.52615381003258	0	-0	-0.271441967825874
0.7605	137	54	1	0.622362481690686	0.622362481456809	0.524213802346451	0	-0	-0.271396502978496
0.761	137	54	1	0.62090628833114	0.620906288097858	0.522299644122042	0	-0	-0.271359683263864
0.7615	137	54	1	0.619468254563715	0.61946825433101	0.520410598112298	0	-0	-0.271331341577131
0.762	137	54	1	0.618047871644644	0.61804787141252	0.518545963486103	0	-0	-0.271311321293634
0.7625	137	54	1	0.616644655682533	0.616644655450976	0.516705073395524	0	-0	-0.271299475607674
0.763	137	54	1	0.615258146008885	0.615258145777896	0.514887292750415	0	-0	-0.271295666929476
0.7635	137	54	1	0.613887903685354	0.613887903454909	0.513092016179338	0	-0	-0.271299766334436
0.764	137	54	1	0.612533510133755	0.612533509903866	0.511318666158123	0	-0	-0.271311653059424
0.7645	137	54	1	0.611194565877097	0.611194565647751	0.509566691289446	0	-0	-0.271331214041557
0.765	137	54	1	0.60987068938053	0.609870689151705	0.507835564719037	0	-0	-0.271358343495369
0.7655	137	54	1	0.608561515982937	0.608561515754646	0.506124782675409	0	-0	-0.271392942524771
0.766	137	54	1	0.607266696910809	0.607266696683038	0.504433863121634	0	-0	-0.271434918766599
0.7665	137	54	1	0.605985898366535	0.605985898139273	0.502762344508835	0	-0	-0.271484186062884
0.767	137	54	1	0.604718800684684	0.604718800457944	0.501109784622421	0	-0	-0.271540664159322
0.7675	137	54	1	0.603465097550227	0.603465097323987	0.499475759512657	0	-0	-0.271604278427652
0.768	137	54	1	0.602224495273038	0.602224495047297	0.497859862502156	0	-0	-0.271674959609912
0.7685	137	54	1	0.600996712114233	0.600996711888988	0.496261703264024	0	-0	-0.271752643582753
0.769	137	54	1	0.599781477659671	0.599781477434916	0.49468090696435	0	-0	-0.271837271140173
0.7695	137	54	1	0.598578532236842	0.598578532012567	0.493117113463908	0	-0	-0.271928787793195
0.77	137	54	1	0.597387626371553	0.597387626147748	0.491569976574117	0	-0	-0.272027143585167
0.7705	137	54	1	0.596208520281215	0.596208520057887	0.490039163363023	0	-0	-0.272132292921491
0.771	137	54	1	0.595040983401927	0.595040983179054	0.488524353507171	0	-0	-0.272244194412699
0.7715	137	54	1	0.593884793946455	0.593884793724055	0.487025238686025	0	-0	-0.272362810729899
0.772	137	54	1	0.592739738491172	0.592739738269234	0.485541522015337	0	-0	-0.272488108471729
0.7725	137	54	1	0.591605611589307	0.591605611367814	0.48407291751693	0	-0	-0.272620058041999
0.773	137	54	1	0.590482215408816	0.590482215187784	0.48261914962182	0	-0	-0.27275863353731
0.7735	137	54	1	0.589369359393171	0.589369359172572	0.481179952704456	0	-0	-0.272903812644003
0.774	137	54	1	0.588266859942977	0.588266859722823	0.479755070645757	0	-0	-0.273055576543833
0.7745	137	54	1	0.587174540117546	0.587174539897828	0.478344256422909	0	-0	-0.27321390982784
0.775	137	54	1	0.586092229354478	0.586092229135188	0.476947271724065	0	-0	-0.273378800417923
0.7755	137	54	1	0.585019763206364	0.585019762987505	0.475563886586181	0	-0	-0.273550239495688
0.776	137	54	1	0.583956983093364	0.583956982874925	0.474193879054537	0	-0	-0.273728221438154
0.7765	137	54	1	0.582903736070501	0.582903735852484	0.472837034862358	0	-0	-0.273912743759962
0.777	137	54	1	0.581859874608907	0.581859874391299	0.471493147129341	0	-0	-0.274103807061767
0.7775	137	54	1	0.580825256389914	0.580825256172718	0.470162016077748	0	-0	-0.274301414984501
0.778	137	54	1	0.57979974411138	0.579799743894601	0.468843448765139	0	-0	-0.274505574169257
0.7785	137	54	1	0.578783205305378	0.578783205088998	0.467537258832464	0	-0	-0.274716294222535
0.779	137	54	1	0.577775512166499	0.577775511950519	0.466243266266773	0	-0	-0.274933587686655
0.7795	137	54	1	0.576776541390361	0.576776541174783	0.464961297177644	0	-0	-0.275157470015124
0.78	137	54	1	0.575786174021523	0.575786173806333	0.463691183586358	0	-0	-0.275387959552802
0.7805	137	54	1	0.574804295310298	0.574804295095501	0.462432763227374	0	-0	-0.2756250775207
0.781	137	54	1	0.573830794578132	0.573830794363718	0.461185879361125	0	-0	-0.275868848005292
0.7815	137	54	1	0.57286556509085	0.572865564876816	0.459950380597677	0	-0	-0.27611929795221
0.782	137	54	1	0.571908503939546	0.571908503725883	0.458726120730698	0	-0	-0.276376457164237
0.7825	137	54	1	0.570959511928609	0.570959511715322	0.457512958581034	0	-0	-0.27664035830349
0.783	137	54	1	0.570018493470623	0.570018493257707	0.456310757849554	0	-0	-0.276911036897759
0.7835	137	54	1	0.569085356487696	0.569085356275152	0.455119386978725	0	-0	-0.277188531350902
0.784	137	54	1	0.568160012319038	0.568160012106859	0.453938719022624	0	-0	-0.277472882957298
0.7845	137	54	1	0.567242375634407	0.567242375422586	0.45276863152475	0	-0	-0.277764135920286
0.785	137	54	1	0.566332364353233	0.566332364141776	0.451609006403534	0	-0	-0.278062337374614
0.7855	137	54	1	0.565429899569218	0.56542989935811	0.450459729845194	0	-0	-0.278367537412845
0.786	137	54	1	0.564534905480019	0.564534905269276	0.449320692203334	0	-0	-0.27867978911578
0.7865	137	54	1	0.56364730932217	0.563647309111764	0.448191787905522	0	-0	-0.278999148586863
0.787	137	54	1	0.562767041310561	0.562767041100497	0.447072915366152	0	-0	-0.27932567499064
0.7875	137	54	1	0.561894034582889	0.561894034373161	0.445963976905572	0	-0	-0.279659430595282
0.788	137	54	1	0.561028225148454	0.561028224939079	0.444864878675296	0	-0	-0.280000480819244
0.7885	137	54	1	0.560169551841541	0.5601695516325	0.44377553058895	0	-0	-0.280348894282106
0.789	137	54	1	0.559317956278907	0.559317956070197	0.44269584625904	0	-0	-0.280704742859681
0.7895	137	54	1	0.558473382821658	0.558473382613285	0.441625742939111	0	-0	-0.281068101743473
0.79	137	54	1	0.557635778541197	0.557635778333151	0.4405651414714	0	-0	-0.281439049504579
0.7905	137	54	1	0.556805093189176	0.556805092981454	0.4395139662398	0	-0	-0.28181766816214
0.791	137	54	1	0.55598127917151	0.555981278964112	0.438472145127961	0	-0	-0.282204043256468
0.7915	137	54	1	0.555164291526341	0.555164291319261	0.437439609482542	0	-0	-0.282598263926983
0.792	137	54	1	0.554354087905886	0.554354087699113	0.436416294081596	0	-0	-0.283000422995087
0.7925	137	54	1	0.553550628562184	0.55355062835574	0.435402137107883	0	-0	-0.283410617052159
0.793	137	54	1	0.552753876336879	0.552753876130739	0.434397080127224	0	-0	-0.283828946552814
0.7935	137	54	1	0.551963796654638	0.551963796448804	0.433401068071906	0	-0	-0.284255515913637
0.794	137	54	1	0.551180357520749	0.551180357315213	0.432414049228919	0	-0	-0.284690433617574
0.7945	137	54	1	0.550403529522486	0.55040352931727	0.431435975233317	0	-0	-0.285133812324194
0.795	137	54	1	0.549633285834644	0.549633285629724	0.43046680106662	0	-0	-0.285585768986069
0.7955	137	54	1	0.548869602228875	0.548869602024254	0.429506485060268	0	-0	-0.286046424971501
0.796	137	54	1	0.548112457087383	0.54811245688305	0.428554988904195	0	-0	-0.286515906193876
0.7965	137	54	1	0.547361831420657	0.547361831216609	0.427612277660767	0	-0	-0.28699434324791
0.797	137	54	1	0.546617708889569	0.546617708685814	0.426678319783948	0	-0	-0.287481871553131
0.7975	137	54	1	0.545880075831897	0.545880075628428	0.425753087143965	0	-0	-0.287978631504878
0.798	137	54	1	0.545148921293297	0.545148921090117	0.42483655505765	0	-0	-0.288484768633207
0.7985	137	54	1	0.544424237063067	0.54442423686016	0.423928702324431	0	-0	-0.289000433770085
0.799	137	54	1	0.543706017714606	0.543706017511986	0.423029511268383	0	-0	-0.289525783225252
0.7995	137	54	1	0.5429942606511	0.542994260448741	0.422138967786311	0	-0	-0.290060978971253
0.8005	137	54	1	0.541590137450145	0.541590137248343	0.42038378532914	0	-0	-0.291161586717988
0.801	137	54	1	0.540897780752101	0.540897780550558	0.419519136535796	0	-0	-0.291727352781109
0.8015	137	54	1	0.540211905347496	0.54021190514622	0.418663115823427	0	-0	-0.292303673702428
0.802	137	54	1	0.539532523662485	0.539532523461464	0.417815727907946	0	-0	-0.292890742900953
0.8025	137	54	1	0.538859651344534	0.538859651143784	0.416976981511068	0	-0	-0.293488760791855
0.803	137	54	1	0.538193307350236	0.538193307149727	0.416146889459659	0	-0	-0.294097935052473
0.8035	137	54	1	0.537533514040218	0.537533513839972	0.415325468794085	0	-0	-0.294718480903264
0.804	137	54	1	0.536880297282266	0.536880297082269	0.414512740886049	0	-0	-0.295350621404849
0.8045	137	54	1	0.536233686562487	0.536233686362745	0.413708731566518	0	-0	-0.295994587772424
0.805	137	54	1	0.535593715105697	0.53559371490619	0.412913471264615	0	-0	-0.296650619709041
0.8055	137	54	1	0.534960420005242	0.534960419805973	0.412126995157995	0	-0	-0.297318965759319
0.806	137	54	1	0.53433384236337	0.534333842164348	0.41134934333597	0	-0	-0.297999883685328
0.8065	137	54	1	0.533714027442788	0.533714027243995	0.410580560976016	0	-0	-0.298693640866393
0.807	137	54	1	0.533101024830309	0.533101024631751	0.409820698535076	0	-0	-0.299400514724668
0.8075	137	54	1	0.532494888613882	0.532494888415559	0.409069811956698	0	-0	-0.300120793178016
0.808	137	54	1	0.531895677573901	0.531895677375802	0.408327962895265	0	-0	-0.300854775121491
0.8085	137	54	1	0.531303455390088	0.531303455192219	0.40759521895895	0	-0	-0.301602770937885
0.809	137	54	1	0.530718290865297	0.530718290667646	0.406871653972145	0	-0	-0.302365103036706
0.8095	137	54	1	0.530140258167204	0.530140257969773	0.406157348259123	0	-0	-0.303142106419072
0.81	137	54	1	0.529569437089172	0.529569436891948	0.405452388949229	0	-0	-0.303934129263484
0.8105	137	54	1	0.52900591333072	0.529005913133714	0.404756870304243	0	-0	-0.304741533523778
0.811	137	54	1	0.528449778798003	0.528449778601204	0.404070894067132	0	-0	-0.305564695525968
0.8115	137	54	1	0.527901131923265	0.527901131726672	0.403394569830629	0	-0	-0.306404006544894
0.812	137	54	1	0.52736007800156	0.527360077805172	0.402728015421954	0	-0	-0.307259873334951
0.8125	137	54	1	0.526826729541024	0.526826729344835	0.402071357298564	0	-0	-0.308132718582307
0.813	137	54	1	0.526301206621206	0.526301206425212	0.401424730946947	0	-0	-0.309022981240084
0.8135	137	54	1	0.525783637251818	0.525783637056013	0.40078828127437	0	-0	-0.309931116705194
0.814	137	54	1	0.525274157722238	0.525274157526621	0.400162162981925	0	-0	-0.310857596799206
0.8145	137	54	1	0.524772912931093	0.524772912735672	0.399546540906502	0	-0	-0.31180290953073
0.815	137	54	1	0.524280056686097	0.524280056490847	0.398941590322826	0	-0	-0.312767558649784
0.8155	137	54	1	0.523795751968544	0.523795751773473	0.398347497204182	0	-0	-0.313752063063707
0.816	137	54	1	0.523320171167626	0.523320170972735	0.397764458456664	0	-0	-0.314756956277603
0.8165	137	54	1	0.522853496307581	0.522853496112857	0.397192682168918	0	-0	-0.315782786157115
0.817	137	54	1	0.522395919320744	0.522395919126191	0.39663238795963	0	-0	-0.316830115488502
0.8175	137	54	1	0.521947642461723	0.52194764226734	0.396083807560913	0	-0	-0.317899524020066
0.818	137	54	1	0.521508879011991	0.521508878817758	0.395547185843667	0	-0	-0.318991612879183
0.8185	137	54	1	0.521079854485225	0.521079854291159	0.395022782562212	0	-0	-0.320107012410174
0.819	137	54	1	0.52066080859883	0.520660808404914	0.394510875151617	0	-0	-0.321246394470365
0.8195	137	54	1	0.520251998301735	0.520251998107953	0.394011762919235	0	-0	-0.322410489911971
0.82	137	54	1	0.519853702109058	0.519853701915419	0.393525772884597	0	-0	-0.323600111182091
0.8205	137	54	1	0.519466225837512	0.519466225644008	0.393053267275154	0	-0	-0.324816178485389
0.821	137	54	1	0.519089909501139	0.519089909307765	0.392594652204511	0	-0	-0.326059745581471
0.8215	137	54	1	0.518725134549022	0.518725134355777	0.392150386270403	0	-0	-0.32733201792878
0.822	137	54	1	0.518372329754628	0.518372329561504	0.391720986668874	0	-0	-0.328634351679401
0.8225	137	54	1	0.51803197292055	0.518031972727545	0.391307028988009	0	-0	-0.329968217682154
0.823	137	54	1	0.517704584345044	0.51770458415215	0.390909135437309	0	-0	-0.331335112051455
0.8235	137	54	1	0.517390707307134	0.517390707114345	0.390527945732802	0	-0	-0.332736397992903
0.824	137	54	1	0.517090871938599	0.51709087174591	0.390164066896685	0	-0	-0.334173079187187
0.8245	137	54	1	0.516805543754711	0.516805543562121	0.389818005359082	0	-0	-0.335645541062418
0.825	137	54	1	0.516535068594057	0.516535068401543	0.389490098922956	0	-0	-0.337153354562364
0.8255	137	54	1	0.51627964064279	0.516279640450347	0.389180485159858	0	-0	-0.338695299057977
0.826	137	54	1	0.516039332198379	0.516039332006024	0.388889156244295	0	-0	-0.340269778566905
0.8265	137	54	1	0.515814220432825	0.515814220240526	0.388616142107841	0	-0	-0.341875723545121
0.827	137	54	1	0.515604620876968	0.515604620684741	0.388361827164318	0	-0	-0.343513890829956
0.8275	137	54	1	0.515411399853434	0.51541139966125	0.38812735632916	0	-0	-0.345188286104105
0.828	137	54	1	0.515236305319676	0.515236305127537	0.387915045260127	0	-0	-0.346907313663262
0.8285	137	54	1	0.515082213752001	0.515082213559894	0.387728656468949	0	-0	-0.348684088367826
0.82875	137	54	1	0.515048391464447	0.515048391273577	0.387691454096568	0	-0	-0.349761277600748
0.829	137	54	1	0.514989496241188	0.51498949605033	0.387620915931604	0	-0	-0.350706777390667
0.82925	137	54	1	0.514899161641682	0.514899161449604	0.387508780098842	0	-0	-0.351492270914223
0.8295	137	54	1	0.51485291800049	0.514852917808424	0.387453790190434	0	-0	-0.35247227997612
0.82975	137	54	1	0.514814436570278	0.514814436378213	0.387408321879107	0	-0	-0.353473747479061
0.83	137	54	1	0.51478342910582	0.514783428913742	0.387371908131802	0	-0	-0.354493644271739
0.83025	137	54	1	0.514759141228549	0.514759141036475	0.38734347684084	0	-0	-0.355526848720696
0.8305	137	54	1	0.514740404873051	0.51474040468096	0.387321437592734	0	-0	-0.356566719862962
0.83075	137	54	1	0.514725842239469	0.514725842047373	0.387303964168824	0	-0	-0.357606331457586
0.831	137	54	1	0.514714165010215	0.514714164818106	0.387289391918337	0	-0	-0.35863997210035
0.83125	137	54	1	0.514704457475625	0.5147044572835	0.387276581879925	0	-0	-0.359664347417192
0.8315	137	54	1	0.514696358726494	0.514696358534354	0.38726514461409	0	-0	-0.360679160139074
0.83175	137	54	1	0.514690136809607	0.514690136617462	0.387255520935076	0	-0	-0.361687151863012
0.832	137	54	1	0.514686708170735	0.514686707978574	0.387248993650479	0	-0	-0.362693932682154
0.83225	137	54	1	0.514687672417102	0.514687672224918	0.387247722545958	0	-0	-0.363707934046867
0.8325	137	54	1	0.514695425311416	0.514695425119215	0.387254882552066	0	-0	-0.36474073121636
0.83275	137	54	1	0.514713406029708	0.514713405837476	0.387274973637548	0	-0	-0.365807903915844
0.833	137	54	1	0.514746522554063	0.514746522361804	0.387314351471288	0	-0	-0.366930480807909
0.83325	137	54	1	0.515377859756311	0.515377859744579	0.388091497835749	0	-0	-0.370026270251049
0.8335	137	54	1	0.515465513474706	0.51546551346296	0.388196629265189	0	-0	-0.371285018638306
0.83375	137	54	1	0.515563904063382	0.51556390405163	0.388314604853805	0	-0	-0.372565423189814
0.834	137	54	1	0.515673460591666	0.515673460579911	0.388445930440405	0	-0	-0.373868094060737
0.834125	137	54	1	0.515732572240551	0.515732572228796	0.388516772377023	0	-0	-0.374527998328106
0.83425	137	54	1	0.515794657980315	0.51579465796855	0.388591168143639	0	-0	-0.375193749669802
0.834375	137	54	1	0.51585978629861	0.515859786286858	0.388669199129149	0	-0	-0.375865458847449
0.8345	137	54	1	0.515928028590365	0.515928028578601	0.388750950138785	0	-0	-0.376543240292177
0.834625	137	54	1	0.515999457879805	0.515999457868035	0.388836507733809	0	-0	-0.377227206446259
0.83475	137	54	1	0.516074147278237	0.516074147266475	0.388925958263054	0	-0	-0.377917461618379
0.834875	137	54	1	0.516152168657834	0.516152168646063	0.389019386206072	0	-0	-0.378614097350311
0.835	137	54	1	0.516233592159877	0.516233592148107	0.38911687361211	0	-0	-0.379317191603231
0.835125	137	54	1	0.516318487118477	0.516318487106706	0.389218501356309	0	-0	-0.380026813637869
0.83525	137	54	1	0.516406924689631	0.51640692467786	0.389324352550643	0	-0	-0.380743035081697
0.835375	137	54	1	0.516498981926458	0.516498981914668	0.389434517741258	0	-0	-0.381465945457204
0.8355	137	54	1	0.516594746340965	0.516594746329179	0.389549100640661	0	-0	-0.382195667929953
0.835625	137	54	1	0.516694319372663	0.516694319360877	0.38966822237762	0	-0	-0.382932369156745
0.83575	137	54	1	0.516797816946258	0.516797816934452	0.389792021983115	0	-0	-0.383676256953397
0.835875	137	54	1	0.51690536572921	0.516905365717421	0.389920651414576	0	-0	-0.384427561901875
0.836	137	54	1	0.51701709494101	0.517017094929204	0.390054265024053	0	-0	-0.385186504187517
0.836125	137	54	1	0.517133125508882	0.517133125497087	0.390193005839688	0	-0	-0.385953254093537
0.83625	137	54	1	0.517253560512062	0.517253560500244	0.390336993702564	0	-0	-0.386727901513181
0.836375	137	54	1	0.517378482227134	0.517378482215326	0.390486321945485	0	-0	-0.387510452958858
0.8365	137	54	1	0.517507960419473	0.517507960407663	0.390641068333694	0	-0	-0.388300869739782
0.836625	137	54	1	0.517642072924051	0.517642072912236	0.39080132134341	0	-0	-0.389099146196852
0.83675	137	54	1	0.517780933513326	0.517780933501503	0.390967215214321	0	-0	-0.389905405350054
0.836875	137	54	1	0.517924715883791	0.517924715871961	0.391138959567845	0	-0	-0.390719970294879
0.837	137	54	1	0.518073659667295	0.518073659655477	0.391316845947455	0	-0	-0.391543364629087
0.837125	137	54	1	0.51822804745266	0.518228047440832	0.391501217807659	0	-0	-0.39237621183215
0.83725	137	54	1	0.518388152057859	0.518388152046016	0.391692403588779	0	-0	-0.39321904298799
0.837375	137	54	1	0.518554169887754	0.518554169875909	0.391890633360704	0	-0	-0.39407207835211
0.8375	137	54	1	0.518726174318659	0.518726174306803	0.392095981887974	0	-0	-0.394935101558126
0.837625	137	54	1	0.518904130517743	0.518904130505874	0.392308389572537	0	-0	-0.395807554386123
0.83775	137	54	1	0.519087993777809	0.51908799376594	0.392527787619781	0	-0	-0.396688897883599
0.837875	137	54	1	0.51927786465822	0.519277864646354	0.39275429232566	0	-0	-0.397579118543063
0.838	137	54	1	0.519474122222601	0.519474122210737	0.392988369084656	0	-0	-0.398479105228615
0.838125	137	54	1	0.519677439365438	0.519677439353562	0.393230846793793	0	-0	-0.399390602695067
0.838187	137	54	1	0.519781154346081	0.519781154334188	0.393354539755219	0	-0	-0.399847605628396
0.83825	137	54	1	0.519888616940278	0.519888616928396	0.393482705995176	0	-0	-0.400315590332751
0.838313	137	54	1	0.519998237457464	0.51999823744557	0.393613449369991	0	-0	-0.400787323020455
0.838375	137	54	1	0.520108253603387	0.520108253591498	0.393744665304365	0	-0	-0.401255211739805
0.838437	137	54	1	0.520220374202139	0.520220374190248	0.393878386910657	0	-0	-0.401726565150128
0.8385	137	54	1	0.520336401053715	0.520336401041824	0.394016755862642	0	-0	-0.402208786689879
0.838562	137	54	1	0.520452560917219	0.520452560905306	0.394155264173813	0	-0	-0.402686198907644
0.838625	137	54	1	0.520572494838866	0.520572494826955	0.394298245239734	0	-0	-0.403173799483591
0.838688	137	54	1	0.52069425063001	0.520694250618082	0.394443364623893	0	-0	-0.403663562812392
0.83875	137	54	1	0.52081580302894	0.520815803017031	0.394588206100128	0	-0	-0.404147473128645
0.838812	137	54	1	0.520939089470895	0.52093908945898	0.394735080261127	0	-0	-0.404633317205829
0.838875	137	54	1	0.52106624665785	0.521066246645935	0.394886537647955	0	-0	-0.405129270696267
0.838938	137	54	1	0.521195501752505	0.521195501740571	0.395040476258538	0	-0	-0.405628079643286
0.839	137	54	1	0.521325030051833	0.521325030039898	0.395194736433782	0	-0	-0.406122525734616
0.839063	137	54	1	0.521459346420093	0.521459346408144	0.395354709444204	0	-0	-0.406629464714709
0.839125	137	54	1	0.521594527308628	0.521594527296691	0.39551573465986	0	-0	-0.407133676884047
0.839187	137	54	1	0.521732971877516	0.521732971865564	0.395680676974312	0	-0	-0.407643848149935
0.83925	137	54	1	0.521877173710717	0.521877173698769	0.395852507805854	0	-0	-0.408168665690724
0.839313	137	54	1	0.52202492709885	0.522024927086896	0.396028589185963	0	-0	-0.408699708450453
0.839375	137	54	1	0.522173584969819	0.522173584957858	0.396205745917104	0	-0	-0.409227539771925
0.839437	137	54	1	0.522325056157833	0.522325056145878	0.396386225681748	0	-0	-0.409759176216791
0.8395	137	54	1	0.522481321408178	0.522481321396205	0.396572358494943	0	-0	-0.410301639194761
0.839562	137	54	1	0.522636933570197	0.522636933558213	0.396757633077769	0	-0	-0.410836277731054
0.839625	137	54	1	0.522796614001057	0.522796613989091	0.396947660350418	0	-0	-0.411379518195694
0.839688	137	54	1	0.522957892121359	0.522957892109363	0.397139505129586	0	-0	-0.411922877022756
0.83975	137	54	1	0.523118572483175	0.523118572471183	0.397330582332364	0	-0	-0.412458909373656
0.839812	137	54	1	0.523281956332697	0.523281956320707	0.397524857611673	0	-0	-0.412998338779691
0.839875	137	54	1	0.523451814356359	0.523451814344363	0.39772686229308	0	-0	-0.413552811225336
0.839938	137	54	1	0.523626780642099	0.523626780630091	0.397935021044692	0	-0	-0.41411684730878
0.840063	137	54	1	0.523993199065392	0.52399319905338	0.398371292076898	0	-0	-0.415273863996288
0.840125	137	54	1	0.524185007757126	0.524185007745115	0.398599798681953	0	-0	-0.415866816813761
0.840187	137	54	1	0.524382209703556	0.524382209691533	0.398834725803063	0	-0	-0.416468216735698
0.84025	137	54	1	0.5245859182768	0.524585918264775	0.399077295111827	0	-0	-0.417081770285168
0.840313	137	54	1	0.524790612504955	0.524790612492927	0.399320835901248	0	-0	-0.417691536988826
0.840375	137	54	1	0.524991545982719	0.524991545970674	0.399559663029092	0	-0	-0.418284356833264
0.840437	137	54	1	0.525191928459556	0.525191928447502	0.399797620437239	0	-0	-0.418870281640294
0.8405	137	54	1	0.525396446430073	0.525396446418009	0.400040353452015	0	-0	-0.419462771189586
0.840562	137	54	1	0.525601326537858	0.525601326525802	0.400283511951112	0	-0	-0.420050158190623
0.840625	137	54	1	0.525816998058897	0.525816998046841	0.400539630673201	0	-0	-0.420660938302442
0.840688	137	54	1	0.526044721138882	0.526044721126816	0.400810366130301	0	-0	-0.421296458175118
0.840719	137	54	1	0.526162527645373	0.526162527633307	0.400950565256948	0	-0	-0.421621215171542
0.84075	137	54	1	0.526284599800263	0.526284599788184	0.401095934311867	0	-0	-0.421954809767591
0.840781	137	54	1	0.526410962381073	0.526410962368998	0.401246492082819	0	-0	-0.42229705190217
0.840812	137	54	1	0.526541231972419	0.526541231960341	0.401401756207221	0	-0	-0.422646733679325
0.840844	137	54	1	0.526678885392537	0.52667888538045	0.401565830291456	0	-0	-0.423012999534438
0.840875	137	54	1	0.526814001509841	0.526814001497751	0.401726837277991	0	-0	-0.423369571530885
0.840906	137	54	1	0.526949360271918	0.526949360259826	0.401888040007453	0	-0	-0.423724183465057
0.840938	137	54	1	0.527087901996314	0.527087901984222	0.402052891489595	0	-0	-0.424084773137233
0.840969	137	54	1	0.52721997079351	0.52721997078142	0.402209876970753	0	-0	-0.42442657495528
0.841	137	54	1	0.527349456914016	0.527349456901923	0.402363623618718	0	-0	-0.42476006878154
0.841031	137	54	1	0.527476372035761	0.527476372023655	0.402514157783214	0	-0	-0.425085520147834
0.841063	137	54	1	0.527605104598051	0.527605104585946	0.402666704020576	0	-0	-0.425414265290568
0.841094	137	54	1	0.527728307675986	0.527728307663868	0.402812592483562	0	-0	-0.425727599293311
0.841125	137	54	1	0.527850931164138	0.527850931152028	0.40295773177782	0	-0	-0.426038143892386
0.841156	137	54	1	0.527974049546769	0.527974049534657	0.403103440386329	0	-0	-0.426348507507488
0.841187	137	54	1	0.528098922011532	0.528098921999398	0.403251259889672	0	-0	-0.426661665167776
0.841219	137	54	1	0.528231234654034	0.5282312346419	0.403407982865393	0	-0	-0.426991481096025
0.84125	137	54	1	0.528364534965229	0.528364534953088	0.403566030309585	0	-0	-0.42732143882778
0.841281	137	54	1	0.528505024182325	0.528505024170184	0.403732815916044	0	-0	-0.427666413516094
0.841313	137	54	1	0.528660238594526	0.52866023858238	0.403917370009696	0	-0	-0.428043960968622
0.841344	137	54	1	0.528823221969879	0.528823221957721	0.404111481343665	0	-0	-0.428436136015077
0.841375	137	54	1	0.529000668943604	0.52900066893145	0.40432312718506	0	-0	-0.428858049656082
0.841406	137	54	1	0.529192028664849	0.529192028652697	0.404551580041082	0	-0	-0.429307279964659
0.841437	137	54	1	0.529391912904932	0.529391912892775	0.404790216268675	0	-0	-0.429770618668249
0.841469	137	54	1	0.52959718062704	0.529597180614869	0.405035015696737	0	-0	-0.43024095112485
0.8415	137	54	1	0.529786520398782	0.529786520386596	0.405260373615181	0	-0	-0.430670673006132
0.841531	137	54	1	0.529963112219703	0.529963112207512	0.405470058656353	0	-0	-0.431068557914048
0.841562	137	54	1	0.530127625903612	0.53012762589143	0.405664937852436	0	-0	-0.431437150757709
0.841594	137	54	1	0.530287345800608	0.530287345788413	0.405853739720707	0	-0	-0.431793366223012
0.841625	137	54	1	0.530435209887871	0.530435209875678	0.406028244104657	0	-0	-0.432121838225456
0.841656	137	54	1	0.530579177130634	0.530579177118444	0.406197978907303	0	-0	-0.432440485323308
0.841688	137	54	1	0.530726696157987	0.530726696145788	0.406371840114619	0	-0	-0.43276575247339
0.841719	137	54	1	0.530871683223041	0.530871683210833	0.406542781254088	0	-0	-0.433084098412054
0.84175	137	54	1	0.531022463600114	0.531022463587908	0.406720754719201	0	-0	-0.433413571045071
0.841781	137	54	1	0.531184179622947	0.531184179610731	0.406912007959627	0	-0	-0.433764855331124
0.841812	137	54	1	0.531364989004391	0.531364988992163	0.407126441458366	0	-0	-0.434154639321429
0.841844	137	54	1	0.531587477520068	0.531587477507835	0.407391282818808	0	-0	-0.434629238790967
0.841875	137	54	1	0.531867975493565	0.531867975481332	0.407726563686651	0	-0	-0.435218455449792
0.841906	137	54	1	0.532241137808154	0.532241137795904	0.408173761688885	0	-0	-0.435985064649834
0.841938	137	54	1	0.532616863999905	0.532616863987655	0.408622990806386	0	-0	-0.436737614028612
0.841953	137	54	1	0.532758830804422	0.532758830792164	0.40879198561211	0	-0	-0.437017534680954
0.841969	137	54	1	0.532890699039687	0.532890699027411	0.408948494016913	0	-0	-0.437275684314799
0.841984	137	54	1	0.533000745402375	0.533000745390092	0.409078746962545	0	-0	-0.437489892759631
0.842016	137	54	1	0.533206168058935	0.533206168046658	0.409321053876761	0	-0	-0.437887198737783
0.842031	137	54	1	0.533293133708005	0.533293133695725	0.409423338832886	0	-0	-0.438054538895215
0.842047	137	54	1	0.533381478704637	0.533381478692361	0.409527094726309	0	-0	-0.438224088729688
0.842063	137	54	1	0.533466436363456	0.533466436351173	0.409626752753929	0	-0	-0.438386763631747
0.842078	137	54	1	0.533543874460597	0.53354387444832	0.409717510812085	0	-0	-0.438534758829644
0.842094	137	54	1	0.533624906712297	0.533624906700015	0.409812425475305	0	-0	-0.438689371259989
0.842109	137	54	1	0.533700058708586	0.533700058696285	0.409900425354141	0	-0	-0.43883256320527
0.842125	137	54	1	0.533780037373525	0.533780037361234	0.409994075345828	0	-0	-0.438984768458944
0.842141	137	54	1	0.533860556342375	0.533860556330077	0.410088385333759	0	-0	-0.439137838188638
0.842156	137	54	1	0.533937265061264	0.533937265048963	0.410178285908345	0	-0	-0.439283533822378
0.842172	137	54	1	0.534021319609965	0.534021319597669	0.410276887392429	0	-0	-0.43944305586307
0.842187	137	54	1	0.534103301252795	0.534103301240495	0.410373181424986	0	-0	-0.439598532267939
0.842203	137	54	1	0.53419578101257	0.53419578100026	0.410481991789722	0	-0	-0.439773795864015
0.842219	137	54	1	0.534296035912861	0.534296035900552	0.410600216903128	0	-0	-0.439963646124645
0.842234	137	54	1	0.534401061091647	0.534401061079337	0.410724410996496	0	-0	-0.440162339448891
0.84225	137	54	1	0.534533471945453	0.534533471933146	0.410881546926853	0	-0	-0.440412476624338
0.842266	137	54	1	0.534712046856857	0.534712046844536	0.411094508825003	0	-0	-0.440748845690565
0.842273	137	54	1	0.534829387539905	0.534829387527588	0.411235079408038	0	-0	-0.440968958417309
0.842277	137	54	1	0.534932199434706	0.534932199422376	0.411358613192421	0	-0	-0.441160990609554
0.842279	137	54	1	0.535018802284754	0.535018802272422	0.411462895124487	0	-0	-0.441322002979353
0.84228	137	54	1	0.535803601148621	0.535803601136267	0.412408707558029	0	-0	-0.442732969311117
0.842281	137	54	1	0.535839040217685	0.535839040205338	0.412451114253043	0	-0	-0.442794229655515
0.842282	137	54	1	0.535869105906435	0.535869105894082	0.412487054252841	0	-0	-0.442846029843872
0.842283	137	54	1	0.535895576845739	0.535895576833388	0.412518668421704	0	-0	-0.442891507271743
0.842284	137	54	1	0.535919435768799	0.535919435756463	0.412547139574929	0	-0	-0.442932394301339
0.842285	137	54	1	0.535941291775942	0.535941291763599	0.412573200790494	0	-0	-0.442969764029536
0.842286	137	54	1	0.535961552428281	0.535961552415938	0.412597342564781	0	-0	-0.443004334102464
0.842287	137	54	1	0.535980505842971	0.535980505830618	0.412619911630605	0	-0	-0.443036611592899
0.842288	137	54	1	0.535998364329162	0.535998364316813	0.412641163480679	0	-0	-0.443066969980419
0.842289	137	54	1	0.53601528950149	0.53601528948914	0.41266129259509	0	-0	-0.443095693440662
0.84229	137	54	1	0.536031407645978	0.536031407633628	0.412680450935907	0	-0	-0.443123003935953
0.842291	137	54	1	0.536046819590233	0.536046819577876	0.412698759826818	0	-0	-0.443149078611558
0.842292	137	54	1	0.536061607301315	0.536061607288965	0.41271631789399	0	-0	-0.443174061421307
0.842293	137	54	1	0.536075838443642	0.536075838431284	0.412733206551635	0	-0	-0.44319807115637
0.842294	137	54	1	0.536089569617212	0.536089569604861	0.412749493899314	0	-0	-0.443221207148212
0.842295	137	54	1	0.536102848714119	0.536102848701755	0.412765237557795	0	-0	-0.443243553417361
0.842296	137	54	1	0.536115716669293	0.536115716656925	0.412780486776244	0	-0	-0.443265181755281
0.842297	137	54	1	0.536128208785411	0.536128208773045	0.412795284026427	0	-0	-0.443286154055762
0.842298	137	54	1	0.536140355751058	0.536140355738687	0.412809666228134	0	-0	-0.443306524106335
0.842299	137	54	1	0.536152184435642	0.536152184423277	0.41282366570572	0	-0	-0.44332633898655
0.8423	137	54	1	0.536163718516838	0.536163718504477	0.412837310943141	0	-0	-0.443345640171315
0.842301	137	54	1	0.536174978982244	0.536174978969892	0.41285062718765	0	-0	-0.443364464413017
0.842302	137	54	1	0.536185984534571	0.53618598452222	0.412863636937394	0	-0	-0.443382844453725
0.842303	137	54	1	0.536196751921948	0.536196751909586	0.412876360338777	0	-0	-0.443400809605749
0.842304	137	54	1	0.536207296209575	0.536207296197213	0.412888815513493	0	-0	-0.44341838622902
0.842305	137	54	1	0.536217631005071	0.536217630992714	0.412901018829585	0	-0	-0.44343559812688
0.842306	137	54	1	0.53622776864661	0.536227768634246	0.412912985127757	0	-0	-0.443452466876582
0.842307	137	54	1	0.536237720361005	0.536237720348643	0.412924727911737	0	-0	-0.443469012106991
0.842308	137	54	1	0.53624749639769	0.536247496385346	0.412936259509427	0	-0	-0.443485251733755
0.842309	137	54	1	0.536257106142698	0.53625710613035	0.412947591209935	0	-0	-0.443501202159327
0.84231	137	54	1	0.536266558216075	0.536266558203713	0.412958733380929	0	-0	-0.443516878444126
0.842311	137	54	1	0.536275860555819	0.53627586054346	0.412969695569626	0	-0	-0.443532294453778
0.842312	137	54	1	0.536285020490432	0.536285020478074	0.412980486589977	0	-0	-0.443547462986315
0.842313	137	54	1	0.536294044801852	0.536294044789484	0.412991114598427	0	-0	-0.443562395882667
0.842314	137	54	1	0.536302939780271	0.536302939767916	0.413001587159959	0	-0	-0.443577104122882
0.842315	137	54	1	0.53631171127233	0.536311711259972	0.413011911305873	0	-0	-0.443591597910436
0.842316	137	54	1	0.536320364723182	0.536320364710819	0.413022093584616	0	-0	-0.443605886746222
0.842317	137	54	1	0.536328905213781	0.536328905201425	0.413032140106532	0	-0	-0.44361997949382
0.842318	137	54	1	0.536337337493831	0.536337337481462	0.413042056583464	0	-0	-0.443633884437185
0.842319	137	54	1	0.536345666010961	0.536345665998593	0.413051848363993	0	-0	-0.443647609331965
0.84232	137	54	1	0.536353894936776	0.536353894924403	0.413061520464578	0	-0	-0.443661161450955
0.842321	137	54	1	0.536362028190059	0.536362028177699	0.413071077597708	0	-0	-0.44367454762491
0.842322	137	54	1	0.536370069457604	0.53637006944524	0.413080524196695	0	-0	-0.44368777427887
0.842323	137	54	1	0.536378022212803	0.536378022200444	0.413089864438282	0	-0	-0.443700847464927
0.842324	137	54	1	0.53638588973251	0.53638588972015	0.413099102262751	0	-0	-0.443713772891574
0.842325	137	54	1	0.5363936751121	0.536393675099721	0.413108241392171	0	-0	-0.443726555950167
0.842326	137	54	1	0.536401381279292	0.536401381266921	0.413117285346928	0	-0	-0.443739201739196
0.842327	137	54	1	0.536409011006352	0.53640901099398	0.41312623746044	0	-0	-0.443751715085441
0.842328	137	54	1	0.536416566921487	0.536416566909124	0.413135100892902	0	-0	-0.44376410056413
0.842329	137	54	1	0.536424051519063	0.536424051506696	0.413143878643465	0	-0	-0.443776362516658
0.84233	137	54	1	0.536431467168885	0.536431467156519	0.41315257356155	0	-0	-0.443788505066977
0.842331	137	54	1	0.536438816124763	0.536438816112403	0.413161188357056	0	-0	-0.443800532136469
0.842332	137	54	1	0.536446100532265	0.536446100519909	0.413169725609667	0	-0	-0.443812447457544
0.842333	137	54	1	0.536453322435886	0.536453322423517	0.413178187777544	0	-0	-0.443824254586169
0.842334	137	54	1	0.536460483785537	0.536460483773173	0.413186577205113	0	-0	-0.443835956913321
0.842335	137	54	1	0.536467586442638	0.536467586430275	0.413194896130375	0	-0	-0.443847557675456
0.842336	137	54	1	0.536474632185597	0.536474632173234	0.413203146691455	0	-0	-0.443859059964232
0.842337	137	54	1	0.536481622714957	0.5364816227026	0.413211330932927	0	-0	-0.443870466735473
0.842338	137	54	1	0.536488559658109	0.536488559645732	0.413219450811271	0	-0	-0.443881780817331
0.842339	137	54	1	0.536495444573562	0.536495444561197	0.413227508200306	0	-0	-0.443893004917974
0.84234	137	54	1	0.536502278955121	0.536502278942763	0.413235504895857	0	-0	-0.443904141632573
0.842341	137	54	1	0.536509064235549	0.536509064223176	0.413243442620469	0	-0	-0.443915193449892
0.842342	137	54	1	0.536515801789965	0.5365158017776	0.413251323027364	0	-0	-0.4439261627583
0.842343	137	54	1	0.536522492939238	0.536522492926863	0.413259147704449	0	-0	-0.443937051851451
0.842344	137	54	1	0.53652913895281	0.536529138940433	0.413266918177871	0	-0	-0.443947862933474
0.842345	137	54	1	0.536535741051585	0.536535741039217	0.413274635915386	0	-0	-0.443958598123867
0.842346	137	54	1	0.536542300410553	0.536542300398179	0.413282302329512	0	-0	-0.443969259462063
0.842347	137	54	1	0.536548818161115	0.536548818148732	0.413289918780394	0	-0	-0.443979848911617
0.842348	137	54	1	0.536555295393407	0.53655529538105	0.413297486578582	0	-0	-0.443990368364235
0.842349	137	54	1	0.53656173315852	0.536561733146152	0.413305006987583	0	-0	-0.444000819643417
0.84235	137	54	1	0.536568132470268	0.536568132457915	0.413312481226208	0	-0	-0.444011204507965
0.842351	137	54	1	0.536574494307282	0.536574494294914	0.413319910470807	0	-0	-0.444021524655207
0.842352	137	54	1	0.536580819614561	0.536580819602186	0.413327295857463	0	-0	-0.444031781724057
0.842353	137	54	1	0.536587109305213	0.536587109292843	0.413334638483828	0	-0	-0.44404197729785
0.842354	137	54	1	0.53659336426201	0.536593364249632	0.413341939411046	0	-0	-0.444052112907053
0.842355	137	54	1	0.536599585338737	0.536599585326366	0.413349199665506	0	-0	-0.444062190031759
0.842356	137	54	1	0.536605773361666	0.536605773349302	0.413356420240462	0	-0	-0.444072210104107
0.842357	137	54	1	0.536611929130773	0.536611929118401	0.4133636020975	0	-0	-0.444082174510453
0.842358	137	54	1	0.536618053420925	0.53661805340856	0.413370746168118	0	-0	-0.444092084593545
0.842359	137	54	1	0.536624146983087	0.536624146970721	0.41337785335503	0	-0	-0.444101941654448
0.84236	137	54	1	0.536630210545355	0.536630210532985	0.413384924533448	0	-0	-0.444111746954477
0.842361	137	54	1	0.536636244813968	0.536636244801596	0.41339196055233	0	-0	-0.444121501716928
0.842362	137	54	1	0.536642250474276	0.536642250461908	0.413398962235502	0	-0	-0.444131207128756
0.842363	137	54	1	0.536648228191676	0.536648228179313	0.413405930382822	0	-0	-0.444140864342192
0.842364	137	54	1	0.536654178612447	0.53665417860008	0.413412865771134	0	-0	-0.44415047447621
0.842365	137	54	1	0.536660102364544	0.536660102352172	0.41341976915528	0	-0	-0.444160038617943
0.842366	137	54	1	0.536666000058401	0.536666000046035	0.413426641269058	0	-0	-0.444169557824068
0.842367	137	54	1	0.536671872287689	0.536671872275309	0.413433482826028	0	-0	-0.44417903312204
0.842368	137	54	1	0.536677719629922	0.536677719617542	0.413440294520454	0	-0	-0.444188465511334
0.842369	137	54	1	0.536683542647203	0.536683542634833	0.413447077027968	0	-0	-0.444197855964567
0.84237	137	54	1	0.53668934188686	0.536689341874479	0.413453831006488	0	-0	-0.444207205428632
0.842371	137	54	1	0.536695117881927	0.536695117869557	0.413460557096756	0	-0	-0.444216514825697
0.842372	137	54	1	0.536700871151871	0.536700871139498	0.413467255923178	0	-0	-0.444225785054215
0.842373	137	54	1	0.536706602203017	0.536706602190626	0.413473928094371	0	-0	-0.444235016989867
0.842374	137	54	1	0.536712311529049	0.536712311516677	0.413480574203809	0	-0	-0.444244211486453
0.842375	137	54	1	0.53671799961166	0.536717999599288	0.413487194830461	0	-0	-0.44425336937675
0.842376	137	54	1	0.536723666920834	0.536723666908456	0.413493790539282	0	-0	-0.444262491473314
0.842377	137	54	1	0.536729313915388	0.536729313903007	0.413500361881804	0	-0	-0.444271578569292
0.842378	137	54	1	0.53673494104338	0.536734941030994	0.413506909396574	0	-0	-0.444280631439116
0.842379	137	54	1	0.536740548742502	0.536740548730134	0.41351343360979	0	-0	-0.444289650839261
0.842429	137	54	1	0.537003716899346	0.537003716886966	0.413819016965143	0	-0	-0.444710986702915
0.842479	137	54	1	0.537253874957265	0.537253874944882	0.414109106247835	0	-0	-0.445109939742109
0.842529	137	54	1	0.537519027500721	0.537519027488323	0.414417413547048	0	-0	-0.445534530580375
0.842579	137	54	1	0.537866279572604	0.537866279560204	0.414824801612044	0	-0	-0.446099122106834
0.842592	137	54	1	0.538018349141104	0.538018349128691	0.415005193478715	0	-0	-0.446350858621531

#Third branch
0.842592	137	54	1	0.538018349141104	0.538018349128691	0.415005193478715	0	-0	-0.446350858621531
0.842598	274	54	1	0.538292880875527	0.538292880863114	0.415334598593058	0	-0	-0.446812499480858
0.842597	274	54	1	0.538330780200035	0.538330780187619	0.415380452296697	0	-0	-0.44687680706313
0.842596	274	54	1	0.538358447268255	0.538358447255849	0.415413980340976	0	-0	-0.446923810349495
0.842595	274	54	1	0.538381434467737	0.538381434455327	0.415441870691469	0	-0	-0.446962893252615
0.842594	274	54	1	0.538401586338295	0.538401586325867	0.415466345167675	0	-0	-0.446997173648021
0.842593	274	54	1	0.538419788668077	0.538419788655666	0.415488470749291	0	-0	-0.44702814899913
0.842591	274	54	1	0.538452186028962	0.538452186016545	0.41552789323086	0	-0	-0.447083297789826
0.84259	274	54	1	0.538466922380232	0.538466922367809	0.415545842195767	0	-0	-0.447108386558097
0.842589	274	54	1	0.538480914715539	0.538480914703116	0.415562894414754	0	-0	-0.447132208650601
0.842588	274	54	1	0.53849428084826	0.538494280835838	0.415579191805783	0	-0	-0.447154963298993
0.842587	274	54	1	0.53850711156139	0.538507111548965	0.415594843726254	0	-0	-0.447176804022008
0.842586	274	54	1	0.538519478582741	0.538519478570307	0.415609936579533	0	-0	-0.447197852109186
0.842585	274	54	1	0.538531439770953	0.538531439758524	0.415624540061947	0	-0	-0.447218205389435
0.842584	274	54	1	0.53854304261902	0.538543042606596	0.41563871138297	0	-0	-0.447237944155087
0.842583	274	54	1	0.538554326697687	0.538554326685262	0.415652498208529	0	-0	-0.447257135293753
0.842581	274	54	1	0.538576067257222	0.538576067244792	0.415679073411929	0	-0	-0.447294092193314
0.84258	274	54	1	0.538586576836085	0.538586576823659	0.415691925747639	0	-0	-0.447311947650492
0.842579	274	54	1	0.538596875534386	0.538596875521964	0.415704523542849	0	-0	-0.447329437736277
0.842578	274	54	1	0.538606982115514	0.538606982103089	0.415716889396883	0	-0	-0.447346594114893
0.842577	274	54	1	0.538616913159209	0.5386169131468	0.415729043278326	0	-0	-0.447363444751007
0.842575	274	54	1	0.538636306084308	0.538636306071884	0.415752784312084	0	-0	-0.447396325621997
0.842574	274	54	1	0.538645793054134	0.538645793041713	0.415764401677188	0	-0	-0.447412398103585
0.842573	274	54	1	0.538655155082773	0.538655155070352	0.41577586800044	0	-0	-0.447428250045225
0.842572	274	54	1	0.538664401957584	0.538664401945158	0.415787195066302	0	-0	-0.447443897891394
0.84257	274	54	1	0.538682585299312	0.538682585286893	0.415809473628279	0	-0	-0.447474640114912
0.842569	274	54	1	0.538691537556504	0.538691537544069	0.415820444132669	0	-0	-0.447489760947109
0.842568	274	54	1	0.538700406411403	0.538700406398969	0.415831313602351	0	-0	-0.447504730882581
0.842567	274	54	1	0.538709198386483	0.538709198374055	0.415842089886974	0	-0	-0.447519560809591
0.842565	274	54	1	0.538726575663316	0.538726575650894	0.415863391739114	0	-0	-0.447548840562394
0.842564	274	54	1	0.538735172031703	0.538735172019284	0.415873930620753	0	-0	-0.447563308781084
0.842563	274	54	1	0.538743713736036	0.538743713723602	0.415884403044752	0	-0	-0.447577673916053
0.842561	274	54	1	0.538760652090978	0.538760652078543	0.415905171294578	0	-0	-0.447606126226546
0.842561	274	54	1	0.538760652090975	0.538760652078541	0.415905171294575	0	-0	-0.447606126226544
0.84256	274	54	1	0.538769057644048	0.53876905763162	0.415915477823698	0	-0	-0.447620228066958
0.84254	274	54	1	0.53893419219582	0.538934192183389	0.416117866622505	0	-0	-0.447894464343644
0.8425	274	54	1	0.539383940935504	0.539383940923057	0.416664336730241	0	-0	-0.448604319287586
0.842498	274	54	1	0.539437772602833	0.539437772590392	0.416729003000298	0	-0	-0.448685147242578

#Fourth branch
0.842498	274	54	1	0.539437772602833	0.539437772590392	0.416729003000298	0	-0	-0.448685147242578
0.842497	274	54	1	0.539635360014743	0.539635360002298	0.416964789190472	0	-0	-0.448974374870247
0.842498	274	54	1	0.539674491856608	0.539674491844157	0.41701119491941	0	-0	-0.44903032548707
0.842499	274	54	1	0.539703632703225	0.539703632690777	0.417045691268669	0	-0	-0.449071719173828
0.8425	274	54	1	0.53972795101548	0.539727951003016	0.417074439265311	0	-0	-0.449106088515392
0.842501	274	54	1	0.53974927958997	0.539749279577513	0.417099623654824	0	-0	-0.449136104269726
0.842502	274	54	1	0.539768522259568	0.539768522247106	0.417122321819371	0	-0	-0.449163083330132
0.842503	274	54	1	0.539786203664157	0.539786203651701	0.41714315913067	0	-0	-0.449187790004506
0.842504	274	54	1	0.539802660359027	0.539802660346563	0.417162536758968	0	-0	-0.449210714533808
0.842506	274	54	1	0.539832759883328	0.53983275987088	0.417197938379131	0	-0	-0.449252470074301
0.842507	274	54	1	0.539846694631607	0.539846694619124	0.417214310326429	0	-0	-0.449271726184124
0.842509	274	54	1	0.539872825525311	0.539872825512853	0.417244982245778	0	-0	-0.449307710586284
0.84251	274	54	1	0.53988515989365	0.539885159881192	0.417259446969096	0	-0	-0.449324640093104
0.842512	274	54	1	0.5399086225967	0.539908622584254	0.417286939218684	0	-0	-0.449356746503644
0.842515	274	54	1	0.539941343908067	0.539941343895597	0.417325231009422	0	-0	-0.449401313821163
0.842517	274	54	1	0.539961820293242	0.539961820280789	0.417349164761822	0	-0	-0.449429082499084
0.84252	274	54	1	0.539990906833005	0.539990906820552	0.417383125573393	0	-0	-0.449468372043579
0.842522	274	54	1	0.540009375341659	0.540009375329202	0.417404666979578	0	-0	-0.449493226225967
0.842526	274	54	1	0.540044474291733	0.540044474279254	0.417445559953016	0	-0	-0.449540267961066
0.842529	274	54	1	0.540069437472586	0.540069437460118	0.41747460827065	0	-0	-0.449573575365583
0.842533	274	54	1	0.540101213305942	0.540101213293465	0.417511542508857	0	-0	-0.449615798449589
0.842537	274	54	1	0.540131528040907	0.54013152802844	0.417546736379457	0	-0	-0.449655904092282
0.842542	274	54	1	0.540167700094337	0.540167700081868	0.417588678519722	0	-0	-0.449703542522423
0.842547	274	54	1	0.540202262685082	0.54020226267261	0.417628703932277	0	-0	-0.449748850388871
0.842552	274	54	1	0.540235466146661	0.540235466134182	0.417667110923897	0	-0	-0.449792191016957
0.842558	274	54	1	0.540273788236743	0.540273788224255	0.417711387102804	0	-0	-0.449841997660317
0.842565	274	54	1	0.540316726020492	0.54031672600802	0.417760933982045	0	-0	-0.449897543928812
0.8426	274	54	1	0.540511725163762	0.540511725151275	0.417985239313484	0	-0	-0.450146839456255
0.84265	274	54	1	0.540759576640838	0.54075957662835	0.418269173704338	0	-0	-0.450458792680364
0.8427	274	54	1	0.54099497873093	0.540994978718435	0.418538423468122	0	-0	-0.450753291470004
0.84275	274	54	1	0.541236483745682	0.541236483733176	0.418815174213402	0	-0	-0.451057763157571
0.8428	274	54	1	0.541514450884007	0.541514450871495	0.419135834298565	0	-0	-0.451417806666744
0.842825	274	54	1	0.541701692534766	0.54170169252226	0.419354139754522	0	-0	-0.451670791800539
0.842838	274	54	1	0.541862675605688	0.54186267559317	0.419544022223081	0	-0	-0.451898152104908
0.842841	274	54	1	0.541962436069063	0.541962436056545	0.419662971617468	0	-0	-0.452044692637045
