7590 14796 382
0 0 4
0.0145977623868 0 1
0.0291908592127 0 1
0.043774629886 0 1
0.0583444237423 0 1
0.0728956049803 0 1
0.0874235575645 0 1
0.101923690084 0 1
0.116391440556 0 1
0.130822281167 0 1
0.145211722932 0 1
0.159555320275 0 1
0.173848675514 0 1
0.188087443236 0 1
0.202267334564 0 1
0.216384121301 0 1
0.230433639947 0 1
0.244411795571 0 1
0.258314565548 0 1
0.272138003136 0 1
0.28587824091 0 1
0.299531494014 0 1
0.313094063263 0 1
0.326562338066 0 1
0.339932799173 0 1
0.353202021244 0 1
0.366366675238 0 1
0.379423530619 0 1
0.392369457372 0 1
0.405201427843 0 1
0.417916518379 0 1
0.430511910796 0 1
0.442984893649 0 1
0.45533286333 0 1
0.467553324969 0 1
0.479643893168 0 1
0.491602292549 0 1
0.503426358129 0 1
0.515114035522 0 1
0.526663380976 0 1
0.538072561245 0 1
0.549339853301 0 1
0.56046364389 0 1
0.571442428946 0 1
0.582274812847 0 1
0.59295950755 0 1
0.603495331578 0 1
0.613881208885 0 1
0.624116167608 0 1
0.634199338687 0 1
0.644129954394 0 1
0.653907346748 0 1
0.663530945839 0 1
0.673000278061 0 1
0.682314964261 0 1
0.691474717812 0 1
0.700479342616 0 1
0.709328731038 0 1
0.71802286179 0 1
0.726561797753 0 1
0.734945683759 0 1
0.743174744331 0 1
0.751249281387 0 1
0.759169671915 0 1
0.766936365624 0 1
0.774549882578 0 1
0.782010810811 0 1
0.789319803938 0 1
0.796477578763 0 1
0.803484912877 0 1
0.810342642275 0 1
0.817051658967 0 1
0.823612908613 0 1
0.830027388165 0 1
0.836296143535 0 1
0.842420267279 0 1
0.848400896313 0 1
0.854239209653 0 1
0.859936426186 0 1
0.865493802479 0 1
0.870912630617 0 1
0.876194236084 0 1
0.88133997568 0 1
0.886351235482 0 1
0.891229428848 0 1
0.89597599446 0 1
0.90059239442 0 1
0.905080112385 0 1
0.909440651756 0 1
0.913675533908 0 1
0.917786296475 0 1
0.921774491682 0 1
0.925641684721 0 1
0.929389452185 0 1
0.933019380547 0 1
0.93653306469 0 1
0.939932106486 0 1
0.943218113422 0 1
0.946392697283 0 1
0.949457472874 0 1
0.952414056797 0 1
0.955264066275 0 1
0.95800911802 0 1
0.96065082715 0 1
0.963190806152 0 1
0.965630663892 0 1
0.967972004666 0 1
0.970216427295 0 1
0.972365524266 0 1
0.974420880914 0 1
0.976384074638 0 1
0.978256674172 0 1
0.980040238878 0 1
0.981736318092 0 1
0.983346450496 0 1
0.984872163531 0 1
0.986314972847 0 1
0.987676381786 0 1
0.988957880892 0 1
0.990160947464 0 1
0.991287045133 0 1
0.992337623466 0 1
0.993314117612 0 1
0.994217947962 0 1
0.995050519842 0 1
0.995813223237 0 1
0.99650743253 0 1
0.997134506275 0 1
0.997695786988 0 1
0.99819260096 0 1
0.998626258095 0 1
0.998998051767 0 1
0.999309258696 0 1
0.999561138845 0 1
0.99975493533 0 1
0.999891874358 0 1
0.999973165168 0 1
1 0 2
0 0.000538681867899 4
0.0145977623868 0.000538681867899 0
0.0291908592127 0.000538681867899 0
0.043774629886 0.000538681867899 0
0.0583444237423 0.000538681867899 0
0.0728956049803 0.000538681867899 0
0.0874235575645 0.000538681867899 0
0.101923690084 0.000538681867899 0
0.116391440556 0.000538681867899 0
0.130822281167 0.000538681867899 0
0.145211722932 0.000538681867899 0
0.159555320275 0.000538681867899 0
0.173848675514 0.000538681867899 0
0.188087443236 0.000538681867899 0
0.202267334564 0.000538681867899 0
0.216384121301 0.000538681867899 0
0.230433639947 0.000538681867899 0
0.244411795571 0.000538681867899 0
0.258314565548 0.000538681867899 0
0.272138003136 0.000538681867899 0
0.28587824091 0.000538681867899 0
0.299531494014 0.000538681867899 0
0.313094063263 0.000538681867899 0
0.326562338066 0.000538681867899 0
0.339932799173 0.000538681867899 0
0.353202021244 0.000538681867899 0
0.366366675238 0.000538681867899 0
0.379423530619 0.000538681867899 0
0.392369457372 0.000538681867899 0
0.405201427843 0.000538681867899 0
0.417916518379 0.000538681867899 0
0.430511910796 0.000538681867899 0
0.442984893649 0.000538681867899 0
0.45533286333 0.000538681867899 0
0.467553324969 0.000538681867899 0
0.479643893168 0.000538681867899 0
0.491602292549 0.000538681867899 0
0.503426358129 0.000538681867899 0
0.515114035522 0.000538681867899 0
0.526663380976 0.000538681867899 0
0.538072561245 0.000538681867899 0
0.549339853301 0.000538681867899 0
0.56046364389 0.000538681867899 0
0.571442428946 0.000538681867899 0
0.582274812847 0.000538681867899 0
0.59295950755 0.000538681867899 0
0.603495331578 0.000538681867899 0
0.613881208885 0.000538681867899 0
0.624116167608 0.000538681867899 0
0.634199338687 0.000538681867899 0
0.644129954394 0.000538681867899 0
0.653907346748 0.000538681867899 0
0.663530945839 0.000538681867899 0
0.673000278061 0.000538681867899 0
0.682314964261 0.000538681867899 0
0.691474717812 0.000538681867899 0
0.700479342616 0.000538681867899 0
0.709328731038 0.000538681867899 0
0.71802286179 0.000538681867899 0
0.726561797753 0.000538681867899 0
0.734945683759 0.000538681867899 0
0.743174744331 0.000538681867899 0
0.751249281387 0.000538681867899 0
0.759169671915 0.000538681867899 0
0.766936365624 0.000538681867899 0
0.774549882578 0.000538681867899 0
0.782010810811 0.000538681867899 0
0.789319803938 0.000538681867899 0
0.796477578763 0.000538681867899 0
0.803484912877 0.000538681867899 0
0.810342642275 0.000538681867899 0
0.817051658967 0.000538681867899 0
0.823612908613 0.000538681867899 0
0.830027388165 0.000538681867899 0
0.836296143535 0.000538681867899 0
0.842420267279 0.000538681867899 0
0.848400896313 0.000538681867899 0
0.854239209653 0.000538681867899 0
0.859936426186 0.000538681867899 0
0.865493802479 0.000538681867899 0
0.870912630617 0.000538681867899 0
0.876194236084 0.000538681867899 0
0.88133997568 0.000538681867899 0
0.886351235482 0.000538681867899 0
0.891229428848 0.000538681867899 0
0.89597599446 0.000538681867899 0
0.90059239442 0.000538681867899 0
0.905080112385 0.000538681867899 0
0.909440651756 0.000538681867899 0
0.913675533908 0.000538681867899 0
0.917786296475 0.000538681867899 0
0.921774491682 0.000538681867899 0
0.925641684721 0.000538681867899 0
0.929389452185 0.000538681867899 0
0.933019380547 0.000538681867899 0
0.93653306469 0.000538681867899 0
0.939932106486 0.000538681867899 0
0.943218113422 0.000538681867899 0
0.946392697283 0.000538681867899 0
0.949457472874 0.000538681867899 0
0.952414056797 0.000538681867899 0
0.955264066275 0.000538681867899 0
0.95800911802 0.000538681867899 0
0.96065082715 0.000538681867899 0
0.963190806152 0.000538681867899 0
0.965630663892 0.000538681867899 0
0.967972004666 0.000538681867899 0
0.970216427295 0.000538681867899 0
0.972365524266 0.000538681867899 0
0.974420880914 0.000538681867899 0
0.976384074638 0.000538681867899 0
0.978256674172 0.000538681867899 0
0.980040238878 0.000538681867899 0
0.981736318092 0.000538681867899 0
0.983346450496 0.000538681867899 0
0.984872163531 0.000538681867899 0
0.986314972847 0.000538681867899 0
0.987676381786 0.000538681867899 0
0.988957880892 0.000538681867899 0
0.990160947464 0.000538681867899 0
0.991287045133 0.000538681867899 0
0.992337623466 0.000538681867899 0
0.993314117612 0.000538681867899 0
0.994217947962 0.000538681867899 0
0.995050519842 0.000538681867899 0
0.995813223237 0.000538681867899 0
0.99650743253 0.000538681867899 0
0.997134506275 0.000538681867899 0
0.997695786988 0.000538681867899 0
0.99819260096 0.000538681867899 0
0.998626258095 0.000538681867899 0
0.998998051767 0.000538681867899 0
0.999309258696 0.000538681867899 0
0.999561138845 0.000538681867899 0
0.99975493533 0.000538681867899 0
0.999891874358 0.000538681867899 0
0.999973165168 0.000538681867899 0
1 0.000538681867899 2
0 0.0021547274716 4
0.0145977623868 0.0021547274716 0
0.0291908592127 0.0021547274716 0
0.043774629886 0.0021547274716 0
0.0583444237423 0.0021547274716 0
0.0728956049803 0.0021547274716 0
0.0874235575645 0.0021547274716 0
0.101923690084 0.0021547274716 0
0.116391440556 0.0021547274716 0
0.130822281167 0.0021547274716 0
0.145211722932 0.0021547274716 0
0.159555320275 0.0021547274716 0
0.173848675514 0.0021547274716 0
0.188087443236 0.0021547274716 0
0.202267334564 0.0021547274716 0
0.216384121301 0.0021547274716 0
0.230433639947 0.0021547274716 0
0.244411795571 0.0021547274716 0
0.258314565548 0.0021547274716 0
0.272138003136 0.0021547274716 0
0.28587824091 0.0021547274716 0
0.299531494014 0.0021547274716 0
0.313094063263 0.0021547274716 0
0.326562338066 0.0021547274716 0
0.339932799173 0.0021547274716 0
0.353202021244 0.0021547274716 0
0.366366675238 0.0021547274716 0
0.379423530619 0.0021547274716 0
0.392369457372 0.0021547274716 0
0.405201427843 0.0021547274716 0
0.417916518379 0.0021547274716 0
0.430511910796 0.0021547274716 0
0.442984893649 0.0021547274716 0
0.45533286333 0.0021547274716 0
0.467553324969 0.0021547274716 0
0.479643893168 0.0021547274716 0
0.491602292549 0.0021547274716 0
0.503426358129 0.0021547274716 0
0.515114035522 0.0021547274716 0
0.526663380976 0.0021547274716 0
0.538072561245 0.0021547274716 0
0.549339853301 0.0021547274716 0
0.56046364389 0.0021547274716 0
0.571442428946 0.0021547274716 0
0.582274812847 0.0021547274716 0
0.59295950755 0.0021547274716 0
0.603495331578 0.0021547274716 0
0.613881208885 0.0021547274716 0
0.624116167608 0.0021547274716 0
0.634199338687 0.0021547274716 0
0.644129954394 0.0021547274716 0
0.653907346748 0.0021547274716 0
0.663530945839 0.0021547274716 0
0.673000278061 0.0021547274716 0
0.682314964261 0.0021547274716 0
0.691474717812 0.0021547274716 0
0.700479342616 0.0021547274716 0
0.709328731038 0.0021547274716 0
0.71802286179 0.0021547274716 0
0.726561797753 0.0021547274716 0
0.734945683759 0.0021547274716 0
0.743174744331 0.0021547274716 0
0.751249281387 0.0021547274716 0
0.759169671915 0.0021547274716 0
0.766936365624 0.0021547274716 0
0.774549882578 0.0021547274716 0
0.782010810811 0.0021547274716 0
0.789319803938 0.0021547274716 0
0.796477578763 0.0021547274716 0
0.803484912877 0.0021547274716 0
0.810342642275 0.0021547274716 0
0.817051658967 0.0021547274716 0
0.823612908613 0.0021547274716 0
0.830027388165 0.0021547274716 0
0.836296143535 0.0021547274716 0
0.842420267279 0.0021547274716 0
0.848400896313 0.0021547274716 0
0.854239209653 0.0021547274716 0
0.859936426186 0.0021547274716 0
0.865493802479 0.0021547274716 0
0.870912630617 0.0021547274716 0
0.876194236084 0.0021547274716 0
0.88133997568 0.0021547274716 0
0.886351235482 0.0021547274716 0
0.891229428848 0.0021547274716 0
0.89597599446 0.0021547274716 0
0.90059239442 0.0021547274716 0
0.905080112385 0.0021547274716 0
0.909440651756 0.0021547274716 0
0.913675533908 0.0021547274716 0
0.917786296475 0.0021547274716 0
0.921774491682 0.0021547274716 0
0.925641684721 0.0021547274716 0
0.929389452185 0.0021547274716 0
0.933019380547 0.0021547274716 0
0.93653306469 0.0021547274716 0
0.939932106486 0.0021547274716 0
0.943218113422 0.0021547274716 0
0.946392697283 0.0021547274716 0
0.949457472874 0.0021547274716 0
0.952414056797 0.0021547274716 0
0.955264066275 0.0021547274716 0
0.95800911802 0.0021547274716 0
0.96065082715 0.0021547274716 0
0.963190806152 0.0021547274716 0
0.965630663892 0.0021547274716 0
0.967972004666 0.0021547274716 0
0.970216427295 0.0021547274716 0
0.972365524266 0.0021547274716 0
0.974420880914 0.0021547274716 0
0.976384074638 0.0021547274716 0
0.978256674172 0.0021547274716 0
0.980040238878 0.0021547274716 0
0.981736318092 0.0021547274716 0
0.983346450496 0.0021547274716 0
0.984872163531 0.0021547274716 0
0.986314972847 0.0021547274716 0
0.987676381786 0.0021547274716 0
0.988957880892 0.0021547274716 0
0.990160947464 0.0021547274716 0
0.991287045133 0.0021547274716 0
0.992337623466 0.0021547274716 0
0.993314117612 0.0021547274716 0
0.994217947962 0.0021547274716 0
0.995050519842 0.0021547274716 0
0.995813223237 0.0021547274716 0
0.99650743253 0.0021547274716 0
0.997134506275 0.0021547274716 0
0.997695786988 0.0021547274716 0
0.99819260096 0.0021547274716 0
0.998626258095 0.0021547274716 0
0.998998051767 0.0021547274716 0
0.999309258696 0.0021547274716 0
0.999561138845 0.0021547274716 0
0.99975493533 0.0021547274716 0
0.999891874358 0.0021547274716 0
0.999973165168 0.0021547274716 0
1 0.0021547274716 2
0 0.0048481368111 4
0.0145977623868 0.0048481368111 0
0.0291908592127 0.0048481368111 0
0.043774629886 0.0048481368111 0
0.0583444237423 0.0048481368111 0
0.0728956049803 0.0048481368111 0
0.0874235575645 0.0048481368111 0
0.101923690084 0.0048481368111 0
0.116391440556 0.0048481368111 0
0.130822281167 0.0048481368111 0
0.145211722932 0.0048481368111 0
0.159555320275 0.0048481368111 0
0.173848675514 0.0048481368111 0
0.188087443236 0.0048481368111 0
0.202267334564 0.0048481368111 0
0.216384121301 0.0048481368111 0
0.230433639947 0.0048481368111 0
0.244411795571 0.0048481368111 0
0.258314565548 0.0048481368111 0
0.272138003136 0.0048481368111 0
0.28587824091 0.0048481368111 0
0.299531494014 0.0048481368111 0
0.313094063263 0.0048481368111 0
0.326562338066 0.0048481368111 0
0.339932799173 0.0048481368111 0
0.353202021244 0.0048481368111 0
0.366366675238 0.0048481368111 0
0.379423530619 0.0048481368111 0
0.392369457372 0.0048481368111 0
0.405201427843 0.0048481368111 0
0.417916518379 0.0048481368111 0
0.430511910796 0.0048481368111 0
0.442984893649 0.0048481368111 0
0.45533286333 0.0048481368111 0
0.467553324969 0.0048481368111 0
0.479643893168 0.0048481368111 0
0.491602292549 0.0048481368111 0
0.503426358129 0.0048481368111 0
0.515114035522 0.0048481368111 0
0.526663380976 0.0048481368111 0
0.538072561245 0.0048481368111 0
0.549339853301 0.0048481368111 0
0.56046364389 0.0048481368111 0
0.571442428946 0.0048481368111 0
0.582274812847 0.0048481368111 0
0.59295950755 0.0048481368111 0
0.603495331578 0.0048481368111 0
0.613881208885 0.0048481368111 0
0.624116167608 0.0048481368111 0
0.634199338687 0.0048481368111 0
0.644129954394 0.0048481368111 0
0.653907346748 0.0048481368111 0
0.663530945839 0.0048481368111 0
0.673000278061 0.0048481368111 0
0.682314964261 0.0048481368111 0
0.691474717812 0.0048481368111 0
0.700479342616 0.0048481368111 0
0.709328731038 0.0048481368111 0
0.71802286179 0.0048481368111 0
0.726561797753 0.0048481368111 0
0.734945683759 0.0048481368111 0
0.743174744331 0.0048481368111 0
0.751249281387 0.0048481368111 0
0.759169671915 0.0048481368111 0
0.766936365624 0.0048481368111 0
0.774549882578 0.0048481368111 0
0.782010810811 0.0048481368111 0
0.789319803938 0.0048481368111 0
0.796477578763 0.0048481368111 0
0.803484912877 0.0048481368111 0
0.810342642275 0.0048481368111 0
0.817051658967 0.0048481368111 0
0.823612908613 0.0048481368111 0
0.830027388165 0.0048481368111 0
0.836296143535 0.0048481368111 0
0.842420267279 0.0048481368111 0
0.848400896313 0.0048481368111 0
0.854239209653 0.0048481368111 0
0.859936426186 0.0048481368111 0
0.865493802479 0.0048481368111 0
0.870912630617 0.0048481368111 0
0.876194236084 0.0048481368111 0
0.88133997568 0.0048481368111 0
0.886351235482 0.0048481368111 0
0.891229428848 0.0048481368111 0
0.89597599446 0.0048481368111 0
0.90059239442 0.0048481368111 0
0.905080112385 0.0048481368111 0
0.909440651756 0.0048481368111 0
0.913675533908 0.0048481368111 0
0.917786296475 0.0048481368111 0
0.921774491682 0.0048481368111 0
0.925641684721 0.0048481368111 0
0.929389452185 0.0048481368111 0
0.933019380547 0.0048481368111 0
0.93653306469 0.0048481368111 0
0.939932106486 0.0048481368111 0
0.943218113422 0.0048481368111 0
0.946392697283 0.0048481368111 0
0.949457472874 0.0048481368111 0
0.952414056797 0.0048481368111 0
0.955264066275 0.0048481368111 0
0.95800911802 0.0048481368111 0
0.96065082715 0.0048481368111 0
0.963190806152 0.0048481368111 0
0.965630663892 0.0048481368111 0
0.967972004666 0.0048481368111 0
0.970216427295 0.0048481368111 0
0.972365524266 0.0048481368111 0
0.974420880914 0.0048481368111 0
0.976384074638 0.0048481368111 0
0.978256674172 0.0048481368111 0
0.980040238878 0.0048481368111 0
0.981736318092 0.0048481368111 0
0.983346450496 0.0048481368111 0
0.984872163531 0.0048481368111 0
0.986314972847 0.0048481368111 0
0.987676381786 0.0048481368111 0
0.988957880892 0.0048481368111 0
0.990160947464 0.0048481368111 0
0.991287045133 0.0048481368111 0
0.992337623466 0.0048481368111 0
0.993314117612 0.0048481368111 0
0.994217947962 0.0048481368111 0
0.995050519842 0.0048481368111 0
0.995813223237 0.0048481368111 0
0.99650743253 0.0048481368111 0
0.997134506275 0.0048481368111 0
0.997695786988 0.0048481368111 0
0.99819260096 0.0048481368111 0
0.998626258095 0.0048481368111 0
0.998998051767 0.0048481368111 0
0.999309258696 0.0048481368111 0
0.999561138845 0.0048481368111 0
0.99975493533 0.0048481368111 0
0.999891874358 0.0048481368111 0
0.999973165168 0.0048481368111 0
1 0.0048481368111 2
0 0.00861890988639 4
0.0145977623868 0.00861890988639 0
0.0291908592127 0.00861890988639 0
0.043774629886 0.00861890988639 0
0.0583444237423 0.00861890988639 0
0.0728956049803 0.00861890988639 0
0.0874235575645 0.00861890988639 0
0.101923690084 0.00861890988639 0
0.116391440556 0.00861890988639 0
0.130822281167 0.00861890988639 0
0.145211722932 0.00861890988639 0
0.159555320275 0.00861890988639 0
0.173848675514 0.00861890988639 0
0.188087443236 0.00861890988639 0
0.202267334564 0.00861890988639 0
0.216384121301 0.00861890988639 0
0.230433639947 0.00861890988639 0
0.244411795571 0.00861890988639 0
0.258314565548 0.00861890988639 0
0.272138003136 0.00861890988639 0
0.28587824091 0.00861890988639 0
0.299531494014 0.00861890988639 0
0.313094063263 0.00861890988639 0
0.326562338066 0.00861890988639 0
0.339932799173 0.00861890988639 0
0.353202021244 0.00861890988639 0
0.366366675238 0.00861890988639 0
0.379423530619 0.00861890988639 0
0.392369457372 0.00861890988639 0
0.405201427843 0.00861890988639 0
0.417916518379 0.00861890988639 0
0.430511910796 0.00861890988639 0
0.442984893649 0.00861890988639 0
0.45533286333 0.00861890988639 0
0.467553324969 0.00861890988639 0
0.479643893168 0.00861890988639 0
0.491602292549 0.00861890988639 0
0.503426358129 0.00861890988639 0
0.515114035522 0.00861890988639 0
0.526663380976 0.00861890988639 0
0.538072561245 0.00861890988639 0
0.549339853301 0.00861890988639 0
0.56046364389 0.00861890988639 0
0.571442428946 0.00861890988639 0
0.582274812847 0.00861890988639 0
0.59295950755 0.00861890988639 0
0.603495331578 0.00861890988639 0
0.613881208885 0.00861890988639 0
0.624116167608 0.00861890988639 0
0.634199338687 0.00861890988639 0
0.644129954394 0.00861890988639 0
0.653907346748 0.00861890988639 0
0.663530945839 0.00861890988639 0
0.673000278061 0.00861890988639 0
0.682314964261 0.00861890988639 0
0.691474717812 0.00861890988639 0
0.700479342616 0.00861890988639 0
0.709328731038 0.00861890988639 0
0.71802286179 0.00861890988639 0
0.726561797753 0.00861890988639 0
0.734945683759 0.00861890988639 0
0.743174744331 0.00861890988639 0
0.751249281387 0.00861890988639 0
0.759169671915 0.00861890988639 0
0.766936365624 0.00861890988639 0
0.774549882578 0.00861890988639 0
0.782010810811 0.00861890988639 0
0.789319803938 0.00861890988639 0
0.796477578763 0.00861890988639 0
0.803484912877 0.00861890988639 0
0.810342642275 0.00861890988639 0
0.817051658967 0.00861890988639 0
0.823612908613 0.00861890988639 0
0.830027388165 0.00861890988639 0
0.836296143535 0.00861890988639 0
0.842420267279 0.00861890988639 0
0.848400896313 0.00861890988639 0
0.854239209653 0.00861890988639 0
0.859936426186 0.00861890988639 0
0.865493802479 0.00861890988639 0
0.870912630617 0.00861890988639 0
0.876194236084 0.00861890988639 0
0.88133997568 0.00861890988639 0
0.886351235482 0.00861890988639 0
0.891229428848 0.00861890988639 0
0.89597599446 0.00861890988639 0
0.90059239442 0.00861890988639 0
0.905080112385 0.00861890988639 0
0.909440651756 0.00861890988639 0
0.913675533908 0.00861890988639 0
0.917786296475 0.00861890988639 0
0.921774491682 0.00861890988639 0
0.925641684721 0.00861890988639 0
0.929389452185 0.00861890988639 0
0.933019380547 0.00861890988639 0
0.93653306469 0.00861890988639 0
0.939932106486 0.00861890988639 0
0.943218113422 0.00861890988639 0
0.946392697283 0.00861890988639 0
0.949457472874 0.00861890988639 0
0.952414056797 0.00861890988639 0
0.955264066275 0.00861890988639 0
0.95800911802 0.00861890988639 0
0.96065082715 0.00861890988639 0
0.963190806152 0.00861890988639 0
0.965630663892 0.00861890988639 0
0.967972004666 0.00861890988639 0
0.970216427295 0.00861890988639 0
0.972365524266 0.00861890988639 0
0.974420880914 0.00861890988639 0
0.976384074638 0.00861890988639 0
0.978256674172 0.00861890988639 0
0.980040238878 0.00861890988639 0
0.981736318092 0.00861890988639 0
0.983346450496 0.00861890988639 0
0.984872163531 0.00861890988639 0
0.986314972847 0.00861890988639 0
0.987676381786 0.00861890988639 0
0.988957880892 0.00861890988639 0
0.990160947464 0.00861890988639 0
0.991287045133 0.00861890988639 0
0.992337623466 0.00861890988639 0
0.993314117612 0.00861890988639 0
0.994217947962 0.00861890988639 0
0.995050519842 0.00861890988639 0
0.995813223237 0.00861890988639 0
0.99650743253 0.00861890988639 0
0.997134506275 0.00861890988639 0
0.997695786988 0.00861890988639 0
0.99819260096 0.00861890988639 0
0.998626258095 0.00861890988639 0
0.998998051767 0.00861890988639 0
0.999309258696 0.00861890988639 0
0.999561138845 0.00861890988639 0
0.99975493533 0.00861890988639 0
0.999891874358 0.00861890988639 0
0.999973165168 0.00861890988639 0
1 0.00861890988639 2
0 0.0134670466975 4
0.0145977623868 0.0134670466975 0
0.0291908592127 0.0134670466975 0
0.043774629886 0.0134670466975 0
0.0583444237423 0.0134670466975 0
0.0728956049803 0.0134670466975 0
0.0874235575645 0.0134670466975 0
0.101923690084 0.0134670466975 0
0.116391440556 0.0134670466975 0
0.130822281167 0.0134670466975 0
0.145211722932 0.0134670466975 0
0.159555320275 0.0134670466975 0
0.173848675514 0.0134670466975 0
0.188087443236 0.0134670466975 0
0.202267334564 0.0134670466975 0
0.216384121301 0.0134670466975 0
0.230433639947 0.0134670466975 0
0.244411795571 0.0134670466975 0
0.258314565548 0.0134670466975 0
0.272138003136 0.0134670466975 0
0.28587824091 0.0134670466975 0
0.299531494014 0.0134670466975 0
0.313094063263 0.0134670466975 0
0.326562338066 0.0134670466975 0
0.339932799173 0.0134670466975 0
0.353202021244 0.0134670466975 0
0.366366675238 0.0134670466975 0
0.379423530619 0.0134670466975 0
0.392369457372 0.0134670466975 0
0.405201427843 0.0134670466975 0
0.417916518379 0.0134670466975 0
0.430511910796 0.0134670466975 0
0.442984893649 0.0134670466975 0
0.45533286333 0.0134670466975 0
0.467553324969 0.0134670466975 0
0.479643893168 0.0134670466975 0
0.491602292549 0.0134670466975 0
0.503426358129 0.0134670466975 0
0.515114035522 0.0134670466975 0
0.526663380976 0.0134670466975 0
0.538072561245 0.0134670466975 0
0.549339853301 0.0134670466975 0
0.56046364389 0.0134670466975 0
0.571442428946 0.0134670466975 0
0.582274812847 0.0134670466975 0
0.59295950755 0.0134670466975 0
0.603495331578 0.0134670466975 0
0.613881208885 0.0134670466975 0
0.624116167608 0.0134670466975 0
0.634199338687 0.0134670466975 0
0.644129954394 0.0134670466975 0
0.653907346748 0.0134670466975 0
0.663530945839 0.0134670466975 0
0.673000278061 0.0134670466975 0
0.682314964261 0.0134670466975 0
0.691474717812 0.0134670466975 0
0.700479342616 0.0134670466975 0
0.709328731038 0.0134670466975 0
0.71802286179 0.0134670466975 0
0.726561797753 0.0134670466975 0
0.734945683759 0.0134670466975 0
0.743174744331 0.0134670466975 0
0.751249281387 0.0134670466975 0
0.759169671915 0.0134670466975 0
0.766936365624 0.0134670466975 0
0.774549882578 0.0134670466975 0
0.782010810811 0.0134670466975 0
0.789319803938 0.0134670466975 0
0.796477578763 0.0134670466975 0
0.803484912877 0.0134670466975 0
0.810342642275 0.0134670466975 0
0.817051658967 0.0134670466975 0
0.823612908613 0.0134670466975 0
0.830027388165 0.0134670466975 0
0.836296143535 0.0134670466975 0
0.842420267279 0.0134670466975 0
0.848400896313 0.0134670466975 0
0.854239209653 0.0134670466975 0
0.859936426186 0.0134670466975 0
0.865493802479 0.0134670466975 0
0.870912630617 0.0134670466975 0
0.876194236084 0.0134670466975 0
0.88133997568 0.0134670466975 0
0.886351235482 0.0134670466975 0
0.891229428848 0.0134670466975 0
0.89597599446 0.0134670466975 0
0.90059239442 0.0134670466975 0
0.905080112385 0.0134670466975 0
0.909440651756 0.0134670466975 0
0.913675533908 0.0134670466975 0
0.917786296475 0.0134670466975 0
0.921774491682 0.0134670466975 0
0.925641684721 0.0134670466975 0
0.929389452185 0.0134670466975 0
0.933019380547 0.0134670466975 0
0.93653306469 0.0134670466975 0
0.939932106486 0.0134670466975 0
0.943218113422 0.0134670466975 0
0.946392697283 0.0134670466975 0
0.949457472874 0.0134670466975 0
0.952414056797 0.0134670466975 0
0.955264066275 0.0134670466975 0
0.95800911802 0.0134670466975 0
0.96065082715 0.0134670466975 0
0.963190806152 0.0134670466975 0
0.965630663892 0.0134670466975 0
0.967972004666 0.0134670466975 0
0.970216427295 0.0134670466975 0
0.972365524266 0.0134670466975 0
0.974420880914 0.0134670466975 0
0.976384074638 0.0134670466975 0
0.978256674172 0.0134670466975 0
0.980040238878 0.0134670466975 0
0.981736318092 0.0134670466975 0
0.983346450496 0.0134670466975 0
0.984872163531 0.0134670466975 0
0.986314972847 0.0134670466975 0
0.987676381786 0.0134670466975 0
0.988957880892 0.0134670466975 0
0.990160947464 0.0134670466975 0
0.991287045133 0.0134670466975 0
0.992337623466 0.0134670466975 0
0.993314117612 0.0134670466975 0
0.994217947962 0.0134670466975 0
0.995050519842 0.0134670466975 0
0.995813223237 0.0134670466975 0
0.99650743253 0.0134670466975 0
0.997134506275 0.0134670466975 0
0.997695786988 0.0134670466975 0
0.99819260096 0.0134670466975 0
0.998626258095 0.0134670466975 0
0.998998051767 0.0134670466975 0
0.999309258696 0.0134670466975 0
0.999561138845 0.0134670466975 0
0.99975493533 0.0134670466975 0
0.999891874358 0.0134670466975 0
0.999973165168 0.0134670466975 0
1 0.0134670466975 2
0 0.0193925472444 4
0.0145977623868 0.0193925472444 0
0.0291908592127 0.0193925472444 0
0.043774629886 0.0193925472444 0
0.0583444237423 0.0193925472444 0
0.0728956049803 0.0193925472444 0
0.0874235575645 0.0193925472444 0
0.101923690084 0.0193925472444 0
0.116391440556 0.0193925472444 0
0.130822281167 0.0193925472444 0
0.145211722932 0.0193925472444 0
0.159555320275 0.0193925472444 0
0.173848675514 0.0193925472444 0
0.188087443236 0.0193925472444 0
0.202267334564 0.0193925472444 0
0.216384121301 0.0193925472444 0
0.230433639947 0.0193925472444 0
0.244411795571 0.0193925472444 0
0.258314565548 0.0193925472444 0
0.272138003136 0.0193925472444 0
0.28587824091 0.0193925472444 0
0.299531494014 0.0193925472444 0
0.313094063263 0.0193925472444 0
0.326562338066 0.0193925472444 0
0.339932799173 0.0193925472444 0
0.353202021244 0.0193925472444 0
0.366366675238 0.0193925472444 0
0.379423530619 0.0193925472444 0
0.392369457372 0.0193925472444 0
0.405201427843 0.0193925472444 0
0.417916518379 0.0193925472444 0
0.430511910796 0.0193925472444 0
0.442984893649 0.0193925472444 0
0.45533286333 0.0193925472444 0
0.467553324969 0.0193925472444 0
0.479643893168 0.0193925472444 0
0.491602292549 0.0193925472444 0
0.503426358129 0.0193925472444 0
0.515114035522 0.0193925472444 0
0.526663380976 0.0193925472444 0
0.538072561245 0.0193925472444 0
0.549339853301 0.0193925472444 0
0.56046364389 0.0193925472444 0
0.571442428946 0.0193925472444 0
0.582274812847 0.0193925472444 0
0.59295950755 0.0193925472444 0
0.603495331578 0.0193925472444 0
0.613881208885 0.0193925472444 0
0.624116167608 0.0193925472444 0
0.634199338687 0.0193925472444 0
0.644129954394 0.0193925472444 0
0.653907346748 0.0193925472444 0
0.663530945839 0.0193925472444 0
0.673000278061 0.0193925472444 0
0.682314964261 0.0193925472444 0
0.691474717812 0.0193925472444 0
0.700479342616 0.0193925472444 0
0.709328731038 0.0193925472444 0
0.71802286179 0.0193925472444 0
0.726561797753 0.0193925472444 0
0.734945683759 0.0193925472444 0
0.743174744331 0.0193925472444 0
0.751249281387 0.0193925472444 0
0.759169671915 0.0193925472444 0
0.766936365624 0.0193925472444 0
0.774549882578 0.0193925472444 0
0.782010810811 0.0193925472444 0
0.789319803938 0.0193925472444 0
0.796477578763 0.0193925472444 0
0.803484912877 0.0193925472444 0
0.810342642275 0.0193925472444 0
0.817051658967 0.0193925472444 0
0.823612908613 0.0193925472444 0
0.830027388165 0.0193925472444 0
0.836296143535 0.0193925472444 0
0.842420267279 0.0193925472444 0
0.848400896313 0.0193925472444 0
0.854239209653 0.0193925472444 0
0.859936426186 0.0193925472444 0
0.865493802479 0.0193925472444 0
0.870912630617 0.0193925472444 0
0.876194236084 0.0193925472444 0
0.88133997568 0.0193925472444 0
0.886351235482 0.0193925472444 0
0.891229428848 0.0193925472444 0
0.89597599446 0.0193925472444 0
0.90059239442 0.0193925472444 0
0.905080112385 0.0193925472444 0
0.909440651756 0.0193925472444 0
0.913675533908 0.0193925472444 0
0.917786296475 0.0193925472444 0
0.921774491682 0.0193925472444 0
0.925641684721 0.0193925472444 0
0.929389452185 0.0193925472444 0
0.933019380547 0.0193925472444 0
0.93653306469 0.0193925472444 0
0.939932106486 0.0193925472444 0
0.943218113422 0.0193925472444 0
0.946392697283 0.0193925472444 0
0.949457472874 0.0193925472444 0
0.952414056797 0.0193925472444 0
0.955264066275 0.0193925472444 0
0.95800911802 0.0193925472444 0
0.96065082715 0.0193925472444 0
0.963190806152 0.0193925472444 0
0.965630663892 0.0193925472444 0
0.967972004666 0.0193925472444 0
0.970216427295 0.0193925472444 0
0.972365524266 0.0193925472444 0
0.974420880914 0.0193925472444 0
0.976384074638 0.0193925472444 0
0.978256674172 0.0193925472444 0
0.980040238878 0.0193925472444 0
0.981736318092 0.0193925472444 0
0.983346450496 0.0193925472444 0
0.984872163531 0.0193925472444 0
0.986314972847 0.0193925472444 0
0.987676381786 0.0193925472444 0
0.988957880892 0.0193925472444 0
0.990160947464 0.0193925472444 0
0.991287045133 0.0193925472444 0
0.992337623466 0.0193925472444 0
0.993314117612 0.0193925472444 0
0.994217947962 0.0193925472444 0
0.995050519842 0.0193925472444 0
0.995813223237 0.0193925472444 0
0.99650743253 0.0193925472444 0
0.997134506275 0.0193925472444 0
0.997695786988 0.0193925472444 0
0.99819260096 0.0193925472444 0
0.998626258095 0.0193925472444 0
0.998998051767 0.0193925472444 0
0.999309258696 0.0193925472444 0
0.999561138845 0.0193925472444 0
0.99975493533 0.0193925472444 0
0.999891874358 0.0193925472444 0
0.999973165168 0.0193925472444 0
1 0.0193925472444 2
0 0.0263954115271 4
0.0145977623868 0.0263954115271 0
0.0291908592127 0.0263954115271 0
0.043774629886 0.0263954115271 0
0.0583444237423 0.0263954115271 0
0.0728956049803 0.0263954115271 0
0.0874235575645 0.0263954115271 0
0.101923690084 0.0263954115271 0
0.116391440556 0.0263954115271 0
0.130822281167 0.0263954115271 0
0.145211722932 0.0263954115271 0
0.159555320275 0.0263954115271 0
0.173848675514 0.0263954115271 0
0.188087443236 0.0263954115271 0
0.202267334564 0.0263954115271 0
0.216384121301 0.0263954115271 0
0.230433639947 0.0263954115271 0
0.244411795571 0.0263954115271 0
0.258314565548 0.0263954115271 0
0.272138003136 0.0263954115271 0
0.28587824091 0.0263954115271 0
0.299531494014 0.0263954115271 0
0.313094063263 0.0263954115271 0
0.326562338066 0.0263954115271 0
0.339932799173 0.0263954115271 0
0.353202021244 0.0263954115271 0
0.366366675238 0.0263954115271 0
0.379423530619 0.0263954115271 0
0.392369457372 0.0263954115271 0
0.405201427843 0.0263954115271 0
0.417916518379 0.0263954115271 0
0.430511910796 0.0263954115271 0
0.442984893649 0.0263954115271 0
0.45533286333 0.0263954115271 0
0.467553324969 0.0263954115271 0
0.479643893168 0.0263954115271 0
0.491602292549 0.0263954115271 0
0.503426358129 0.0263954115271 0
0.515114035522 0.0263954115271 0
0.526663380976 0.0263954115271 0
0.538072561245 0.0263954115271 0
0.549339853301 0.0263954115271 0
0.56046364389 0.0263954115271 0
0.571442428946 0.0263954115271 0
0.582274812847 0.0263954115271 0
0.59295950755 0.0263954115271 0
0.603495331578 0.0263954115271 0
0.613881208885 0.0263954115271 0
0.624116167608 0.0263954115271 0
0.634199338687 0.0263954115271 0
0.644129954394 0.0263954115271 0
0.653907346748 0.0263954115271 0
0.663530945839 0.0263954115271 0
0.673000278061 0.0263954115271 0
0.682314964261 0.0263954115271 0
0.691474717812 0.0263954115271 0
0.700479342616 0.0263954115271 0
0.709328731038 0.0263954115271 0
0.71802286179 0.0263954115271 0
0.726561797753 0.0263954115271 0
0.734945683759 0.0263954115271 0
0.743174744331 0.0263954115271 0
0.751249281387 0.0263954115271 0
0.759169671915 0.0263954115271 0
0.766936365624 0.0263954115271 0
0.774549882578 0.0263954115271 0
0.782010810811 0.0263954115271 0
0.789319803938 0.0263954115271 0
0.796477578763 0.0263954115271 0
0.803484912877 0.0263954115271 0
0.810342642275 0.0263954115271 0
0.817051658967 0.0263954115271 0
0.823612908613 0.0263954115271 0
0.830027388165 0.0263954115271 0
0.836296143535 0.0263954115271 0
0.842420267279 0.0263954115271 0
0.848400896313 0.0263954115271 0
0.854239209653 0.0263954115271 0
0.859936426186 0.0263954115271 0
0.865493802479 0.0263954115271 0
0.870912630617 0.0263954115271 0
0.876194236084 0.0263954115271 0
0.88133997568 0.0263954115271 0
0.886351235482 0.0263954115271 0
0.891229428848 0.0263954115271 0
0.89597599446 0.0263954115271 0
0.90059239442 0.0263954115271 0
0.905080112385 0.0263954115271 0
0.909440651756 0.0263954115271 0
0.913675533908 0.0263954115271 0
0.917786296475 0.0263954115271 0
0.921774491682 0.0263954115271 0
0.925641684721 0.0263954115271 0
0.929389452185 0.0263954115271 0
0.933019380547 0.0263954115271 0
0.93653306469 0.0263954115271 0
0.939932106486 0.0263954115271 0
0.943218113422 0.0263954115271 0
0.946392697283 0.0263954115271 0
0.949457472874 0.0263954115271 0
0.952414056797 0.0263954115271 0
0.955264066275 0.0263954115271 0
0.95800911802 0.0263954115271 0
0.96065082715 0.0263954115271 0
0.963190806152 0.0263954115271 0
0.965630663892 0.0263954115271 0
0.967972004666 0.0263954115271 0
0.970216427295 0.0263954115271 0
0.972365524266 0.0263954115271 0
0.974420880914 0.0263954115271 0
0.976384074638 0.0263954115271 0
0.978256674172 0.0263954115271 0
0.980040238878 0.0263954115271 0
0.981736318092 0.0263954115271 0
0.983346450496 0.0263954115271 0
0.984872163531 0.0263954115271 0
0.986314972847 0.0263954115271 0
0.987676381786 0.0263954115271 0
0.988957880892 0.0263954115271 0
0.990160947464 0.0263954115271 0
0.991287045133 0.0263954115271 0
0.992337623466 0.0263954115271 0
0.993314117612 0.0263954115271 0
0.994217947962 0.0263954115271 0
0.995050519842 0.0263954115271 0
0.995813223237 0.0263954115271 0
0.99650743253 0.0263954115271 0
0.997134506275 0.0263954115271 0
0.997695786988 0.0263954115271 0
0.99819260096 0.0263954115271 0
0.998626258095 0.0263954115271 0
0.998998051767 0.0263954115271 0
0.999309258696 0.0263954115271 0
0.999561138845 0.0263954115271 0
0.99975493533 0.0263954115271 0
0.999891874358 0.0263954115271 0
0.999973165168 0.0263954115271 0
1 0.0263954115271 2
0 0.0344756395456 4
0.0145977623868 0.0344756395456 0
0.0291908592127 0.0344756395456 0
0.043774629886 0.0344756395456 0
0.0583444237423 0.0344756395456 0
0.0728956049803 0.0344756395456 0
0.0874235575645 0.0344756395456 0
0.101923690084 0.0344756395456 0
0.116391440556 0.0344756395456 0
0.130822281167 0.0344756395456 0
0.145211722932 0.0344756395456 0
0.159555320275 0.0344756395456 0
0.173848675514 0.0344756395456 0
0.188087443236 0.0344756395456 0
0.202267334564 0.0344756395456 0
0.216384121301 0.0344756395456 0
0.230433639947 0.0344756395456 0
0.244411795571 0.0344756395456 0
0.258314565548 0.0344756395456 0
0.272138003136 0.0344756395456 0
0.28587824091 0.0344756395456 0
0.299531494014 0.0344756395456 0
0.313094063263 0.0344756395456 0
0.326562338066 0.0344756395456 0
0.339932799173 0.0344756395456 0
0.353202021244 0.0344756395456 0
0.366366675238 0.0344756395456 0
0.379423530619 0.0344756395456 0
0.392369457372 0.0344756395456 0
0.405201427843 0.0344756395456 0
0.417916518379 0.0344756395456 0
0.430511910796 0.0344756395456 0
0.442984893649 0.0344756395456 0
0.45533286333 0.0344756395456 0
0.467553324969 0.0344756395456 0
0.479643893168 0.0344756395456 0
0.491602292549 0.0344756395456 0
0.503426358129 0.0344756395456 0
0.515114035522 0.0344756395456 0
0.526663380976 0.0344756395456 0
0.538072561245 0.0344756395456 0
0.549339853301 0.0344756395456 0
0.56046364389 0.0344756395456 0
0.571442428946 0.0344756395456 0
0.582274812847 0.0344756395456 0
0.59295950755 0.0344756395456 0
0.603495331578 0.0344756395456 0
0.613881208885 0.0344756395456 0
0.624116167608 0.0344756395456 0
0.634199338687 0.0344756395456 0
0.644129954394 0.0344756395456 0
0.653907346748 0.0344756395456 0
0.663530945839 0.0344756395456 0
0.673000278061 0.0344756395456 0
0.682314964261 0.0344756395456 0
0.691474717812 0.0344756395456 0
0.700479342616 0.0344756395456 0
0.709328731038 0.0344756395456 0
0.71802286179 0.0344756395456 0
0.726561797753 0.0344756395456 0
0.734945683759 0.0344756395456 0
0.743174744331 0.0344756395456 0
0.751249281387 0.0344756395456 0
0.759169671915 0.0344756395456 0
0.766936365624 0.0344756395456 0
0.774549882578 0.0344756395456 0
0.782010810811 0.0344756395456 0
0.789319803938 0.0344756395456 0
0.796477578763 0.0344756395456 0
0.803484912877 0.0344756395456 0
0.810342642275 0.0344756395456 0
0.817051658967 0.0344756395456 0
0.823612908613 0.0344756395456 0
0.830027388165 0.0344756395456 0
0.836296143535 0.0344756395456 0
0.842420267279 0.0344756395456 0
0.848400896313 0.0344756395456 0
0.854239209653 0.0344756395456 0
0.859936426186 0.0344756395456 0
0.865493802479 0.0344756395456 0
0.870912630617 0.0344756395456 0
0.876194236084 0.0344756395456 0
0.88133997568 0.0344756395456 0
0.886351235482 0.0344756395456 0
0.891229428848 0.0344756395456 0
0.89597599446 0.0344756395456 0
0.90059239442 0.0344756395456 0
0.905080112385 0.0344756395456 0
0.909440651756 0.0344756395456 0
0.913675533908 0.0344756395456 0
0.917786296475 0.0344756395456 0
0.921774491682 0.0344756395456 0
0.925641684721 0.0344756395456 0
0.929389452185 0.0344756395456 0
0.933019380547 0.0344756395456 0
0.93653306469 0.0344756395456 0
0.939932106486 0.0344756395456 0
0.943218113422 0.0344756395456 0
0.946392697283 0.0344756395456 0
0.949457472874 0.0344756395456 0
0.952414056797 0.0344756395456 0
0.955264066275 0.0344756395456 0
0.95800911802 0.0344756395456 0
0.96065082715 0.0344756395456 0
0.963190806152 0.0344756395456 0
0.965630663892 0.0344756395456 0
0.967972004666 0.0344756395456 0
0.970216427295 0.0344756395456 0
0.972365524266 0.0344756395456 0
0.974420880914 0.0344756395456 0
0.976384074638 0.0344756395456 0
0.978256674172 0.0344756395456 0
0.980040238878 0.0344756395456 0
0.981736318092 0.0344756395456 0
0.983346450496 0.0344756395456 0
0.984872163531 0.0344756395456 0
0.986314972847 0.0344756395456 0
0.987676381786 0.0344756395456 0
0.988957880892 0.0344756395456 0
0.990160947464 0.0344756395456 0
0.991287045133 0.0344756395456 0
0.992337623466 0.0344756395456 0
0.993314117612 0.0344756395456 0
0.994217947962 0.0344756395456 0
0.995050519842 0.0344756395456 0
0.995813223237 0.0344756395456 0
0.99650743253 0.0344756395456 0
0.997134506275 0.0344756395456 0
0.997695786988 0.0344756395456 0
0.99819260096 0.0344756395456 0
0.998626258095 0.0344756395456 0
0.998998051767 0.0344756395456 0
0.999309258696 0.0344756395456 0
0.999561138845 0.0344756395456 0
0.99975493533 0.0344756395456 0
0.999891874358 0.0344756395456 0
0.999973165168 0.0344756395456 0
1 0.0344756395456 2
0 0.0436332312999 4
0.0145977623868 0.0436332312999 0
0.0291908592127 0.0436332312999 0
0.043774629886 0.0436332312999 0
0.0583444237423 0.0436332312999 0
0.0728956049803 0.0436332312999 0
0.0874235575645 0.0436332312999 0
0.101923690084 0.0436332312999 0
0.116391440556 0.0436332312999 0
0.130822281167 0.0436332312999 0
0.145211722932 0.0436332312999 0
0.159555320275 0.0436332312999 0
0.173848675514 0.0436332312999 0
0.188087443236 0.0436332312999 0
0.202267334564 0.0436332312999 0
0.216384121301 0.0436332312999 0
0.230433639947 0.0436332312999 0
0.244411795571 0.0436332312999 0
0.258314565548 0.0436332312999 0
0.272138003136 0.0436332312999 0
0.28587824091 0.0436332312999 0
0.299531494014 0.0436332312999 0
0.313094063263 0.0436332312999 0
0.326562338066 0.0436332312999 0
0.339932799173 0.0436332312999 0
0.353202021244 0.0436332312999 0
0.366366675238 0.0436332312999 0
0.379423530619 0.0436332312999 0
0.392369457372 0.0436332312999 0
0.405201427843 0.0436332312999 0
0.417916518379 0.0436332312999 0
0.430511910796 0.0436332312999 0
0.442984893649 0.0436332312999 0
0.45533286333 0.0436332312999 0
0.467553324969 0.0436332312999 0
0.479643893168 0.0436332312999 0
0.491602292549 0.0436332312999 0
0.503426358129 0.0436332312999 0
0.515114035522 0.0436332312999 0
0.526663380976 0.0436332312999 0
0.538072561245 0.0436332312999 0
0.549339853301 0.0436332312999 0
0.56046364389 0.0436332312999 0
0.571442428946 0.0436332312999 0
0.582274812847 0.0436332312999 0
0.59295950755 0.0436332312999 0
0.603495331578 0.0436332312999 0
0.613881208885 0.0436332312999 0
0.624116167608 0.0436332312999 0
0.634199338687 0.0436332312999 0
0.644129954394 0.0436332312999 0
0.653907346748 0.0436332312999 0
0.663530945839 0.0436332312999 0
0.673000278061 0.0436332312999 0
0.682314964261 0.0436332312999 0
0.691474717812 0.0436332312999 0
0.700479342616 0.0436332312999 0
0.709328731038 0.0436332312999 0
0.71802286179 0.0436332312999 0
0.726561797753 0.0436332312999 0
0.734945683759 0.0436332312999 0
0.743174744331 0.0436332312999 0
0.751249281387 0.0436332312999 0
0.759169671915 0.0436332312999 0
0.766936365624 0.0436332312999 0
0.774549882578 0.0436332312999 0
0.782010810811 0.0436332312999 0
0.789319803938 0.0436332312999 0
0.796477578763 0.0436332312999 0
0.803484912877 0.0436332312999 0
0.810342642275 0.0436332312999 0
0.817051658967 0.0436332312999 0
0.823612908613 0.0436332312999 0
0.830027388165 0.0436332312999 0
0.836296143535 0.0436332312999 0
0.842420267279 0.0436332312999 0
0.848400896313 0.0436332312999 0
0.854239209653 0.0436332312999 0
0.859936426186 0.0436332312999 0
0.865493802479 0.0436332312999 0
0.870912630617 0.0436332312999 0
0.876194236084 0.0436332312999 0
0.88133997568 0.0436332312999 0
0.886351235482 0.0436332312999 0
0.891229428848 0.0436332312999 0
0.89597599446 0.0436332312999 0
0.90059239442 0.0436332312999 0
0.905080112385 0.0436332312999 0
0.909440651756 0.0436332312999 0
0.913675533908 0.0436332312999 0
0.917786296475 0.0436332312999 0
0.921774491682 0.0436332312999 0
0.925641684721 0.0436332312999 0
0.929389452185 0.0436332312999 0
0.933019380547 0.0436332312999 0
0.93653306469 0.0436332312999 0
0.939932106486 0.0436332312999 0
0.943218113422 0.0436332312999 0
0.946392697283 0.0436332312999 0
0.949457472874 0.0436332312999 0
0.952414056797 0.0436332312999 0
0.955264066275 0.0436332312999 0
0.95800911802 0.0436332312999 0
0.96065082715 0.0436332312999 0
0.963190806152 0.0436332312999 0
0.965630663892 0.0436332312999 0
0.967972004666 0.0436332312999 0
0.970216427295 0.0436332312999 0
0.972365524266 0.0436332312999 0
0.974420880914 0.0436332312999 0
0.976384074638 0.0436332312999 0
0.978256674172 0.0436332312999 0
0.980040238878 0.0436332312999 0
0.981736318092 0.0436332312999 0
0.983346450496 0.0436332312999 0
0.984872163531 0.0436332312999 0
0.986314972847 0.0436332312999 0
0.987676381786 0.0436332312999 0
0.988957880892 0.0436332312999 0
0.990160947464 0.0436332312999 0
0.991287045133 0.0436332312999 0
0.992337623466 0.0436332312999 0
0.993314117612 0.0436332312999 0
0.994217947962 0.0436332312999 0
0.995050519842 0.0436332312999 0
0.995813223237 0.0436332312999 0
0.99650743253 0.0436332312999 0
0.997134506275 0.0436332312999 0
0.997695786988 0.0436332312999 0
0.99819260096 0.0436332312999 0
0.998626258095 0.0436332312999 0
0.998998051767 0.0436332312999 0
0.999309258696 0.0436332312999 0
0.999561138845 0.0436332312999 0
0.99975493533 0.0436332312999 0
0.999891874358 0.0436332312999 0
0.999973165168 0.0436332312999 0
1 0.0436332312999 2
0 0.0538681867899 4
0.0145977623868 0.0538681867899 0
0.0291908592127 0.0538681867899 0
0.043774629886 0.0538681867899 0
0.0583444237423 0.0538681867899 0
0.0728956049803 0.0538681867899 0
0.0874235575645 0.0538681867899 0
0.101923690084 0.0538681867899 0
0.116391440556 0.0538681867899 0
0.130822281167 0.0538681867899 0
0.145211722932 0.0538681867899 0
0.159555320275 0.0538681867899 0
0.173848675514 0.0538681867899 0
0.188087443236 0.0538681867899 0
0.202267334564 0.0538681867899 0
0.216384121301 0.0538681867899 0
0.230433639947 0.0538681867899 0
0.244411795571 0.0538681867899 0
0.258314565548 0.0538681867899 0
0.272138003136 0.0538681867899 0
0.28587824091 0.0538681867899 0
0.299531494014 0.0538681867899 0
0.313094063263 0.0538681867899 0
0.326562338066 0.0538681867899 0
0.339932799173 0.0538681867899 0
0.353202021244 0.0538681867899 0
0.366366675238 0.0538681867899 0
0.379423530619 0.0538681867899 0
0.392369457372 0.0538681867899 0
0.405201427843 0.0538681867899 0
0.417916518379 0.0538681867899 0
0.430511910796 0.0538681867899 0
0.442984893649 0.0538681867899 0
0.45533286333 0.0538681867899 0
0.467553324969 0.0538681867899 0
0.479643893168 0.0538681867899 0
0.491602292549 0.0538681867899 0
0.503426358129 0.0538681867899 0
0.515114035522 0.0538681867899 0
0.526663380976 0.0538681867899 0
0.538072561245 0.0538681867899 0
0.549339853301 0.0538681867899 0
0.56046364389 0.0538681867899 0
0.571442428946 0.0538681867899 0
0.582274812847 0.0538681867899 0
0.59295950755 0.0538681867899 0
0.603495331578 0.0538681867899 0
0.613881208885 0.0538681867899 0
0.624116167608 0.0538681867899 0
0.634199338687 0.0538681867899 0
0.644129954394 0.0538681867899 0
0.653907346748 0.0538681867899 0
0.663530945839 0.0538681867899 0
0.673000278061 0.0538681867899 0
0.682314964261 0.0538681867899 0
0.691474717812 0.0538681867899 0
0.700479342616 0.0538681867899 0
0.709328731038 0.0538681867899 0
0.71802286179 0.0538681867899 0
0.726561797753 0.0538681867899 0
0.734945683759 0.0538681867899 0
0.743174744331 0.0538681867899 0
0.751249281387 0.0538681867899 0
0.759169671915 0.0538681867899 0
0.766936365624 0.0538681867899 0
0.774549882578 0.0538681867899 0
0.782010810811 0.0538681867899 0
0.789319803938 0.0538681867899 0
0.796477578763 0.0538681867899 0
0.803484912877 0.0538681867899 0
0.810342642275 0.0538681867899 0
0.817051658967 0.0538681867899 0
0.823612908613 0.0538681867899 0
0.830027388165 0.0538681867899 0
0.836296143535 0.0538681867899 0
0.842420267279 0.0538681867899 0
0.848400896313 0.0538681867899 0
0.854239209653 0.0538681867899 0
0.859936426186 0.0538681867899 0
0.865493802479 0.0538681867899 0
0.870912630617 0.0538681867899 0
0.876194236084 0.0538681867899 0
0.88133997568 0.0538681867899 0
0.886351235482 0.0538681867899 0
0.891229428848 0.0538681867899 0
0.89597599446 0.0538681867899 0
0.90059239442 0.0538681867899 0
0.905080112385 0.0538681867899 0
0.909440651756 0.0538681867899 0
0.913675533908 0.0538681867899 0
0.917786296475 0.0538681867899 0
0.921774491682 0.0538681867899 0
0.925641684721 0.0538681867899 0
0.929389452185 0.0538681867899 0
0.933019380547 0.0538681867899 0
0.93653306469 0.0538681867899 0
0.939932106486 0.0538681867899 0
0.943218113422 0.0538681867899 0
0.946392697283 0.0538681867899 0
0.949457472874 0.0538681867899 0
0.952414056797 0.0538681867899 0
0.955264066275 0.0538681867899 0
0.95800911802 0.0538681867899 0
0.96065082715 0.0538681867899 0
0.963190806152 0.0538681867899 0
0.965630663892 0.0538681867899 0
0.967972004666 0.0538681867899 0
0.970216427295 0.0538681867899 0
0.972365524266 0.0538681867899 0
0.974420880914 0.0538681867899 0
0.976384074638 0.0538681867899 0
0.978256674172 0.0538681867899 0
0.980040238878 0.0538681867899 0
0.981736318092 0.0538681867899 0
0.983346450496 0.0538681867899 0
0.984872163531 0.0538681867899 0
0.986314972847 0.0538681867899 0
0.987676381786 0.0538681867899 0
0.988957880892 0.0538681867899 0
0.990160947464 0.0538681867899 0
0.991287045133 0.0538681867899 0
0.992337623466 0.0538681867899 0
0.993314117612 0.0538681867899 0
0.994217947962 0.0538681867899 0
0.995050519842 0.0538681867899 0
0.995813223237 0.0538681867899 0
0.99650743253 0.0538681867899 0
0.997134506275 0.0538681867899 0
0.997695786988 0.0538681867899 0
0.99819260096 0.0538681867899 0
0.998626258095 0.0538681867899 0
0.998998051767 0.0538681867899 0
0.999309258696 0.0538681867899 0
0.999561138845 0.0538681867899 0
0.99975493533 0.0538681867899 0
0.999891874358 0.0538681867899 0
0.999973165168 0.0538681867899 0
1 0.0538681867899 2
0 0.0651805060158 4
0.0145977623868 0.0651805060158 0
0.0291908592127 0.0651805060158 0
0.043774629886 0.0651805060158 0
0.0583444237423 0.0651805060158 0
0.0728956049803 0.0651805060158 0
0.0874235575645 0.0651805060158 0
0.101923690084 0.0651805060158 0
0.116391440556 0.0651805060158 0
0.130822281167 0.0651805060158 0
0.145211722932 0.0651805060158 0
0.159555320275 0.0651805060158 0
0.173848675514 0.0651805060158 0
0.188087443236 0.0651805060158 0
0.202267334564 0.0651805060158 0
0.216384121301 0.0651805060158 0
0.230433639947 0.0651805060158 0
0.244411795571 0.0651805060158 0
0.258314565548 0.0651805060158 0
0.272138003136 0.0651805060158 0
0.28587824091 0.0651805060158 0
0.299531494014 0.0651805060158 0
0.313094063263 0.0651805060158 0
0.326562338066 0.0651805060158 0
0.339932799173 0.0651805060158 0
0.353202021244 0.0651805060158 0
0.366366675238 0.0651805060158 0
0.379423530619 0.0651805060158 0
0.392369457372 0.0651805060158 0
0.405201427843 0.0651805060158 0
0.417916518379 0.0651805060158 0
0.430511910796 0.0651805060158 0
0.442984893649 0.0651805060158 0
0.45533286333 0.0651805060158 0
0.467553324969 0.0651805060158 0
0.479643893168 0.0651805060158 0
0.491602292549 0.0651805060158 0
0.503426358129 0.0651805060158 0
0.515114035522 0.0651805060158 0
0.526663380976 0.0651805060158 0
0.538072561245 0.0651805060158 0
0.549339853301 0.0651805060158 0
0.56046364389 0.0651805060158 0
0.571442428946 0.0651805060158 0
0.582274812847 0.0651805060158 0
0.59295950755 0.0651805060158 0
0.603495331578 0.0651805060158 0
0.613881208885 0.0651805060158 0
0.624116167608 0.0651805060158 0
0.634199338687 0.0651805060158 0
0.644129954394 0.0651805060158 0
0.653907346748 0.0651805060158 0
0.663530945839 0.0651805060158 0
0.673000278061 0.0651805060158 0
0.682314964261 0.0651805060158 0
0.691474717812 0.0651805060158 0
0.700479342616 0.0651805060158 0
0.709328731038 0.0651805060158 0
0.71802286179 0.0651805060158 0
0.726561797753 0.0651805060158 0
0.734945683759 0.0651805060158 0
0.743174744331 0.0651805060158 0
0.751249281387 0.0651805060158 0
0.759169671915 0.0651805060158 0
0.766936365624 0.0651805060158 0
0.774549882578 0.0651805060158 0
0.782010810811 0.0651805060158 0
0.789319803938 0.0651805060158 0
0.796477578763 0.0651805060158 0
0.803484912877 0.0651805060158 0
0.810342642275 0.0651805060158 0
0.817051658967 0.0651805060158 0
0.823612908613 0.0651805060158 0
0.830027388165 0.0651805060158 0
0.836296143535 0.0651805060158 0
0.842420267279 0.0651805060158 0
0.848400896313 0.0651805060158 0
0.854239209653 0.0651805060158 0
0.859936426186 0.0651805060158 0
0.865493802479 0.0651805060158 0
0.870912630617 0.0651805060158 0
0.876194236084 0.0651805060158 0
0.88133997568 0.0651805060158 0
0.886351235482 0.0651805060158 0
0.891229428848 0.0651805060158 0
0.89597599446 0.0651805060158 0
0.90059239442 0.0651805060158 0
0.905080112385 0.0651805060158 0
0.909440651756 0.0651805060158 0
0.913675533908 0.0651805060158 0
0.917786296475 0.0651805060158 0
0.921774491682 0.0651805060158 0
0.925641684721 0.0651805060158 0
0.929389452185 0.0651805060158 0
0.933019380547 0.0651805060158 0
0.93653306469 0.0651805060158 0
0.939932106486 0.0651805060158 0
0.943218113422 0.0651805060158 0
0.946392697283 0.0651805060158 0
0.949457472874 0.0651805060158 0
0.952414056797 0.0651805060158 0
0.955264066275 0.0651805060158 0
0.95800911802 0.0651805060158 0
0.96065082715 0.0651805060158 0
0.963190806152 0.0651805060158 0
0.965630663892 0.0651805060158 0
0.967972004666 0.0651805060158 0
0.970216427295 0.0651805060158 0
0.972365524266 0.0651805060158 0
0.974420880914 0.0651805060158 0
0.976384074638 0.0651805060158 0
0.978256674172 0.0651805060158 0
0.980040238878 0.0651805060158 0
0.981736318092 0.0651805060158 0
0.983346450496 0.0651805060158 0
0.984872163531 0.0651805060158 0
0.986314972847 0.0651805060158 0
0.987676381786 0.0651805060158 0
0.988957880892 0.0651805060158 0
0.990160947464 0.0651805060158 0
0.991287045133 0.0651805060158 0
0.992337623466 0.0651805060158 0
0.993314117612 0.0651805060158 0
0.994217947962 0.0651805060158 0
0.995050519842 0.0651805060158 0
0.995813223237 0.0651805060158 0
0.99650743253 0.0651805060158 0
0.997134506275 0.0651805060158 0
0.997695786988 0.0651805060158 0
0.99819260096 0.0651805060158 0
0.998626258095 0.0651805060158 0
0.998998051767 0.0651805060158 0
0.999309258696 0.0651805060158 0
0.999561138845 0.0651805060158 0
0.99975493533 0.0651805060158 0
0.999891874358 0.0651805060158 0
0.999973165168 0.0651805060158 0
1 0.0651805060158 2
0 0.0775701889775 4
0.0145977623868 0.0775701889775 0
0.0291908592127 0.0775701889775 0
0.043774629886 0.0775701889775 0
0.0583444237423 0.0775701889775 0
0.0728956049803 0.0775701889775 0
0.0874235575645 0.0775701889775 0
0.101923690084 0.0775701889775 0
0.116391440556 0.0775701889775 0
0.130822281167 0.0775701889775 0
0.145211722932 0.0775701889775 0
0.159555320275 0.0775701889775 0
0.173848675514 0.0775701889775 0
0.188087443236 0.0775701889775 0
0.202267334564 0.0775701889775 0
0.216384121301 0.0775701889775 0
0.230433639947 0.0775701889775 0
0.244411795571 0.0775701889775 0
0.258314565548 0.0775701889775 0
0.272138003136 0.0775701889775 0
0.28587824091 0.0775701889775 0
0.299531494014 0.0775701889775 0
0.313094063263 0.0775701889775 0
0.326562338066 0.0775701889775 0
0.339932799173 0.0775701889775 0
0.353202021244 0.0775701889775 0
0.366366675238 0.0775701889775 0
0.379423530619 0.0775701889775 0
0.392369457372 0.0775701889775 0
0.405201427843 0.0775701889775 0
0.417916518379 0.0775701889775 0
0.430511910796 0.0775701889775 0
0.442984893649 0.0775701889775 0
0.45533286333 0.0775701889775 0
0.467553324969 0.0775701889775 0
0.479643893168 0.0775701889775 0
0.491602292549 0.0775701889775 0
0.503426358129 0.0775701889775 0
0.515114035522 0.0775701889775 0
0.526663380976 0.0775701889775 0
0.538072561245 0.0775701889775 0
0.549339853301 0.0775701889775 0
0.56046364389 0.0775701889775 0
0.571442428946 0.0775701889775 0
0.582274812847 0.0775701889775 0
0.59295950755 0.0775701889775 0
0.603495331578 0.0775701889775 0
0.613881208885 0.0775701889775 0
0.624116167608 0.0775701889775 0
0.634199338687 0.0775701889775 0
0.644129954394 0.0775701889775 0
0.653907346748 0.0775701889775 0
0.663530945839 0.0775701889775 0
0.673000278061 0.0775701889775 0
0.682314964261 0.0775701889775 0
0.691474717812 0.0775701889775 0
0.700479342616 0.0775701889775 0
0.709328731038 0.0775701889775 0
0.71802286179 0.0775701889775 0
0.726561797753 0.0775701889775 0
0.734945683759 0.0775701889775 0
0.743174744331 0.0775701889775 0
0.751249281387 0.0775701889775 0
0.759169671915 0.0775701889775 0
0.766936365624 0.0775701889775 0
0.774549882578 0.0775701889775 0
0.782010810811 0.0775701889775 0
0.789319803938 0.0775701889775 0
0.796477578763 0.0775701889775 0
0.803484912877 0.0775701889775 0
0.810342642275 0.0775701889775 0
0.817051658967 0.0775701889775 0
0.823612908613 0.0775701889775 0
0.830027388165 0.0775701889775 0
0.836296143535 0.0775701889775 0
0.842420267279 0.0775701889775 0
0.848400896313 0.0775701889775 0
0.854239209653 0.0775701889775 0
0.859936426186 0.0775701889775 0
0.865493802479 0.0775701889775 0
0.870912630617 0.0775701889775 0
0.876194236084 0.0775701889775 0
0.88133997568 0.0775701889775 0
0.886351235482 0.0775701889775 0
0.891229428848 0.0775701889775 0
0.89597599446 0.0775701889775 0
0.90059239442 0.0775701889775 0
0.905080112385 0.0775701889775 0
0.909440651756 0.0775701889775 0
0.913675533908 0.0775701889775 0
0.917786296475 0.0775701889775 0
0.921774491682 0.0775701889775 0
0.925641684721 0.0775701889775 0
0.929389452185 0.0775701889775 0
0.933019380547 0.0775701889775 0
0.93653306469 0.0775701889775 0
0.939932106486 0.0775701889775 0
0.943218113422 0.0775701889775 0
0.946392697283 0.0775701889775 0
0.949457472874 0.0775701889775 0
0.952414056797 0.0775701889775 0
0.955264066275 0.0775701889775 0
0.95800911802 0.0775701889775 0
0.96065082715 0.0775701889775 0
0.963190806152 0.0775701889775 0
0.965630663892 0.0775701889775 0
0.967972004666 0.0775701889775 0
0.970216427295 0.0775701889775 0
0.972365524266 0.0775701889775 0
0.974420880914 0.0775701889775 0
0.976384074638 0.0775701889775 0
0.978256674172 0.0775701889775 0
0.980040238878 0.0775701889775 0
0.981736318092 0.0775701889775 0
0.983346450496 0.0775701889775 0
0.984872163531 0.0775701889775 0
0.986314972847 0.0775701889775 0
0.987676381786 0.0775701889775 0
0.988957880892 0.0775701889775 0
0.990160947464 0.0775701889775 0
0.991287045133 0.0775701889775 0
0.992337623466 0.0775701889775 0
0.993314117612 0.0775701889775 0
0.994217947962 0.0775701889775 0
0.995050519842 0.0775701889775 0
0.995813223237 0.0775701889775 0
0.99650743253 0.0775701889775 0
0.997134506275 0.0775701889775 0
0.997695786988 0.0775701889775 0
0.99819260096 0.0775701889775 0
0.998626258095 0.0775701889775 0
0.998998051767 0.0775701889775 0
0.999309258696 0.0775701889775 0
0.999561138845 0.0775701889775 0
0.99975493533 0.0775701889775 0
0.999891874358 0.0775701889775 0
0.999973165168 0.0775701889775 0
1 0.0775701889775 2
0 0.091037235675 4
0.0145977623868 0.091037235675 0
0.0291908592127 0.091037235675 0
0.043774629886 0.091037235675 0
0.0583444237423 0.091037235675 0
0.0728956049803 0.091037235675 0
0.0874235575645 0.091037235675 0
0.101923690084 0.091037235675 0
0.116391440556 0.091037235675 0
0.130822281167 0.091037235675 0
0.145211722932 0.091037235675 0
0.159555320275 0.091037235675 0
0.173848675514 0.091037235675 0
0.188087443236 0.091037235675 0
0.202267334564 0.091037235675 0
0.216384121301 0.091037235675 0
0.230433639947 0.091037235675 0
0.244411795571 0.091037235675 0
0.258314565548 0.091037235675 0
0.272138003136 0.091037235675 0
0.28587824091 0.091037235675 0
0.299531494014 0.091037235675 0
0.313094063263 0.091037235675 0
0.326562338066 0.091037235675 0
0.339932799173 0.091037235675 0
0.353202021244 0.091037235675 0
0.366366675238 0.091037235675 0
0.379423530619 0.091037235675 0
0.392369457372 0.091037235675 0
0.405201427843 0.091037235675 0
0.417916518379 0.091037235675 0
0.430511910796 0.091037235675 0
0.442984893649 0.091037235675 0
0.45533286333 0.091037235675 0
0.467553324969 0.091037235675 0
0.479643893168 0.091037235675 0
0.491602292549 0.091037235675 0
0.503426358129 0.091037235675 0
0.515114035522 0.091037235675 0
0.526663380976 0.091037235675 0
0.538072561245 0.091037235675 0
0.549339853301 0.091037235675 0
0.56046364389 0.091037235675 0
0.571442428946 0.091037235675 0
0.582274812847 0.091037235675 0
0.59295950755 0.091037235675 0
0.603495331578 0.091037235675 0
0.613881208885 0.091037235675 0
0.624116167608 0.091037235675 0
0.634199338687 0.091037235675 0
0.644129954394 0.091037235675 0
0.653907346748 0.091037235675 0
0.663530945839 0.091037235675 0
0.673000278061 0.091037235675 0
0.682314964261 0.091037235675 0
0.691474717812 0.091037235675 0
0.700479342616 0.091037235675 0
0.709328731038 0.091037235675 0
0.71802286179 0.091037235675 0
0.726561797753 0.091037235675 0
0.734945683759 0.091037235675 0
0.743174744331 0.091037235675 0
0.751249281387 0.091037235675 0
0.759169671915 0.091037235675 0
0.766936365624 0.091037235675 0
0.774549882578 0.091037235675 0
0.782010810811 0.091037235675 0
0.789319803938 0.091037235675 0
0.796477578763 0.091037235675 0
0.803484912877 0.091037235675 0
0.810342642275 0.091037235675 0
0.817051658967 0.091037235675 0
0.823612908613 0.091037235675 0
0.830027388165 0.091037235675 0
0.836296143535 0.091037235675 0
0.842420267279 0.091037235675 0
0.848400896313 0.091037235675 0
0.854239209653 0.091037235675 0
0.859936426186 0.091037235675 0
0.865493802479 0.091037235675 0
0.870912630617 0.091037235675 0
0.876194236084 0.091037235675 0
0.88133997568 0.091037235675 0
0.886351235482 0.091037235675 0
0.891229428848 0.091037235675 0
0.89597599446 0.091037235675 0
0.90059239442 0.091037235675 0
0.905080112385 0.091037235675 0
0.909440651756 0.091037235675 0
0.913675533908 0.091037235675 0
0.917786296475 0.091037235675 0
0.921774491682 0.091037235675 0
0.925641684721 0.091037235675 0
0.929389452185 0.091037235675 0
0.933019380547 0.091037235675 0
0.93653306469 0.091037235675 0
0.939932106486 0.091037235675 0
0.943218113422 0.091037235675 0
0.946392697283 0.091037235675 0
0.949457472874 0.091037235675 0
0.952414056797 0.091037235675 0
0.955264066275 0.091037235675 0
0.95800911802 0.091037235675 0
0.96065082715 0.091037235675 0
0.963190806152 0.091037235675 0
0.965630663892 0.091037235675 0
0.967972004666 0.091037235675 0
0.970216427295 0.091037235675 0
0.972365524266 0.091037235675 0
0.974420880914 0.091037235675 0
0.976384074638 0.091037235675 0
0.978256674172 0.091037235675 0
0.980040238878 0.091037235675 0
0.981736318092 0.091037235675 0
0.983346450496 0.091037235675 0
0.984872163531 0.091037235675 0
0.986314972847 0.091037235675 0
0.987676381786 0.091037235675 0
0.988957880892 0.091037235675 0
0.990160947464 0.091037235675 0
0.991287045133 0.091037235675 0
0.992337623466 0.091037235675 0
0.993314117612 0.091037235675 0
0.994217947962 0.091037235675 0
0.995050519842 0.091037235675 0
0.995813223237 0.091037235675 0
0.99650743253 0.091037235675 0
0.997134506275 0.091037235675 0
0.997695786988 0.091037235675 0
0.99819260096 0.091037235675 0
0.998626258095 0.091037235675 0
0.998998051767 0.091037235675 0
0.999309258696 0.091037235675 0
0.999561138845 0.091037235675 0
0.99975493533 0.091037235675 0
0.999891874358 0.091037235675 0
0.999973165168 0.091037235675 0
1 0.091037235675 2
0 0.105581646108 4
0.0145977623868 0.105581646108 0
0.0291908592127 0.105581646108 0
0.043774629886 0.105581646108 0
0.0583444237423 0.105581646108 0
0.0728956049803 0.105581646108 0
0.0874235575645 0.105581646108 0
0.101923690084 0.105581646108 0
0.116391440556 0.105581646108 0
0.130822281167 0.105581646108 0
0.145211722932 0.105581646108 0
0.159555320275 0.105581646108 0
0.173848675514 0.105581646108 0
0.188087443236 0.105581646108 0
0.202267334564 0.105581646108 0
0.216384121301 0.105581646108 0
0.230433639947 0.105581646108 0
0.244411795571 0.105581646108 0
0.258314565548 0.105581646108 0
0.272138003136 0.105581646108 0
0.28587824091 0.105581646108 0
0.299531494014 0.105581646108 0
0.313094063263 0.105581646108 0
0.326562338066 0.105581646108 0
0.339932799173 0.105581646108 0
0.353202021244 0.105581646108 0
0.366366675238 0.105581646108 0
0.379423530619 0.105581646108 0
0.392369457372 0.105581646108 0
0.405201427843 0.105581646108 0
0.417916518379 0.105581646108 0
0.430511910796 0.105581646108 0
0.442984893649 0.105581646108 0
0.45533286333 0.105581646108 0
0.467553324969 0.105581646108 0
0.479643893168 0.105581646108 0
0.491602292549 0.105581646108 0
0.503426358129 0.105581646108 0
0.515114035522 0.105581646108 0
0.526663380976 0.105581646108 0
0.538072561245 0.105581646108 0
0.549339853301 0.105581646108 0
0.56046364389 0.105581646108 0
0.571442428946 0.105581646108 0
0.582274812847 0.105581646108 0
0.59295950755 0.105581646108 0
0.603495331578 0.105581646108 0
0.613881208885 0.105581646108 0
0.624116167608 0.105581646108 0
0.634199338687 0.105581646108 0
0.644129954394 0.105581646108 0
0.653907346748 0.105581646108 0
0.663530945839 0.105581646108 0
0.673000278061 0.105581646108 0
0.682314964261 0.105581646108 0
0.691474717812 0.105581646108 0
0.700479342616 0.105581646108 0
0.709328731038 0.105581646108 0
0.71802286179 0.105581646108 0
0.726561797753 0.105581646108 0
0.734945683759 0.105581646108 0
0.743174744331 0.105581646108 0
0.751249281387 0.105581646108 0
0.759169671915 0.105581646108 0
0.766936365624 0.105581646108 0
0.774549882578 0.105581646108 0
0.782010810811 0.105581646108 0
0.789319803938 0.105581646108 0
0.796477578763 0.105581646108 0
0.803484912877 0.105581646108 0
0.810342642275 0.105581646108 0
0.817051658967 0.105581646108 0
0.823612908613 0.105581646108 0
0.830027388165 0.105581646108 0
0.836296143535 0.105581646108 0
0.842420267279 0.105581646108 0
0.848400896313 0.105581646108 0
0.854239209653 0.105581646108 0
0.859936426186 0.105581646108 0
0.865493802479 0.105581646108 0
0.870912630617 0.105581646108 0
0.876194236084 0.105581646108 0
0.88133997568 0.105581646108 0
0.886351235482 0.105581646108 0
0.891229428848 0.105581646108 0
0.89597599446 0.105581646108 0
0.90059239442 0.105581646108 0
0.905080112385 0.105581646108 0
0.909440651756 0.105581646108 0
0.913675533908 0.105581646108 0
0.917786296475 0.105581646108 0
0.921774491682 0.105581646108 0
0.925641684721 0.105581646108 0
0.929389452185 0.105581646108 0
0.933019380547 0.105581646108 0
0.93653306469 0.105581646108 0
0.939932106486 0.105581646108 0
0.943218113422 0.105581646108 0
0.946392697283 0.105581646108 0
0.949457472874 0.105581646108 0
0.952414056797 0.105581646108 0
0.955264066275 0.105581646108 0
0.95800911802 0.105581646108 0
0.96065082715 0.105581646108 0
0.963190806152 0.105581646108 0
0.965630663892 0.105581646108 0
0.967972004666 0.105581646108 0
0.970216427295 0.105581646108 0
0.972365524266 0.105581646108 0
0.974420880914 0.105581646108 0
0.976384074638 0.105581646108 0
0.978256674172 0.105581646108 0
0.980040238878 0.105581646108 0
0.981736318092 0.105581646108 0
0.983346450496 0.105581646108 0
0.984872163531 0.105581646108 0
0.986314972847 0.105581646108 0
0.987676381786 0.105581646108 0
0.988957880892 0.105581646108 0
0.990160947464 0.105581646108 0
0.991287045133 0.105581646108 0
0.992337623466 0.105581646108 0
0.993314117612 0.105581646108 0
0.994217947962 0.105581646108 0
0.995050519842 0.105581646108 0
0.995813223237 0.105581646108 0
0.99650743253 0.105581646108 0
0.997134506275 0.105581646108 0
0.997695786988 0.105581646108 0
0.99819260096 0.105581646108 0
0.998626258095 0.105581646108 0
0.998998051767 0.105581646108 0
0.999309258696 0.105581646108 0
0.999561138845 0.105581646108 0
0.99975493533 0.105581646108 0
0.999891874358 0.105581646108 0
0.999973165168 0.105581646108 0
1 0.105581646108 2
0 0.121203420277 4
0.0145977623868 0.121203420277 0
0.0291908592127 0.121203420277 0
0.043774629886 0.121203420277 0
0.0583444237423 0.121203420277 0
0.0728956049803 0.121203420277 0
0.0874235575645 0.121203420277 0
0.101923690084 0.121203420277 0
0.116391440556 0.121203420277 0
0.130822281167 0.121203420277 0
0.145211722932 0.121203420277 0
0.159555320275 0.121203420277 0
0.173848675514 0.121203420277 0
0.188087443236 0.121203420277 0
0.202267334564 0.121203420277 0
0.216384121301 0.121203420277 0
0.230433639947 0.121203420277 0
0.244411795571 0.121203420277 0
0.258314565548 0.121203420277 0
0.272138003136 0.121203420277 0
0.28587824091 0.121203420277 0
0.299531494014 0.121203420277 0
0.313094063263 0.121203420277 0
0.326562338066 0.121203420277 0
0.339932799173 0.121203420277 0
0.353202021244 0.121203420277 0
0.366366675238 0.121203420277 0
0.379423530619 0.121203420277 0
0.392369457372 0.121203420277 0
0.405201427843 0.121203420277 0
0.417916518379 0.121203420277 0
0.430511910796 0.121203420277 0
0.442984893649 0.121203420277 0
0.45533286333 0.121203420277 0
0.467553324969 0.121203420277 0
0.479643893168 0.121203420277 0
0.491602292549 0.121203420277 0
0.503426358129 0.121203420277 0
0.515114035522 0.121203420277 0
0.526663380976 0.121203420277 0
0.538072561245 0.121203420277 0
0.549339853301 0.121203420277 0
0.56046364389 0.121203420277 0
0.571442428946 0.121203420277 0
0.582274812847 0.121203420277 0
0.59295950755 0.121203420277 0
0.603495331578 0.121203420277 0
0.613881208885 0.121203420277 0
0.624116167608 0.121203420277 0
0.634199338687 0.121203420277 0
0.644129954394 0.121203420277 0
0.653907346748 0.121203420277 0
0.663530945839 0.121203420277 0
0.673000278061 0.121203420277 0
0.682314964261 0.121203420277 0
0.691474717812 0.121203420277 0
0.700479342616 0.121203420277 0
0.709328731038 0.121203420277 0
0.71802286179 0.121203420277 0
0.726561797753 0.121203420277 0
0.734945683759 0.121203420277 0
0.743174744331 0.121203420277 0
0.751249281387 0.121203420277 0
0.759169671915 0.121203420277 0
0.766936365624 0.121203420277 0
0.774549882578 0.121203420277 0
0.782010810811 0.121203420277 0
0.789319803938 0.121203420277 0
0.796477578763 0.121203420277 0
0.803484912877 0.121203420277 0
0.810342642275 0.121203420277 0
0.817051658967 0.121203420277 0
0.823612908613 0.121203420277 0
0.830027388165 0.121203420277 0
0.836296143535 0.121203420277 0
0.842420267279 0.121203420277 0
0.848400896313 0.121203420277 0
0.854239209653 0.121203420277 0
0.859936426186 0.121203420277 0
0.865493802479 0.121203420277 0
0.870912630617 0.121203420277 0
0.876194236084 0.121203420277 0
0.88133997568 0.121203420277 0
0.886351235482 0.121203420277 0
0.891229428848 0.121203420277 0
0.89597599446 0.121203420277 0
0.90059239442 0.121203420277 0
0.905080112385 0.121203420277 0
0.909440651756 0.121203420277 0
0.913675533908 0.121203420277 0
0.917786296475 0.121203420277 0
0.921774491682 0.121203420277 0
0.925641684721 0.121203420277 0
0.929389452185 0.121203420277 0
0.933019380547 0.121203420277 0
0.93653306469 0.121203420277 0
0.939932106486 0.121203420277 0
0.943218113422 0.121203420277 0
0.946392697283 0.121203420277 0
0.949457472874 0.121203420277 0
0.952414056797 0.121203420277 0
0.955264066275 0.121203420277 0
0.95800911802 0.121203420277 0
0.96065082715 0.121203420277 0
0.963190806152 0.121203420277 0
0.965630663892 0.121203420277 0
0.967972004666 0.121203420277 0
0.970216427295 0.121203420277 0
0.972365524266 0.121203420277 0
0.974420880914 0.121203420277 0
0.976384074638 0.121203420277 0
0.978256674172 0.121203420277 0
0.980040238878 0.121203420277 0
0.981736318092 0.121203420277 0
0.983346450496 0.121203420277 0
0.984872163531 0.121203420277 0
0.986314972847 0.121203420277 0
0.987676381786 0.121203420277 0
0.988957880892 0.121203420277 0
0.990160947464 0.121203420277 0
0.991287045133 0.121203420277 0
0.992337623466 0.121203420277 0
0.993314117612 0.121203420277 0
0.994217947962 0.121203420277 0
0.995050519842 0.121203420277 0
0.995813223237 0.121203420277 0
0.99650743253 0.121203420277 0
0.997134506275 0.121203420277 0
0.997695786988 0.121203420277 0
0.99819260096 0.121203420277 0
0.998626258095 0.121203420277 0
0.998998051767 0.121203420277 0
0.999309258696 0.121203420277 0
0.999561138845 0.121203420277 0
0.99975493533 0.121203420277 0
0.999891874358 0.121203420277 0
0.999973165168 0.121203420277 0
1 0.121203420277 2
0 0.137902558182 4
0.0145977623868 0.137902558182 0
0.0291908592127 0.137902558182 0
0.043774629886 0.137902558182 0
0.0583444237423 0.137902558182 0
0.0728956049803 0.137902558182 0
0.0874235575645 0.137902558182 0
0.101923690084 0.137902558182 0
0.116391440556 0.137902558182 0
0.130822281167 0.137902558182 0
0.145211722932 0.137902558182 0
0.159555320275 0.137902558182 0
0.173848675514 0.137902558182 0
0.188087443236 0.137902558182 0
0.202267334564 0.137902558182 0
0.216384121301 0.137902558182 0
0.230433639947 0.137902558182 0
0.244411795571 0.137902558182 0
0.258314565548 0.137902558182 0
0.272138003136 0.137902558182 0
0.28587824091 0.137902558182 0
0.299531494014 0.137902558182 0
0.313094063263 0.137902558182 0
0.326562338066 0.137902558182 0
0.339932799173 0.137902558182 0
0.353202021244 0.137902558182 0
0.366366675238 0.137902558182 0
0.379423530619 0.137902558182 0
0.392369457372 0.137902558182 0
0.405201427843 0.137902558182 0
0.417916518379 0.137902558182 0
0.430511910796 0.137902558182 0
0.442984893649 0.137902558182 0
0.45533286333 0.137902558182 0
0.467553324969 0.137902558182 0
0.479643893168 0.137902558182 0
0.491602292549 0.137902558182 0
0.503426358129 0.137902558182 0
0.515114035522 0.137902558182 0
0.526663380976 0.137902558182 0
0.538072561245 0.137902558182 0
0.549339853301 0.137902558182 0
0.56046364389 0.137902558182 0
0.571442428946 0.137902558182 0
0.582274812847 0.137902558182 0
0.59295950755 0.137902558182 0
0.603495331578 0.137902558182 0
0.613881208885 0.137902558182 0
0.624116167608 0.137902558182 0
0.634199338687 0.137902558182 0
0.644129954394 0.137902558182 0
0.653907346748 0.137902558182 0
0.663530945839 0.137902558182 0
0.673000278061 0.137902558182 0
0.682314964261 0.137902558182 0
0.691474717812 0.137902558182 0
0.700479342616 0.137902558182 0
0.709328731038 0.137902558182 0
0.71802286179 0.137902558182 0
0.726561797753 0.137902558182 0
0.734945683759 0.137902558182 0
0.743174744331 0.137902558182 0
0.751249281387 0.137902558182 0
0.759169671915 0.137902558182 0
0.766936365624 0.137902558182 0
0.774549882578 0.137902558182 0
0.782010810811 0.137902558182 0
0.789319803938 0.137902558182 0
0.796477578763 0.137902558182 0
0.803484912877 0.137902558182 0
0.810342642275 0.137902558182 0
0.817051658967 0.137902558182 0
0.823612908613 0.137902558182 0
0.830027388165 0.137902558182 0
0.836296143535 0.137902558182 0
0.842420267279 0.137902558182 0
0.848400896313 0.137902558182 0
0.854239209653 0.137902558182 0
0.859936426186 0.137902558182 0
0.865493802479 0.137902558182 0
0.870912630617 0.137902558182 0
0.876194236084 0.137902558182 0
0.88133997568 0.137902558182 0
0.886351235482 0.137902558182 0
0.891229428848 0.137902558182 0
0.89597599446 0.137902558182 0
0.90059239442 0.137902558182 0
0.905080112385 0.137902558182 0
0.909440651756 0.137902558182 0
0.913675533908 0.137902558182 0
0.917786296475 0.137902558182 0
0.921774491682 0.137902558182 0
0.925641684721 0.137902558182 0
0.929389452185 0.137902558182 0
0.933019380547 0.137902558182 0
0.93653306469 0.137902558182 0
0.939932106486 0.137902558182 0
0.943218113422 0.137902558182 0
0.946392697283 0.137902558182 0
0.949457472874 0.137902558182 0
0.952414056797 0.137902558182 0
0.955264066275 0.137902558182 0
0.95800911802 0.137902558182 0
0.96065082715 0.137902558182 0
0.963190806152 0.137902558182 0
0.965630663892 0.137902558182 0
0.967972004666 0.137902558182 0
0.970216427295 0.137902558182 0
0.972365524266 0.137902558182 0
0.974420880914 0.137902558182 0
0.976384074638 0.137902558182 0
0.978256674172 0.137902558182 0
0.980040238878 0.137902558182 0
0.981736318092 0.137902558182 0
0.983346450496 0.137902558182 0
0.984872163531 0.137902558182 0
0.986314972847 0.137902558182 0
0.987676381786 0.137902558182 0
0.988957880892 0.137902558182 0
0.990160947464 0.137902558182 0
0.991287045133 0.137902558182 0
0.992337623466 0.137902558182 0
0.993314117612 0.137902558182 0
0.994217947962 0.137902558182 0
0.995050519842 0.137902558182 0
0.995813223237 0.137902558182 0
0.99650743253 0.137902558182 0
0.997134506275 0.137902558182 0
0.997695786988 0.137902558182 0
0.99819260096 0.137902558182 0
0.998626258095 0.137902558182 0
0.998998051767 0.137902558182 0
0.999309258696 0.137902558182 0
0.999561138845 0.137902558182 0
0.99975493533 0.137902558182 0
0.999891874358 0.137902558182 0
0.999973165168 0.137902558182 0
1 0.137902558182 2
0 0.155679059823 4
0.0145977623868 0.155679059823 0
0.0291908592127 0.155679059823 0
0.043774629886 0.155679059823 0
0.0583444237423 0.155679059823 0
0.0728956049803 0.155679059823 0
0.0874235575645 0.155679059823 0
0.101923690084 0.155679059823 0
0.116391440556 0.155679059823 0
0.130822281167 0.155679059823 0
0.145211722932 0.155679059823 0
0.159555320275 0.155679059823 0
0.173848675514 0.155679059823 0
0.188087443236 0.155679059823 0
0.202267334564 0.155679059823 0
0.216384121301 0.155679059823 0
0.230433639947 0.155679059823 0
0.244411795571 0.155679059823 0
0.258314565548 0.155679059823 0
0.272138003136 0.155679059823 0
0.28587824091 0.155679059823 0
0.299531494014 0.155679059823 0
0.313094063263 0.155679059823 0
0.326562338066 0.155679059823 0
0.339932799173 0.155679059823 0
0.353202021244 0.155679059823 0
0.366366675238 0.155679059823 0
0.379423530619 0.155679059823 0
0.392369457372 0.155679059823 0
0.405201427843 0.155679059823 0
0.417916518379 0.155679059823 0
0.430511910796 0.155679059823 0
0.442984893649 0.155679059823 0
0.45533286333 0.155679059823 0
0.467553324969 0.155679059823 0
0.479643893168 0.155679059823 0
0.491602292549 0.155679059823 0
0.503426358129 0.155679059823 0
0.515114035522 0.155679059823 0
0.526663380976 0.155679059823 0
0.538072561245 0.155679059823 0
0.549339853301 0.155679059823 0
0.56046364389 0.155679059823 0
0.571442428946 0.155679059823 0
0.582274812847 0.155679059823 0
0.59295950755 0.155679059823 0
0.603495331578 0.155679059823 0
0.613881208885 0.155679059823 0
0.624116167608 0.155679059823 0
0.634199338687 0.155679059823 0
0.644129954394 0.155679059823 0
0.653907346748 0.155679059823 0
0.663530945839 0.155679059823 0
0.673000278061 0.155679059823 0
0.682314964261 0.155679059823 0
0.691474717812 0.155679059823 0
0.700479342616 0.155679059823 0
0.709328731038 0.155679059823 0
0.71802286179 0.155679059823 0
0.726561797753 0.155679059823 0
0.734945683759 0.155679059823 0
0.743174744331 0.155679059823 0
0.751249281387 0.155679059823 0
0.759169671915 0.155679059823 0
0.766936365624 0.155679059823 0
0.774549882578 0.155679059823 0
0.782010810811 0.155679059823 0
0.789319803938 0.155679059823 0
0.796477578763 0.155679059823 0
0.803484912877 0.155679059823 0
0.810342642275 0.155679059823 0
0.817051658967 0.155679059823 0
0.823612908613 0.155679059823 0
0.830027388165 0.155679059823 0
0.836296143535 0.155679059823 0
0.842420267279 0.155679059823 0
0.848400896313 0.155679059823 0
0.854239209653 0.155679059823 0
0.859936426186 0.155679059823 0
0.865493802479 0.155679059823 0
0.870912630617 0.155679059823 0
0.876194236084 0.155679059823 0
0.88133997568 0.155679059823 0
0.886351235482 0.155679059823 0
0.891229428848 0.155679059823 0
0.89597599446 0.155679059823 0
0.90059239442 0.155679059823 0
0.905080112385 0.155679059823 0
0.909440651756 0.155679059823 0
0.913675533908 0.155679059823 0
0.917786296475 0.155679059823 0
0.921774491682 0.155679059823 0
0.925641684721 0.155679059823 0
0.929389452185 0.155679059823 0
0.933019380547 0.155679059823 0
0.93653306469 0.155679059823 0
0.939932106486 0.155679059823 0
0.943218113422 0.155679059823 0
0.946392697283 0.155679059823 0
0.949457472874 0.155679059823 0
0.952414056797 0.155679059823 0
0.955264066275 0.155679059823 0
0.95800911802 0.155679059823 0
0.96065082715 0.155679059823 0
0.963190806152 0.155679059823 0
0.965630663892 0.155679059823 0
0.967972004666 0.155679059823 0
0.970216427295 0.155679059823 0
0.972365524266 0.155679059823 0
0.974420880914 0.155679059823 0
0.976384074638 0.155679059823 0
0.978256674172 0.155679059823 0
0.980040238878 0.155679059823 0
0.981736318092 0.155679059823 0
0.983346450496 0.155679059823 0
0.984872163531 0.155679059823 0
0.986314972847 0.155679059823 0
0.987676381786 0.155679059823 0
0.988957880892 0.155679059823 0
0.990160947464 0.155679059823 0
0.991287045133 0.155679059823 0
0.992337623466 0.155679059823 0
0.993314117612 0.155679059823 0
0.994217947962 0.155679059823 0
0.995050519842 0.155679059823 0
0.995813223237 0.155679059823 0
0.99650743253 0.155679059823 0
0.997134506275 0.155679059823 0
0.997695786988 0.155679059823 0
0.99819260096 0.155679059823 0
0.998626258095 0.155679059823 0
0.998998051767 0.155679059823 0
0.999309258696 0.155679059823 0
0.999561138845 0.155679059823 0
0.99975493533 0.155679059823 0
0.999891874358 0.155679059823 0
0.999973165168 0.155679059823 0
1 0.155679059823 2
0 0.174532925199 4
0.0145977623868 0.174532925199 0
0.0291908592127 0.174532925199 0
0.043774629886 0.174532925199 0
0.0583444237423 0.174532925199 0
0.0728956049803 0.174532925199 0
0.0874235575645 0.174532925199 0
0.101923690084 0.174532925199 0
0.116391440556 0.174532925199 0
0.130822281167 0.174532925199 0
0.145211722932 0.174532925199 0
0.159555320275 0.174532925199 0
0.173848675514 0.174532925199 0
0.188087443236 0.174532925199 0
0.202267334564 0.174532925199 0
0.216384121301 0.174532925199 0
0.230433639947 0.174532925199 0
0.244411795571 0.174532925199 0
0.258314565548 0.174532925199 0
0.272138003136 0.174532925199 0
0.28587824091 0.174532925199 0
0.299531494014 0.174532925199 0
0.313094063263 0.174532925199 0
0.326562338066 0.174532925199 0
0.339932799173 0.174532925199 0
0.353202021244 0.174532925199 0
0.366366675238 0.174532925199 0
0.379423530619 0.174532925199 0
0.392369457372 0.174532925199 0
0.405201427843 0.174532925199 0
0.417916518379 0.174532925199 0
0.430511910796 0.174532925199 0
0.442984893649 0.174532925199 0
0.45533286333 0.174532925199 0
0.467553324969 0.174532925199 0
0.479643893168 0.174532925199 0
0.491602292549 0.174532925199 0
0.503426358129 0.174532925199 0
0.515114035522 0.174532925199 0
0.526663380976 0.174532925199 0
0.538072561245 0.174532925199 0
0.549339853301 0.174532925199 0
0.56046364389 0.174532925199 0
0.571442428946 0.174532925199 0
0.582274812847 0.174532925199 0
0.59295950755 0.174532925199 0
0.603495331578 0.174532925199 0
0.613881208885 0.174532925199 0
0.624116167608 0.174532925199 0
0.634199338687 0.174532925199 0
0.644129954394 0.174532925199 0
0.653907346748 0.174532925199 0
0.663530945839 0.174532925199 0
0.673000278061 0.174532925199 0
0.682314964261 0.174532925199 0
0.691474717812 0.174532925199 0
0.700479342616 0.174532925199 0
0.709328731038 0.174532925199 0
0.71802286179 0.174532925199 0
0.726561797753 0.174532925199 0
0.734945683759 0.174532925199 0
0.743174744331 0.174532925199 0
0.751249281387 0.174532925199 0
0.759169671915 0.174532925199 0
0.766936365624 0.174532925199 0
0.774549882578 0.174532925199 0
0.782010810811 0.174532925199 0
0.789319803938 0.174532925199 0
0.796477578763 0.174532925199 0
0.803484912877 0.174532925199 0
0.810342642275 0.174532925199 0
0.817051658967 0.174532925199 0
0.823612908613 0.174532925199 0
0.830027388165 0.174532925199 0
0.836296143535 0.174532925199 0
0.842420267279 0.174532925199 0
0.848400896313 0.174532925199 0
0.854239209653 0.174532925199 0
0.859936426186 0.174532925199 0
0.865493802479 0.174532925199 0
0.870912630617 0.174532925199 0
0.876194236084 0.174532925199 0
0.88133997568 0.174532925199 0
0.886351235482 0.174532925199 0
0.891229428848 0.174532925199 0
0.89597599446 0.174532925199 0
0.90059239442 0.174532925199 0
0.905080112385 0.174532925199 0
0.909440651756 0.174532925199 0
0.913675533908 0.174532925199 0
0.917786296475 0.174532925199 0
0.921774491682 0.174532925199 0
0.925641684721 0.174532925199 0
0.929389452185 0.174532925199 0
0.933019380547 0.174532925199 0
0.93653306469 0.174532925199 0
0.939932106486 0.174532925199 0
0.943218113422 0.174532925199 0
0.946392697283 0.174532925199 0
0.949457472874 0.174532925199 0
0.952414056797 0.174532925199 0
0.955264066275 0.174532925199 0
0.95800911802 0.174532925199 0
0.96065082715 0.174532925199 0
0.963190806152 0.174532925199 0
0.965630663892 0.174532925199 0
0.967972004666 0.174532925199 0
0.970216427295 0.174532925199 0
0.972365524266 0.174532925199 0
0.974420880914 0.174532925199 0
0.976384074638 0.174532925199 0
0.978256674172 0.174532925199 0
0.980040238878 0.174532925199 0
0.981736318092 0.174532925199 0
0.983346450496 0.174532925199 0
0.984872163531 0.174532925199 0
0.986314972847 0.174532925199 0
0.987676381786 0.174532925199 0
0.988957880892 0.174532925199 0
0.990160947464 0.174532925199 0
0.991287045133 0.174532925199 0
0.992337623466 0.174532925199 0
0.993314117612 0.174532925199 0
0.994217947962 0.174532925199 0
0.995050519842 0.174532925199 0
0.995813223237 0.174532925199 0
0.99650743253 0.174532925199 0
0.997134506275 0.174532925199 0
0.997695786988 0.174532925199 0
0.99819260096 0.174532925199 0
0.998626258095 0.174532925199 0
0.998998051767 0.174532925199 0
0.999309258696 0.174532925199 0
0.999561138845 0.174532925199 0
0.99975493533 0.174532925199 0
0.999891874358 0.174532925199 0
0.999973165168 0.174532925199 0
1 0.174532925199 2
0 0.194464154312 4
0.0145977623868 0.194464154312 0
0.0291908592127 0.194464154312 0
0.043774629886 0.194464154312 0
0.0583444237423 0.194464154312 0
0.0728956049803 0.194464154312 0
0.0874235575645 0.194464154312 0
0.101923690084 0.194464154312 0
0.116391440556 0.194464154312 0
0.130822281167 0.194464154312 0
0.145211722932 0.194464154312 0
0.159555320275 0.194464154312 0
0.173848675514 0.194464154312 0
0.188087443236 0.194464154312 0
0.202267334564 0.194464154312 0
0.216384121301 0.194464154312 0
0.230433639947 0.194464154312 0
0.244411795571 0.194464154312 0
0.258314565548 0.194464154312 0
0.272138003136 0.194464154312 0
0.28587824091 0.194464154312 0
0.299531494014 0.194464154312 0
0.313094063263 0.194464154312 0
0.326562338066 0.194464154312 0
0.339932799173 0.194464154312 0
0.353202021244 0.194464154312 0
0.366366675238 0.194464154312 0
0.379423530619 0.194464154312 0
0.392369457372 0.194464154312 0
0.405201427843 0.194464154312 0
0.417916518379 0.194464154312 0
0.430511910796 0.194464154312 0
0.442984893649 0.194464154312 0
0.45533286333 0.194464154312 0
0.467553324969 0.194464154312 0
0.479643893168 0.194464154312 0
0.491602292549 0.194464154312 0
0.503426358129 0.194464154312 0
0.515114035522 0.194464154312 0
0.526663380976 0.194464154312 0
0.538072561245 0.194464154312 0
0.549339853301 0.194464154312 0
0.56046364389 0.194464154312 0
0.571442428946 0.194464154312 0
0.582274812847 0.194464154312 0
0.59295950755 0.194464154312 0
0.603495331578 0.194464154312 0
0.613881208885 0.194464154312 0
0.624116167608 0.194464154312 0
0.634199338687 0.194464154312 0
0.644129954394 0.194464154312 0
0.653907346748 0.194464154312 0
0.663530945839 0.194464154312 0
0.673000278061 0.194464154312 0
0.682314964261 0.194464154312 0
0.691474717812 0.194464154312 0
0.700479342616 0.194464154312 0
0.709328731038 0.194464154312 0
0.71802286179 0.194464154312 0
0.726561797753 0.194464154312 0
0.734945683759 0.194464154312 0
0.743174744331 0.194464154312 0
0.751249281387 0.194464154312 0
0.759169671915 0.194464154312 0
0.766936365624 0.194464154312 0
0.774549882578 0.194464154312 0
0.782010810811 0.194464154312 0
0.789319803938 0.194464154312 0
0.796477578763 0.194464154312 0
0.803484912877 0.194464154312 0
0.810342642275 0.194464154312 0
0.817051658967 0.194464154312 0
0.823612908613 0.194464154312 0
0.830027388165 0.194464154312 0
0.836296143535 0.194464154312 0
0.842420267279 0.194464154312 0
0.848400896313 0.194464154312 0
0.854239209653 0.194464154312 0
0.859936426186 0.194464154312 0
0.865493802479 0.194464154312 0
0.870912630617 0.194464154312 0
0.876194236084 0.194464154312 0
0.88133997568 0.194464154312 0
0.886351235482 0.194464154312 0
0.891229428848 0.194464154312 0
0.89597599446 0.194464154312 0
0.90059239442 0.194464154312 0
0.905080112385 0.194464154312 0
0.909440651756 0.194464154312 0
0.913675533908 0.194464154312 0
0.917786296475 0.194464154312 0
0.921774491682 0.194464154312 0
0.925641684721 0.194464154312 0
0.929389452185 0.194464154312 0
0.933019380547 0.194464154312 0
0.93653306469 0.194464154312 0
0.939932106486 0.194464154312 0
0.943218113422 0.194464154312 0
0.946392697283 0.194464154312 0
0.949457472874 0.194464154312 0
0.952414056797 0.194464154312 0
0.955264066275 0.194464154312 0
0.95800911802 0.194464154312 0
0.96065082715 0.194464154312 0
0.963190806152 0.194464154312 0
0.965630663892 0.194464154312 0
0.967972004666 0.194464154312 0
0.970216427295 0.194464154312 0
0.972365524266 0.194464154312 0
0.974420880914 0.194464154312 0
0.976384074638 0.194464154312 0
0.978256674172 0.194464154312 0
0.980040238878 0.194464154312 0
0.981736318092 0.194464154312 0
0.983346450496 0.194464154312 0
0.984872163531 0.194464154312 0
0.986314972847 0.194464154312 0
0.987676381786 0.194464154312 0
0.988957880892 0.194464154312 0
0.990160947464 0.194464154312 0
0.991287045133 0.194464154312 0
0.992337623466 0.194464154312 0
0.993314117612 0.194464154312 0
0.994217947962 0.194464154312 0
0.995050519842 0.194464154312 0
0.995813223237 0.194464154312 0
0.99650743253 0.194464154312 0
0.997134506275 0.194464154312 0
0.997695786988 0.194464154312 0
0.99819260096 0.194464154312 0
0.998626258095 0.194464154312 0
0.998998051767 0.194464154312 0
0.999309258696 0.194464154312 0
0.999561138845 0.194464154312 0
0.99975493533 0.194464154312 0
0.999891874358 0.194464154312 0
0.999973165168 0.194464154312 0
1 0.194464154312 2
0 0.21547274716 4
0.0145977623868 0.21547274716 0
0.0291908592127 0.21547274716 0
0.043774629886 0.21547274716 0
0.0583444237423 0.21547274716 0
0.0728956049803 0.21547274716 0
0.0874235575645 0.21547274716 0
0.101923690084 0.21547274716 0
0.116391440556 0.21547274716 0
0.130822281167 0.21547274716 0
0.145211722932 0.21547274716 0
0.159555320275 0.21547274716 0
0.173848675514 0.21547274716 0
0.188087443236 0.21547274716 0
0.202267334564 0.21547274716 0
0.216384121301 0.21547274716 0
0.230433639947 0.21547274716 0
0.244411795571 0.21547274716 0
0.258314565548 0.21547274716 0
0.272138003136 0.21547274716 0
0.28587824091 0.21547274716 0
0.299531494014 0.21547274716 0
0.313094063263 0.21547274716 0
0.326562338066 0.21547274716 0
0.339932799173 0.21547274716 0
0.353202021244 0.21547274716 0
0.366366675238 0.21547274716 0
0.379423530619 0.21547274716 0
0.392369457372 0.21547274716 0
0.405201427843 0.21547274716 0
0.417916518379 0.21547274716 0
0.430511910796 0.21547274716 0
0.442984893649 0.21547274716 0
0.45533286333 0.21547274716 0
0.467553324969 0.21547274716 0
0.479643893168 0.21547274716 0
0.491602292549 0.21547274716 0
0.503426358129 0.21547274716 0
0.515114035522 0.21547274716 0
0.526663380976 0.21547274716 0
0.538072561245 0.21547274716 0
0.549339853301 0.21547274716 0
0.56046364389 0.21547274716 0
0.571442428946 0.21547274716 0
0.582274812847 0.21547274716 0
0.59295950755 0.21547274716 0
0.603495331578 0.21547274716 0
0.613881208885 0.21547274716 0
0.624116167608 0.21547274716 0
0.634199338687 0.21547274716 0
0.644129954394 0.21547274716 0
0.653907346748 0.21547274716 0
0.663530945839 0.21547274716 0
0.673000278061 0.21547274716 0
0.682314964261 0.21547274716 0
0.691474717812 0.21547274716 0
0.700479342616 0.21547274716 0
0.709328731038 0.21547274716 0
0.71802286179 0.21547274716 0
0.726561797753 0.21547274716 0
0.734945683759 0.21547274716 0
0.743174744331 0.21547274716 0
0.751249281387 0.21547274716 0
0.759169671915 0.21547274716 0
0.766936365624 0.21547274716 0
0.774549882578 0.21547274716 0
0.782010810811 0.21547274716 0
0.789319803938 0.21547274716 0
0.796477578763 0.21547274716 0
0.803484912877 0.21547274716 0
0.810342642275 0.21547274716 0
0.817051658967 0.21547274716 0
0.823612908613 0.21547274716 0
0.830027388165 0.21547274716 0
0.836296143535 0.21547274716 0
0.842420267279 0.21547274716 0
0.848400896313 0.21547274716 0
0.854239209653 0.21547274716 0
0.859936426186 0.21547274716 0
0.865493802479 0.21547274716 0
0.870912630617 0.21547274716 0
0.876194236084 0.21547274716 0
0.88133997568 0.21547274716 0
0.886351235482 0.21547274716 0
0.891229428848 0.21547274716 0
0.89597599446 0.21547274716 0
0.90059239442 0.21547274716 0
0.905080112385 0.21547274716 0
0.909440651756 0.21547274716 0
0.913675533908 0.21547274716 0
0.917786296475 0.21547274716 0
0.921774491682 0.21547274716 0
0.925641684721 0.21547274716 0
0.929389452185 0.21547274716 0
0.933019380547 0.21547274716 0
0.93653306469 0.21547274716 0
0.939932106486 0.21547274716 0
0.943218113422 0.21547274716 0
0.946392697283 0.21547274716 0
0.949457472874 0.21547274716 0
0.952414056797 0.21547274716 0
0.955264066275 0.21547274716 0
0.95800911802 0.21547274716 0
0.96065082715 0.21547274716 0
0.963190806152 0.21547274716 0
0.965630663892 0.21547274716 0
0.967972004666 0.21547274716 0
0.970216427295 0.21547274716 0
0.972365524266 0.21547274716 0
0.974420880914 0.21547274716 0
0.976384074638 0.21547274716 0
0.978256674172 0.21547274716 0
0.980040238878 0.21547274716 0
0.981736318092 0.21547274716 0
0.983346450496 0.21547274716 0
0.984872163531 0.21547274716 0
0.986314972847 0.21547274716 0
0.987676381786 0.21547274716 0
0.988957880892 0.21547274716 0
0.990160947464 0.21547274716 0
0.991287045133 0.21547274716 0
0.992337623466 0.21547274716 0
0.993314117612 0.21547274716 0
0.994217947962 0.21547274716 0
0.995050519842 0.21547274716 0
0.995813223237 0.21547274716 0
0.99650743253 0.21547274716 0
0.997134506275 0.21547274716 0
0.997695786988 0.21547274716 0
0.99819260096 0.21547274716 0
0.998626258095 0.21547274716 0
0.998998051767 0.21547274716 0
0.999309258696 0.21547274716 0
0.999561138845 0.21547274716 0
0.99975493533 0.21547274716 0
0.999891874358 0.21547274716 0
0.999973165168 0.21547274716 0
1 0.21547274716 2
0 0.237558703744 4
0.0145977623868 0.237558703744 0
0.0291908592127 0.237558703744 0
0.043774629886 0.237558703744 0
0.0583444237423 0.237558703744 0
0.0728956049803 0.237558703744 0
0.0874235575645 0.237558703744 0
0.101923690084 0.237558703744 0
0.116391440556 0.237558703744 0
0.130822281167 0.237558703744 0
0.145211722932 0.237558703744 0
0.159555320275 0.237558703744 0
0.173848675514 0.237558703744 0
0.188087443236 0.237558703744 0
0.202267334564 0.237558703744 0
0.216384121301 0.237558703744 0
0.230433639947 0.237558703744 0
0.244411795571 0.237558703744 0
0.258314565548 0.237558703744 0
0.272138003136 0.237558703744 0
0.28587824091 0.237558703744 0
0.299531494014 0.237558703744 0
0.313094063263 0.237558703744 0
0.326562338066 0.237558703744 0
0.339932799173 0.237558703744 0
0.353202021244 0.237558703744 0
0.366366675238 0.237558703744 0
0.379423530619 0.237558703744 0
0.392369457372 0.237558703744 0
0.405201427843 0.237558703744 0
0.417916518379 0.237558703744 0
0.430511910796 0.237558703744 0
0.442984893649 0.237558703744 0
0.45533286333 0.237558703744 0
0.467553324969 0.237558703744 0
0.479643893168 0.237558703744 0
0.491602292549 0.237558703744 0
0.503426358129 0.237558703744 0
0.515114035522 0.237558703744 0
0.526663380976 0.237558703744 0
0.538072561245 0.237558703744 0
0.549339853301 0.237558703744 0
0.56046364389 0.237558703744 0
0.571442428946 0.237558703744 0
0.582274812847 0.237558703744 0
0.59295950755 0.237558703744 0
0.603495331578 0.237558703744 0
0.613881208885 0.237558703744 0
0.624116167608 0.237558703744 0
0.634199338687 0.237558703744 0
0.644129954394 0.237558703744 0
0.653907346748 0.237558703744 0
0.663530945839 0.237558703744 0
0.673000278061 0.237558703744 0
0.682314964261 0.237558703744 0
0.691474717812 0.237558703744 0
0.700479342616 0.237558703744 0
0.709328731038 0.237558703744 0
0.71802286179 0.237558703744 0
0.726561797753 0.237558703744 0
0.734945683759 0.237558703744 0
0.743174744331 0.237558703744 0
0.751249281387 0.237558703744 0
0.759169671915 0.237558703744 0
0.766936365624 0.237558703744 0
0.774549882578 0.237558703744 0
0.782010810811 0.237558703744 0
0.789319803938 0.237558703744 0
0.796477578763 0.237558703744 0
0.803484912877 0.237558703744 0
0.810342642275 0.237558703744 0
0.817051658967 0.237558703744 0
0.823612908613 0.237558703744 0
0.830027388165 0.237558703744 0
0.836296143535 0.237558703744 0
0.842420267279 0.237558703744 0
0.848400896313 0.237558703744 0
0.854239209653 0.237558703744 0
0.859936426186 0.237558703744 0
0.865493802479 0.237558703744 0
0.870912630617 0.237558703744 0
0.876194236084 0.237558703744 0
0.88133997568 0.237558703744 0
0.886351235482 0.237558703744 0
0.891229428848 0.237558703744 0
0.89597599446 0.237558703744 0
0.90059239442 0.237558703744 0
0.905080112385 0.237558703744 0
0.909440651756 0.237558703744 0
0.913675533908 0.237558703744 0
0.917786296475 0.237558703744 0
0.921774491682 0.237558703744 0
0.925641684721 0.237558703744 0
0.929389452185 0.237558703744 0
0.933019380547 0.237558703744 0
0.93653306469 0.237558703744 0
0.939932106486 0.237558703744 0
0.943218113422 0.237558703744 0
0.946392697283 0.237558703744 0
0.949457472874 0.237558703744 0
0.952414056797 0.237558703744 0
0.955264066275 0.237558703744 0
0.95800911802 0.237558703744 0
0.96065082715 0.237558703744 0
0.963190806152 0.237558703744 0
0.965630663892 0.237558703744 0
0.967972004666 0.237558703744 0
0.970216427295 0.237558703744 0
0.972365524266 0.237558703744 0
0.974420880914 0.237558703744 0
0.976384074638 0.237558703744 0
0.978256674172 0.237558703744 0
0.980040238878 0.237558703744 0
0.981736318092 0.237558703744 0
0.983346450496 0.237558703744 0
0.984872163531 0.237558703744 0
0.986314972847 0.237558703744 0
0.987676381786 0.237558703744 0
0.988957880892 0.237558703744 0
0.990160947464 0.237558703744 0
0.991287045133 0.237558703744 0
0.992337623466 0.237558703744 0
0.993314117612 0.237558703744 0
0.994217947962 0.237558703744 0
0.995050519842 0.237558703744 0
0.995813223237 0.237558703744 0
0.99650743253 0.237558703744 0
0.997134506275 0.237558703744 0
0.997695786988 0.237558703744 0
0.99819260096 0.237558703744 0
0.998626258095 0.237558703744 0
0.998998051767 0.237558703744 0
0.999309258696 0.237558703744 0
0.999561138845 0.237558703744 0
0.99975493533 0.237558703744 0
0.999891874358 0.237558703744 0
0.999973165168 0.237558703744 0
1 0.237558703744 2
0 0.260722024063 4
0.0145977623868 0.260722024063 0
0.0291908592127 0.260722024063 0
0.043774629886 0.260722024063 0
0.0583444237423 0.260722024063 0
0.0728956049803 0.260722024063 0
0.0874235575645 0.260722024063 0
0.101923690084 0.260722024063 0
0.116391440556 0.260722024063 0
0.130822281167 0.260722024063 0
0.145211722932 0.260722024063 0
0.159555320275 0.260722024063 0
0.173848675514 0.260722024063 0
0.188087443236 0.260722024063 0
0.202267334564 0.260722024063 0
0.216384121301 0.260722024063 0
0.230433639947 0.260722024063 0
0.244411795571 0.260722024063 0
0.258314565548 0.260722024063 0
0.272138003136 0.260722024063 0
0.28587824091 0.260722024063 0
0.299531494014 0.260722024063 0
0.313094063263 0.260722024063 0
0.326562338066 0.260722024063 0
0.339932799173 0.260722024063 0
0.353202021244 0.260722024063 0
0.366366675238 0.260722024063 0
0.379423530619 0.260722024063 0
0.392369457372 0.260722024063 0
0.405201427843 0.260722024063 0
0.417916518379 0.260722024063 0
0.430511910796 0.260722024063 0
0.442984893649 0.260722024063 0
0.45533286333 0.260722024063 0
0.467553324969 0.260722024063 0
0.479643893168 0.260722024063 0
0.491602292549 0.260722024063 0
0.503426358129 0.260722024063 0
0.515114035522 0.260722024063 0
0.526663380976 0.260722024063 0
0.538072561245 0.260722024063 0
0.549339853301 0.260722024063 0
0.56046364389 0.260722024063 0
0.571442428946 0.260722024063 0
0.582274812847 0.260722024063 0
0.59295950755 0.260722024063 0
0.603495331578 0.260722024063 0
0.613881208885 0.260722024063 0
0.624116167608 0.260722024063 0
0.634199338687 0.260722024063 0
0.644129954394 0.260722024063 0
0.653907346748 0.260722024063 0
0.663530945839 0.260722024063 0
0.673000278061 0.260722024063 0
0.682314964261 0.260722024063 0
0.691474717812 0.260722024063 0
0.700479342616 0.260722024063 0
0.709328731038 0.260722024063 0
0.71802286179 0.260722024063 0
0.726561797753 0.260722024063 0
0.734945683759 0.260722024063 0
0.743174744331 0.260722024063 0
0.751249281387 0.260722024063 0
0.759169671915 0.260722024063 0
0.766936365624 0.260722024063 0
0.774549882578 0.260722024063 0
0.782010810811 0.260722024063 0
0.789319803938 0.260722024063 0
0.796477578763 0.260722024063 0
0.803484912877 0.260722024063 0
0.810342642275 0.260722024063 0
0.817051658967 0.260722024063 0
0.823612908613 0.260722024063 0
0.830027388165 0.260722024063 0
0.836296143535 0.260722024063 0
0.842420267279 0.260722024063 0
0.848400896313 0.260722024063 0
0.854239209653 0.260722024063 0
0.859936426186 0.260722024063 0
0.865493802479 0.260722024063 0
0.870912630617 0.260722024063 0
0.876194236084 0.260722024063 0
0.88133997568 0.260722024063 0
0.886351235482 0.260722024063 0
0.891229428848 0.260722024063 0
0.89597599446 0.260722024063 0
0.90059239442 0.260722024063 0
0.905080112385 0.260722024063 0
0.909440651756 0.260722024063 0
0.913675533908 0.260722024063 0
0.917786296475 0.260722024063 0
0.921774491682 0.260722024063 0
0.925641684721 0.260722024063 0
0.929389452185 0.260722024063 0
0.933019380547 0.260722024063 0
0.93653306469 0.260722024063 0
0.939932106486 0.260722024063 0
0.943218113422 0.260722024063 0
0.946392697283 0.260722024063 0
0.949457472874 0.260722024063 0
0.952414056797 0.260722024063 0
0.955264066275 0.260722024063 0
0.95800911802 0.260722024063 0
0.96065082715 0.260722024063 0
0.963190806152 0.260722024063 0
0.965630663892 0.260722024063 0
0.967972004666 0.260722024063 0
0.970216427295 0.260722024063 0
0.972365524266 0.260722024063 0
0.974420880914 0.260722024063 0
0.976384074638 0.260722024063 0
0.978256674172 0.260722024063 0
0.980040238878 0.260722024063 0
0.981736318092 0.260722024063 0
0.983346450496 0.260722024063 0
0.984872163531 0.260722024063 0
0.986314972847 0.260722024063 0
0.987676381786 0.260722024063 0
0.988957880892 0.260722024063 0
0.990160947464 0.260722024063 0
0.991287045133 0.260722024063 0
0.992337623466 0.260722024063 0
0.993314117612 0.260722024063 0
0.994217947962 0.260722024063 0
0.995050519842 0.260722024063 0
0.995813223237 0.260722024063 0
0.99650743253 0.260722024063 0
0.997134506275 0.260722024063 0
0.997695786988 0.260722024063 0
0.99819260096 0.260722024063 0
0.998626258095 0.260722024063 0
0.998998051767 0.260722024063 0
0.999309258696 0.260722024063 0
0.999561138845 0.260722024063 0
0.99975493533 0.260722024063 0
0.999891874358 0.260722024063 0
0.999973165168 0.260722024063 0
1 0.260722024063 2
0 0.284962708119 4
0.0145977623868 0.284962708119 0
0.0291908592127 0.284962708119 0
0.043774629886 0.284962708119 0
0.0583444237423 0.284962708119 0
0.0728956049803 0.284962708119 0
0.0874235575645 0.284962708119 0
0.101923690084 0.284962708119 0
0.116391440556 0.284962708119 0
0.130822281167 0.284962708119 0
0.145211722932 0.284962708119 0
0.159555320275 0.284962708119 0
0.173848675514 0.284962708119 0
0.188087443236 0.284962708119 0
0.202267334564 0.284962708119 0
0.216384121301 0.284962708119 0
0.230433639947 0.284962708119 0
0.244411795571 0.284962708119 0
0.258314565548 0.284962708119 0
0.272138003136 0.284962708119 0
0.28587824091 0.284962708119 0
0.299531494014 0.284962708119 0
0.313094063263 0.284962708119 0
0.326562338066 0.284962708119 0
0.339932799173 0.284962708119 0
0.353202021244 0.284962708119 0
0.366366675238 0.284962708119 0
0.379423530619 0.284962708119 0
0.392369457372 0.284962708119 0
0.405201427843 0.284962708119 0
0.417916518379 0.284962708119 0
0.430511910796 0.284962708119 0
0.442984893649 0.284962708119 0
0.45533286333 0.284962708119 0
0.467553324969 0.284962708119 0
0.479643893168 0.284962708119 0
0.491602292549 0.284962708119 0
0.503426358129 0.284962708119 0
0.515114035522 0.284962708119 0
0.526663380976 0.284962708119 0
0.538072561245 0.284962708119 0
0.549339853301 0.284962708119 0
0.56046364389 0.284962708119 0
0.571442428946 0.284962708119 0
0.582274812847 0.284962708119 0
0.59295950755 0.284962708119 0
0.603495331578 0.284962708119 0
0.613881208885 0.284962708119 0
0.624116167608 0.284962708119 0
0.634199338687 0.284962708119 0
0.644129954394 0.284962708119 0
0.653907346748 0.284962708119 0
0.663530945839 0.284962708119 0
0.673000278061 0.284962708119 0
0.682314964261 0.284962708119 0
0.691474717812 0.284962708119 0
0.700479342616 0.284962708119 0
0.709328731038 0.284962708119 0
0.71802286179 0.284962708119 0
0.726561797753 0.284962708119 0
0.734945683759 0.284962708119 0
0.743174744331 0.284962708119 0
0.751249281387 0.284962708119 0
0.759169671915 0.284962708119 0
0.766936365624 0.284962708119 0
0.774549882578 0.284962708119 0
0.782010810811 0.284962708119 0
0.789319803938 0.284962708119 0
0.796477578763 0.284962708119 0
0.803484912877 0.284962708119 0
0.810342642275 0.284962708119 0
0.817051658967 0.284962708119 0
0.823612908613 0.284962708119 0
0.830027388165 0.284962708119 0
0.836296143535 0.284962708119 0
0.842420267279 0.284962708119 0
0.848400896313 0.284962708119 0
0.854239209653 0.284962708119 0
0.859936426186 0.284962708119 0
0.865493802479 0.284962708119 0
0.870912630617 0.284962708119 0
0.876194236084 0.284962708119 0
0.88133997568 0.284962708119 0
0.886351235482 0.284962708119 0
0.891229428848 0.284962708119 0
0.89597599446 0.284962708119 0
0.90059239442 0.284962708119 0
0.905080112385 0.284962708119 0
0.909440651756 0.284962708119 0
0.913675533908 0.284962708119 0
0.917786296475 0.284962708119 0
0.921774491682 0.284962708119 0
0.925641684721 0.284962708119 0
0.929389452185 0.284962708119 0
0.933019380547 0.284962708119 0
0.93653306469 0.284962708119 0
0.939932106486 0.284962708119 0
0.943218113422 0.284962708119 0
0.946392697283 0.284962708119 0
0.949457472874 0.284962708119 0
0.952414056797 0.284962708119 0
0.955264066275 0.284962708119 0
0.95800911802 0.284962708119 0
0.96065082715 0.284962708119 0
0.963190806152 0.284962708119 0
0.965630663892 0.284962708119 0
0.967972004666 0.284962708119 0
0.970216427295 0.284962708119 0
0.972365524266 0.284962708119 0
0.974420880914 0.284962708119 0
0.976384074638 0.284962708119 0
0.978256674172 0.284962708119 0
0.980040238878 0.284962708119 0
0.981736318092 0.284962708119 0
0.983346450496 0.284962708119 0
0.984872163531 0.284962708119 0
0.986314972847 0.284962708119 0
0.987676381786 0.284962708119 0
0.988957880892 0.284962708119 0
0.990160947464 0.284962708119 0
0.991287045133 0.284962708119 0
0.992337623466 0.284962708119 0
0.993314117612 0.284962708119 0
0.994217947962 0.284962708119 0
0.995050519842 0.284962708119 0
0.995813223237 0.284962708119 0
0.99650743253 0.284962708119 0
0.997134506275 0.284962708119 0
0.997695786988 0.284962708119 0
0.99819260096 0.284962708119 0
0.998626258095 0.284962708119 0
0.998998051767 0.284962708119 0
0.999309258696 0.284962708119 0
0.999561138845 0.284962708119 0
0.99975493533 0.284962708119 0
0.999891874358 0.284962708119 0
0.999973165168 0.284962708119 0
1 0.284962708119 2
0 0.31028075591 4
0.0145977623868 0.31028075591 0
0.0291908592127 0.31028075591 0
0.043774629886 0.31028075591 0
0.0583444237423 0.31028075591 0
0.0728956049803 0.31028075591 0
0.0874235575645 0.31028075591 0
0.101923690084 0.31028075591 0
0.116391440556 0.31028075591 0
0.130822281167 0.31028075591 0
0.145211722932 0.31028075591 0
0.159555320275 0.31028075591 0
0.173848675514 0.31028075591 0
0.188087443236 0.31028075591 0
0.202267334564 0.31028075591 0
0.216384121301 0.31028075591 0
0.230433639947 0.31028075591 0
0.244411795571 0.31028075591 0
0.258314565548 0.31028075591 0
0.272138003136 0.31028075591 0
0.28587824091 0.31028075591 0
0.299531494014 0.31028075591 0
0.313094063263 0.31028075591 0
0.326562338066 0.31028075591 0
0.339932799173 0.31028075591 0
0.353202021244 0.31028075591 0
0.366366675238 0.31028075591 0
0.379423530619 0.31028075591 0
0.392369457372 0.31028075591 0
0.405201427843 0.31028075591 0
0.417916518379 0.31028075591 0
0.430511910796 0.31028075591 0
0.442984893649 0.31028075591 0
0.45533286333 0.31028075591 0
0.467553324969 0.31028075591 0
0.479643893168 0.31028075591 0
0.491602292549 0.31028075591 0
0.503426358129 0.31028075591 0
0.515114035522 0.31028075591 0
0.526663380976 0.31028075591 0
0.538072561245 0.31028075591 0
0.549339853301 0.31028075591 0
0.56046364389 0.31028075591 0
0.571442428946 0.31028075591 0
0.582274812847 0.31028075591 0
0.59295950755 0.31028075591 0
0.603495331578 0.31028075591 0
0.613881208885 0.31028075591 0
0.624116167608 0.31028075591 0
0.634199338687 0.31028075591 0
0.644129954394 0.31028075591 0
0.653907346748 0.31028075591 0
0.663530945839 0.31028075591 0
0.673000278061 0.31028075591 0
0.682314964261 0.31028075591 0
0.691474717812 0.31028075591 0
0.700479342616 0.31028075591 0
0.709328731038 0.31028075591 0
0.71802286179 0.31028075591 0
0.726561797753 0.31028075591 0
0.734945683759 0.31028075591 0
0.743174744331 0.31028075591 0
0.751249281387 0.31028075591 0
0.759169671915 0.31028075591 0
0.766936365624 0.31028075591 0
0.774549882578 0.31028075591 0
0.782010810811 0.31028075591 0
0.789319803938 0.31028075591 0
0.796477578763 0.31028075591 0
0.803484912877 0.31028075591 0
0.810342642275 0.31028075591 0
0.817051658967 0.31028075591 0
0.823612908613 0.31028075591 0
0.830027388165 0.31028075591 0
0.836296143535 0.31028075591 0
0.842420267279 0.31028075591 0
0.848400896313 0.31028075591 0
0.854239209653 0.31028075591 0
0.859936426186 0.31028075591 0
0.865493802479 0.31028075591 0
0.870912630617 0.31028075591 0
0.876194236084 0.31028075591 0
0.88133997568 0.31028075591 0
0.886351235482 0.31028075591 0
0.891229428848 0.31028075591 0
0.89597599446 0.31028075591 0
0.90059239442 0.31028075591 0
0.905080112385 0.31028075591 0
0.909440651756 0.31028075591 0
0.913675533908 0.31028075591 0
0.917786296475 0.31028075591 0
0.921774491682 0.31028075591 0
0.925641684721 0.31028075591 0
0.929389452185 0.31028075591 0
0.933019380547 0.31028075591 0
0.93653306469 0.31028075591 0
0.939932106486 0.31028075591 0
0.943218113422 0.31028075591 0
0.946392697283 0.31028075591 0
0.949457472874 0.31028075591 0
0.952414056797 0.31028075591 0
0.955264066275 0.31028075591 0
0.95800911802 0.31028075591 0
0.96065082715 0.31028075591 0
0.963190806152 0.31028075591 0
0.965630663892 0.31028075591 0
0.967972004666 0.31028075591 0
0.970216427295 0.31028075591 0
0.972365524266 0.31028075591 0
0.974420880914 0.31028075591 0
0.976384074638 0.31028075591 0
0.978256674172 0.31028075591 0
0.980040238878 0.31028075591 0
0.981736318092 0.31028075591 0
0.983346450496 0.31028075591 0
0.984872163531 0.31028075591 0
0.986314972847 0.31028075591 0
0.987676381786 0.31028075591 0
0.988957880892 0.31028075591 0
0.990160947464 0.31028075591 0
0.991287045133 0.31028075591 0
0.992337623466 0.31028075591 0
0.993314117612 0.31028075591 0
0.994217947962 0.31028075591 0
0.995050519842 0.31028075591 0
0.995813223237 0.31028075591 0
0.99650743253 0.31028075591 0
0.997134506275 0.31028075591 0
0.997695786988 0.31028075591 0
0.99819260096 0.31028075591 0
0.998626258095 0.31028075591 0
0.998998051767 0.31028075591 0
0.999309258696 0.31028075591 0
0.999561138845 0.31028075591 0
0.99975493533 0.31028075591 0
0.999891874358 0.31028075591 0
0.999973165168 0.31028075591 0
1 0.31028075591 2
0 0.336676167437 4
0.0145977623868 0.336676167437 0
0.0291908592127 0.336676167437 0
0.043774629886 0.336676167437 0
0.0583444237423 0.336676167437 0
0.0728956049803 0.336676167437 0
0.0874235575645 0.336676167437 0
0.101923690084 0.336676167437 0
0.116391440556 0.336676167437 0
0.130822281167 0.336676167437 0
0.145211722932 0.336676167437 0
0.159555320275 0.336676167437 0
0.173848675514 0.336676167437 0
0.188087443236 0.336676167437 0
0.202267334564 0.336676167437 0
0.216384121301 0.336676167437 0
0.230433639947 0.336676167437 0
0.244411795571 0.336676167437 0
0.258314565548 0.336676167437 0
0.272138003136 0.336676167437 0
0.28587824091 0.336676167437 0
0.299531494014 0.336676167437 0
0.313094063263 0.336676167437 0
0.326562338066 0.336676167437 0
0.339932799173 0.336676167437 0
0.353202021244 0.336676167437 0
0.366366675238 0.336676167437 0
0.379423530619 0.336676167437 0
0.392369457372 0.336676167437 0
0.405201427843 0.336676167437 0
0.417916518379 0.336676167437 0
0.430511910796 0.336676167437 0
0.442984893649 0.336676167437 0
0.45533286333 0.336676167437 0
0.467553324969 0.336676167437 0
0.479643893168 0.336676167437 0
0.491602292549 0.336676167437 0
0.503426358129 0.336676167437 0
0.515114035522 0.336676167437 0
0.526663380976 0.336676167437 0
0.538072561245 0.336676167437 0
0.549339853301 0.336676167437 0
0.56046364389 0.336676167437 0
0.571442428946 0.336676167437 0
0.582274812847 0.336676167437 0
0.59295950755 0.336676167437 0
0.603495331578 0.336676167437 0
0.613881208885 0.336676167437 0
0.624116167608 0.336676167437 0
0.634199338687 0.336676167437 0
0.644129954394 0.336676167437 0
0.653907346748 0.336676167437 0
0.663530945839 0.336676167437 0
0.673000278061 0.336676167437 0
0.682314964261 0.336676167437 0
0.691474717812 0.336676167437 0
0.700479342616 0.336676167437 0
0.709328731038 0.336676167437 0
0.71802286179 0.336676167437 0
0.726561797753 0.336676167437 0
0.734945683759 0.336676167437 0
0.743174744331 0.336676167437 0
0.751249281387 0.336676167437 0
0.759169671915 0.336676167437 0
0.766936365624 0.336676167437 0
0.774549882578 0.336676167437 0
0.782010810811 0.336676167437 0
0.789319803938 0.336676167437 0
0.796477578763 0.336676167437 0
0.803484912877 0.336676167437 0
0.810342642275 0.336676167437 0
0.817051658967 0.336676167437 0
0.823612908613 0.336676167437 0
0.830027388165 0.336676167437 0
0.836296143535 0.336676167437 0
0.842420267279 0.336676167437 0
0.848400896313 0.336676167437 0
0.854239209653 0.336676167437 0
0.859936426186 0.336676167437 0
0.865493802479 0.336676167437 0
0.870912630617 0.336676167437 0
0.876194236084 0.336676167437 0
0.88133997568 0.336676167437 0
0.886351235482 0.336676167437 0
0.891229428848 0.336676167437 0
0.89597599446 0.336676167437 0
0.90059239442 0.336676167437 0
0.905080112385 0.336676167437 0
0.909440651756 0.336676167437 0
0.913675533908 0.336676167437 0
0.917786296475 0.336676167437 0
0.921774491682 0.336676167437 0
0.925641684721 0.336676167437 0
0.929389452185 0.336676167437 0
0.933019380547 0.336676167437 0
0.93653306469 0.336676167437 0
0.939932106486 0.336676167437 0
0.943218113422 0.336676167437 0
0.946392697283 0.336676167437 0
0.949457472874 0.336676167437 0
0.952414056797 0.336676167437 0
0.955264066275 0.336676167437 0
0.95800911802 0.336676167437 0
0.96065082715 0.336676167437 0
0.963190806152 0.336676167437 0
0.965630663892 0.336676167437 0
0.967972004666 0.336676167437 0
0.970216427295 0.336676167437 0
0.972365524266 0.336676167437 0
0.974420880914 0.336676167437 0
0.976384074638 0.336676167437 0
0.978256674172 0.336676167437 0
0.980040238878 0.336676167437 0
0.981736318092 0.336676167437 0
0.983346450496 0.336676167437 0
0.984872163531 0.336676167437 0
0.986314972847 0.336676167437 0
0.987676381786 0.336676167437 0
0.988957880892 0.336676167437 0
0.990160947464 0.336676167437 0
0.991287045133 0.336676167437 0
0.992337623466 0.336676167437 0
0.993314117612 0.336676167437 0
0.994217947962 0.336676167437 0
0.995050519842 0.336676167437 0
0.995813223237 0.336676167437 0
0.99650743253 0.336676167437 0
0.997134506275 0.336676167437 0
0.997695786988 0.336676167437 0
0.99819260096 0.336676167437 0
0.998626258095 0.336676167437 0
0.998998051767 0.336676167437 0
0.999309258696 0.336676167437 0
0.999561138845 0.336676167437 0
0.99975493533 0.336676167437 0
0.999891874358 0.336676167437 0
0.999973165168 0.336676167437 0
1 0.336676167437 2
0 0.3641489427 4
0.0145977623868 0.3641489427 0
0.0291908592127 0.3641489427 0
0.043774629886 0.3641489427 0
0.0583444237423 0.3641489427 0
0.0728956049803 0.3641489427 0
0.0874235575645 0.3641489427 0
0.101923690084 0.3641489427 0
0.116391440556 0.3641489427 0
0.130822281167 0.3641489427 0
0.145211722932 0.3641489427 0
0.159555320275 0.3641489427 0
0.173848675514 0.3641489427 0
0.188087443236 0.3641489427 0
0.202267334564 0.3641489427 0
0.216384121301 0.3641489427 0
0.230433639947 0.3641489427 0
0.244411795571 0.3641489427 0
0.258314565548 0.3641489427 0
0.272138003136 0.3641489427 0
0.28587824091 0.3641489427 0
0.299531494014 0.3641489427 0
0.313094063263 0.3641489427 0
0.326562338066 0.3641489427 0
0.339932799173 0.3641489427 0
0.353202021244 0.3641489427 0
0.366366675238 0.3641489427 0
0.379423530619 0.3641489427 0
0.392369457372 0.3641489427 0
0.405201427843 0.3641489427 0
0.417916518379 0.3641489427 0
0.430511910796 0.3641489427 0
0.442984893649 0.3641489427 0
0.45533286333 0.3641489427 0
0.467553324969 0.3641489427 0
0.479643893168 0.3641489427 0
0.491602292549 0.3641489427 0
0.503426358129 0.3641489427 0
0.515114035522 0.3641489427 0
0.526663380976 0.3641489427 0
0.538072561245 0.3641489427 0
0.549339853301 0.3641489427 0
0.56046364389 0.3641489427 0
0.571442428946 0.3641489427 0
0.582274812847 0.3641489427 0
0.59295950755 0.3641489427 0
0.603495331578 0.3641489427 0
0.613881208885 0.3641489427 0
0.624116167608 0.3641489427 0
0.634199338687 0.3641489427 0
0.644129954394 0.3641489427 0
0.653907346748 0.3641489427 0
0.663530945839 0.3641489427 0
0.673000278061 0.3641489427 0
0.682314964261 0.3641489427 0
0.691474717812 0.3641489427 0
0.700479342616 0.3641489427 0
0.709328731038 0.3641489427 0
0.71802286179 0.3641489427 0
0.726561797753 0.3641489427 0
0.734945683759 0.3641489427 0
0.743174744331 0.3641489427 0
0.751249281387 0.3641489427 0
0.759169671915 0.3641489427 0
0.766936365624 0.3641489427 0
0.774549882578 0.3641489427 0
0.782010810811 0.3641489427 0
0.789319803938 0.3641489427 0
0.796477578763 0.3641489427 0
0.803484912877 0.3641489427 0
0.810342642275 0.3641489427 0
0.817051658967 0.3641489427 0
0.823612908613 0.3641489427 0
0.830027388165 0.3641489427 0
0.836296143535 0.3641489427 0
0.842420267279 0.3641489427 0
0.848400896313 0.3641489427 0
0.854239209653 0.3641489427 0
0.859936426186 0.3641489427 0
0.865493802479 0.3641489427 0
0.870912630617 0.3641489427 0
0.876194236084 0.3641489427 0
0.88133997568 0.3641489427 0
0.886351235482 0.3641489427 0
0.891229428848 0.3641489427 0
0.89597599446 0.3641489427 0
0.90059239442 0.3641489427 0
0.905080112385 0.3641489427 0
0.909440651756 0.3641489427 0
0.913675533908 0.3641489427 0
0.917786296475 0.3641489427 0
0.921774491682 0.3641489427 0
0.925641684721 0.3641489427 0
0.929389452185 0.3641489427 0
0.933019380547 0.3641489427 0
0.93653306469 0.3641489427 0
0.939932106486 0.3641489427 0
0.943218113422 0.3641489427 0
0.946392697283 0.3641489427 0
0.949457472874 0.3641489427 0
0.952414056797 0.3641489427 0
0.955264066275 0.3641489427 0
0.95800911802 0.3641489427 0
0.96065082715 0.3641489427 0
0.963190806152 0.3641489427 0
0.965630663892 0.3641489427 0
0.967972004666 0.3641489427 0
0.970216427295 0.3641489427 0
0.972365524266 0.3641489427 0
0.974420880914 0.3641489427 0
0.976384074638 0.3641489427 0
0.978256674172 0.3641489427 0
0.980040238878 0.3641489427 0
0.981736318092 0.3641489427 0
0.983346450496 0.3641489427 0
0.984872163531 0.3641489427 0
0.986314972847 0.3641489427 0
0.987676381786 0.3641489427 0
0.988957880892 0.3641489427 0
0.990160947464 0.3641489427 0
0.991287045133 0.3641489427 0
0.992337623466 0.3641489427 0
0.993314117612 0.3641489427 0
0.994217947962 0.3641489427 0
0.995050519842 0.3641489427 0
0.995813223237 0.3641489427 0
0.99650743253 0.3641489427 0
0.997134506275 0.3641489427 0
0.997695786988 0.3641489427 0
0.99819260096 0.3641489427 0
0.998626258095 0.3641489427 0
0.998998051767 0.3641489427 0
0.999309258696 0.3641489427 0
0.999561138845 0.3641489427 0
0.99975493533 0.3641489427 0
0.999891874358 0.3641489427 0
0.999973165168 0.3641489427 0
1 0.3641489427 2
0 0.392699081699 4
0.0145977623868 0.392699081699 0
0.0291908592127 0.392699081699 0
0.043774629886 0.392699081699 0
0.0583444237423 0.392699081699 0
0.0728956049803 0.392699081699 0
0.0874235575645 0.392699081699 0
0.101923690084 0.392699081699 0
0.116391440556 0.392699081699 0
0.130822281167 0.392699081699 0
0.145211722932 0.392699081699 0
0.159555320275 0.392699081699 0
0.173848675514 0.392699081699 0
0.188087443236 0.392699081699 0
0.202267334564 0.392699081699 0
0.216384121301 0.392699081699 0
0.230433639947 0.392699081699 0
0.244411795571 0.392699081699 0
0.258314565548 0.392699081699 0
0.272138003136 0.392699081699 0
0.28587824091 0.392699081699 0
0.299531494014 0.392699081699 0
0.313094063263 0.392699081699 0
0.326562338066 0.392699081699 0
0.339932799173 0.392699081699 0
0.353202021244 0.392699081699 0
0.366366675238 0.392699081699 0
0.379423530619 0.392699081699 0
0.392369457372 0.392699081699 0
0.405201427843 0.392699081699 0
0.417916518379 0.392699081699 0
0.430511910796 0.392699081699 0
0.442984893649 0.392699081699 0
0.45533286333 0.392699081699 0
0.467553324969 0.392699081699 0
0.479643893168 0.392699081699 0
0.491602292549 0.392699081699 0
0.503426358129 0.392699081699 0
0.515114035522 0.392699081699 0
0.526663380976 0.392699081699 0
0.538072561245 0.392699081699 0
0.549339853301 0.392699081699 0
0.56046364389 0.392699081699 0
0.571442428946 0.392699081699 0
0.582274812847 0.392699081699 0
0.59295950755 0.392699081699 0
0.603495331578 0.392699081699 0
0.613881208885 0.392699081699 0
0.624116167608 0.392699081699 0
0.634199338687 0.392699081699 0
0.644129954394 0.392699081699 0
0.653907346748 0.392699081699 0
0.663530945839 0.392699081699 0
0.673000278061 0.392699081699 0
0.682314964261 0.392699081699 0
0.691474717812 0.392699081699 0
0.700479342616 0.392699081699 0
0.709328731038 0.392699081699 0
0.71802286179 0.392699081699 0
0.726561797753 0.392699081699 0
0.734945683759 0.392699081699 0
0.743174744331 0.392699081699 0
0.751249281387 0.392699081699 0
0.759169671915 0.392699081699 0
0.766936365624 0.392699081699 0
0.774549882578 0.392699081699 0
0.782010810811 0.392699081699 0
0.789319803938 0.392699081699 0
0.796477578763 0.392699081699 0
0.803484912877 0.392699081699 0
0.810342642275 0.392699081699 0
0.817051658967 0.392699081699 0
0.823612908613 0.392699081699 0
0.830027388165 0.392699081699 0
0.836296143535 0.392699081699 0
0.842420267279 0.392699081699 0
0.848400896313 0.392699081699 0
0.854239209653 0.392699081699 0
0.859936426186 0.392699081699 0
0.865493802479 0.392699081699 0
0.870912630617 0.392699081699 0
0.876194236084 0.392699081699 0
0.88133997568 0.392699081699 0
0.886351235482 0.392699081699 0
0.891229428848 0.392699081699 0
0.89597599446 0.392699081699 0
0.90059239442 0.392699081699 0
0.905080112385 0.392699081699 0
0.909440651756 0.392699081699 0
0.913675533908 0.392699081699 0
0.917786296475 0.392699081699 0
0.921774491682 0.392699081699 0
0.925641684721 0.392699081699 0
0.929389452185 0.392699081699 0
0.933019380547 0.392699081699 0
0.93653306469 0.392699081699 0
0.939932106486 0.392699081699 0
0.943218113422 0.392699081699 0
0.946392697283 0.392699081699 0
0.949457472874 0.392699081699 0
0.952414056797 0.392699081699 0
0.955264066275 0.392699081699 0
0.95800911802 0.392699081699 0
0.96065082715 0.392699081699 0
0.963190806152 0.392699081699 0
0.965630663892 0.392699081699 0
0.967972004666 0.392699081699 0
0.970216427295 0.392699081699 0
0.972365524266 0.392699081699 0
0.974420880914 0.392699081699 0
0.976384074638 0.392699081699 0
0.978256674172 0.392699081699 0
0.980040238878 0.392699081699 0
0.981736318092 0.392699081699 0
0.983346450496 0.392699081699 0
0.984872163531 0.392699081699 0
0.986314972847 0.392699081699 0
0.987676381786 0.392699081699 0
0.988957880892 0.392699081699 0
0.990160947464 0.392699081699 0
0.991287045133 0.392699081699 0
0.992337623466 0.392699081699 0
0.993314117612 0.392699081699 0
0.994217947962 0.392699081699 0
0.995050519842 0.392699081699 0
0.995813223237 0.392699081699 0
0.99650743253 0.392699081699 0
0.997134506275 0.392699081699 0
0.997695786988 0.392699081699 0
0.99819260096 0.392699081699 0
0.998626258095 0.392699081699 0
0.998998051767 0.392699081699 0
0.999309258696 0.392699081699 0
0.999561138845 0.392699081699 0
0.99975493533 0.392699081699 0
0.999891874358 0.392699081699 0
0.999973165168 0.392699081699 0
1 0.392699081699 2
0 0.422326584433 4
0.0145977623868 0.422326584433 0
0.0291908592127 0.422326584433 0
0.043774629886 0.422326584433 0
0.0583444237423 0.422326584433 0
0.0728956049803 0.422326584433 0
0.0874235575645 0.422326584433 0
0.101923690084 0.422326584433 0
0.116391440556 0.422326584433 0
0.130822281167 0.422326584433 0
0.145211722932 0.422326584433 0
0.159555320275 0.422326584433 0
0.173848675514 0.422326584433 0
0.188087443236 0.422326584433 0
0.202267334564 0.422326584433 0
0.216384121301 0.422326584433 0
0.230433639947 0.422326584433 0
0.244411795571 0.422326584433 0
0.258314565548 0.422326584433 0
0.272138003136 0.422326584433 0
0.28587824091 0.422326584433 0
0.299531494014 0.422326584433 0
0.313094063263 0.422326584433 0
0.326562338066 0.422326584433 0
0.339932799173 0.422326584433 0
0.353202021244 0.422326584433 0
0.366366675238 0.422326584433 0
0.379423530619 0.422326584433 0
0.392369457372 0.422326584433 0
0.405201427843 0.422326584433 0
0.417916518379 0.422326584433 0
0.430511910796 0.422326584433 0
0.442984893649 0.422326584433 0
0.45533286333 0.422326584433 0
0.467553324969 0.422326584433 0
0.479643893168 0.422326584433 0
0.491602292549 0.422326584433 0
0.503426358129 0.422326584433 0
0.515114035522 0.422326584433 0
0.526663380976 0.422326584433 0
0.538072561245 0.422326584433 0
0.549339853301 0.422326584433 0
0.56046364389 0.422326584433 0
0.571442428946 0.422326584433 0
0.582274812847 0.422326584433 0
0.59295950755 0.422326584433 0
0.603495331578 0.422326584433 0
0.613881208885 0.422326584433 0
0.624116167608 0.422326584433 0
0.634199338687 0.422326584433 0
0.644129954394 0.422326584433 0
0.653907346748 0.422326584433 0
0.663530945839 0.422326584433 0
0.673000278061 0.422326584433 0
0.682314964261 0.422326584433 0
0.691474717812 0.422326584433 0
0.700479342616 0.422326584433 0
0.709328731038 0.422326584433 0
0.71802286179 0.422326584433 0
0.726561797753 0.422326584433 0
0.734945683759 0.422326584433 0
0.743174744331 0.422326584433 0
0.751249281387 0.422326584433 0
0.759169671915 0.422326584433 0
0.766936365624 0.422326584433 0
0.774549882578 0.422326584433 0
0.782010810811 0.422326584433 0
0.789319803938 0.422326584433 0
0.796477578763 0.422326584433 0
0.803484912877 0.422326584433 0
0.810342642275 0.422326584433 0
0.817051658967 0.422326584433 0
0.823612908613 0.422326584433 0
0.830027388165 0.422326584433 0
0.836296143535 0.422326584433 0
0.842420267279 0.422326584433 0
0.848400896313 0.422326584433 0
0.854239209653 0.422326584433 0
0.859936426186 0.422326584433 0
0.865493802479 0.422326584433 0
0.870912630617 0.422326584433 0
0.876194236084 0.422326584433 0
0.88133997568 0.422326584433 0
0.886351235482 0.422326584433 0
0.891229428848 0.422326584433 0
0.89597599446 0.422326584433 0
0.90059239442 0.422326584433 0
0.905080112385 0.422326584433 0
0.909440651756 0.422326584433 0
0.913675533908 0.422326584433 0
0.917786296475 0.422326584433 0
0.921774491682 0.422326584433 0
0.925641684721 0.422326584433 0
0.929389452185 0.422326584433 0
0.933019380547 0.422326584433 0
0.93653306469 0.422326584433 0
0.939932106486 0.422326584433 0
0.943218113422 0.422326584433 0
0.946392697283 0.422326584433 0
0.949457472874 0.422326584433 0
0.952414056797 0.422326584433 0
0.955264066275 0.422326584433 0
0.95800911802 0.422326584433 0
0.96065082715 0.422326584433 0
0.963190806152 0.422326584433 0
0.965630663892 0.422326584433 0
0.967972004666 0.422326584433 0
0.970216427295 0.422326584433 0
0.972365524266 0.422326584433 0
0.974420880914 0.422326584433 0
0.976384074638 0.422326584433 0
0.978256674172 0.422326584433 0
0.980040238878 0.422326584433 0
0.981736318092 0.422326584433 0
0.983346450496 0.422326584433 0
0.984872163531 0.422326584433 0
0.986314972847 0.422326584433 0
0.987676381786 0.422326584433 0
0.988957880892 0.422326584433 0
0.990160947464 0.422326584433 0
0.991287045133 0.422326584433 0
0.992337623466 0.422326584433 0
0.993314117612 0.422326584433 0
0.994217947962 0.422326584433 0
0.995050519842 0.422326584433 0
0.995813223237 0.422326584433 0
0.99650743253 0.422326584433 0
0.997134506275 0.422326584433 0
0.997695786988 0.422326584433 0
0.99819260096 0.422326584433 0
0.998626258095 0.422326584433 0
0.998998051767 0.422326584433 0
0.999309258696 0.422326584433 0
0.999561138845 0.422326584433 0
0.99975493533 0.422326584433 0
0.999891874358 0.422326584433 0
0.999973165168 0.422326584433 0
1 0.422326584433 2
0 0.453031450903 4
0.0145977623868 0.453031450903 0
0.0291908592127 0.453031450903 0
0.043774629886 0.453031450903 0
0.0583444237423 0.453031450903 0
0.0728956049803 0.453031450903 0
0.0874235575645 0.453031450903 0
0.101923690084 0.453031450903 0
0.116391440556 0.453031450903 0
0.130822281167 0.453031450903 0
0.145211722932 0.453031450903 0
0.159555320275 0.453031450903 0
0.173848675514 0.453031450903 0
0.188087443236 0.453031450903 0
0.202267334564 0.453031450903 0
0.216384121301 0.453031450903 0
0.230433639947 0.453031450903 0
0.244411795571 0.453031450903 0
0.258314565548 0.453031450903 0
0.272138003136 0.453031450903 0
0.28587824091 0.453031450903 0
0.299531494014 0.453031450903 0
0.313094063263 0.453031450903 0
0.326562338066 0.453031450903 0
0.339932799173 0.453031450903 0
0.353202021244 0.453031450903 0
0.366366675238 0.453031450903 0
0.379423530619 0.453031450903 0
0.392369457372 0.453031450903 0
0.405201427843 0.453031450903 0
0.417916518379 0.453031450903 0
0.430511910796 0.453031450903 0
0.442984893649 0.453031450903 0
0.45533286333 0.453031450903 0
0.467553324969 0.453031450903 0
0.479643893168 0.453031450903 0
0.491602292549 0.453031450903 0
0.503426358129 0.453031450903 0
0.515114035522 0.453031450903 0
0.526663380976 0.453031450903 0
0.538072561245 0.453031450903 0
0.549339853301 0.453031450903 0
0.56046364389 0.453031450903 0
0.571442428946 0.453031450903 0
0.582274812847 0.453031450903 0
0.59295950755 0.453031450903 0
0.603495331578 0.453031450903 0
0.613881208885 0.453031450903 0
0.624116167608 0.453031450903 0
0.634199338687 0.453031450903 0
0.644129954394 0.453031450903 0
0.653907346748 0.453031450903 0
0.663530945839 0.453031450903 0
0.673000278061 0.453031450903 0
0.682314964261 0.453031450903 0
0.691474717812 0.453031450903 0
0.700479342616 0.453031450903 0
0.709328731038 0.453031450903 0
0.71802286179 0.453031450903 0
0.726561797753 0.453031450903 0
0.734945683759 0.453031450903 0
0.743174744331 0.453031450903 0
0.751249281387 0.453031450903 0
0.759169671915 0.453031450903 0
0.766936365624 0.453031450903 0
0.774549882578 0.453031450903 0
0.782010810811 0.453031450903 0
0.789319803938 0.453031450903 0
0.796477578763 0.453031450903 0
0.803484912877 0.453031450903 0
0.810342642275 0.453031450903 0
0.817051658967 0.453031450903 0
0.823612908613 0.453031450903 0
0.830027388165 0.453031450903 0
0.836296143535 0.453031450903 0
0.842420267279 0.453031450903 0
0.848400896313 0.453031450903 0
0.854239209653 0.453031450903 0
0.859936426186 0.453031450903 0
0.865493802479 0.453031450903 0
0.870912630617 0.453031450903 0
0.876194236084 0.453031450903 0
0.88133997568 0.453031450903 0
0.886351235482 0.453031450903 0
0.891229428848 0.453031450903 0
0.89597599446 0.453031450903 0
0.90059239442 0.453031450903 0
0.905080112385 0.453031450903 0
0.909440651756 0.453031450903 0
0.913675533908 0.453031450903 0
0.917786296475 0.453031450903 0
0.921774491682 0.453031450903 0
0.925641684721 0.453031450903 0
0.929389452185 0.453031450903 0
0.933019380547 0.453031450903 0
0.93653306469 0.453031450903 0
0.939932106486 0.453031450903 0
0.943218113422 0.453031450903 0
0.946392697283 0.453031450903 0
0.949457472874 0.453031450903 0
0.952414056797 0.453031450903 0
0.955264066275 0.453031450903 0
0.95800911802 0.453031450903 0
0.96065082715 0.453031450903 0
0.963190806152 0.453031450903 0
0.965630663892 0.453031450903 0
0.967972004666 0.453031450903 0
0.970216427295 0.453031450903 0
0.972365524266 0.453031450903 0
0.974420880914 0.453031450903 0
0.976384074638 0.453031450903 0
0.978256674172 0.453031450903 0
0.980040238878 0.453031450903 0
0.981736318092 0.453031450903 0
0.983346450496 0.453031450903 0
0.984872163531 0.453031450903 0
0.986314972847 0.453031450903 0
0.987676381786 0.453031450903 0
0.988957880892 0.453031450903 0
0.990160947464 0.453031450903 0
0.991287045133 0.453031450903 0
0.992337623466 0.453031450903 0
0.993314117612 0.453031450903 0
0.994217947962 0.453031450903 0
0.995050519842 0.453031450903 0
0.995813223237 0.453031450903 0
0.99650743253 0.453031450903 0
0.997134506275 0.453031450903 0
0.997695786988 0.453031450903 0
0.99819260096 0.453031450903 0
0.998626258095 0.453031450903 0
0.998998051767 0.453031450903 0
0.999309258696 0.453031450903 0
0.999561138845 0.453031450903 0
0.99975493533 0.453031450903 0
0.999891874358 0.453031450903 0
0.999973165168 0.453031450903 0
1 0.453031450903 2
0 0.48481368111 4
0.0145977623868 0.48481368111 0
0.0291908592127 0.48481368111 0
0.043774629886 0.48481368111 0
0.0583444237423 0.48481368111 0
0.0728956049803 0.48481368111 0
0.0874235575645 0.48481368111 0
0.101923690084 0.48481368111 0
0.116391440556 0.48481368111 0
0.130822281167 0.48481368111 0
0.145211722932 0.48481368111 0
0.159555320275 0.48481368111 0
0.173848675514 0.48481368111 0
0.188087443236 0.48481368111 0
0.202267334564 0.48481368111 0
0.216384121301 0.48481368111 0
0.230433639947 0.48481368111 0
0.244411795571 0.48481368111 0
0.258314565548 0.48481368111 0
0.272138003136 0.48481368111 0
0.28587824091 0.48481368111 0
0.299531494014 0.48481368111 0
0.313094063263 0.48481368111 0
0.326562338066 0.48481368111 0
0.339932799173 0.48481368111 0
0.353202021244 0.48481368111 0
0.366366675238 0.48481368111 0
0.379423530619 0.48481368111 0
0.392369457372 0.48481368111 0
0.405201427843 0.48481368111 0
0.417916518379 0.48481368111 0
0.430511910796 0.48481368111 0
0.442984893649 0.48481368111 0
0.45533286333 0.48481368111 0
0.467553324969 0.48481368111 0
0.479643893168 0.48481368111 0
0.491602292549 0.48481368111 0
0.503426358129 0.48481368111 0
0.515114035522 0.48481368111 0
0.526663380976 0.48481368111 0
0.538072561245 0.48481368111 0
0.549339853301 0.48481368111 0
0.56046364389 0.48481368111 0
0.571442428946 0.48481368111 0
0.582274812847 0.48481368111 0
0.59295950755 0.48481368111 0
0.603495331578 0.48481368111 0
0.613881208885 0.48481368111 0
0.624116167608 0.48481368111 0
0.634199338687 0.48481368111 0
0.644129954394 0.48481368111 0
0.653907346748 0.48481368111 0
0.663530945839 0.48481368111 0
0.673000278061 0.48481368111 0
0.682314964261 0.48481368111 0
0.691474717812 0.48481368111 0
0.700479342616 0.48481368111 0
0.709328731038 0.48481368111 0
0.71802286179 0.48481368111 0
0.726561797753 0.48481368111 0
0.734945683759 0.48481368111 0
0.743174744331 0.48481368111 0
0.751249281387 0.48481368111 0
0.759169671915 0.48481368111 0
0.766936365624 0.48481368111 0
0.774549882578 0.48481368111 0
0.782010810811 0.48481368111 0
0.789319803938 0.48481368111 0
0.796477578763 0.48481368111 0
0.803484912877 0.48481368111 0
0.810342642275 0.48481368111 0
0.817051658967 0.48481368111 0
0.823612908613 0.48481368111 0
0.830027388165 0.48481368111 0
0.836296143535 0.48481368111 0
0.842420267279 0.48481368111 0
0.848400896313 0.48481368111 0
0.854239209653 0.48481368111 0
0.859936426186 0.48481368111 0
0.865493802479 0.48481368111 0
0.870912630617 0.48481368111 0
0.876194236084 0.48481368111 0
0.88133997568 0.48481368111 0
0.886351235482 0.48481368111 0
0.891229428848 0.48481368111 0
0.89597599446 0.48481368111 0
0.90059239442 0.48481368111 0
0.905080112385 0.48481368111 0
0.909440651756 0.48481368111 0
0.913675533908 0.48481368111 0
0.917786296475 0.48481368111 0
0.921774491682 0.48481368111 0
0.925641684721 0.48481368111 0
0.929389452185 0.48481368111 0
0.933019380547 0.48481368111 0
0.93653306469 0.48481368111 0
0.939932106486 0.48481368111 0
0.943218113422 0.48481368111 0
0.946392697283 0.48481368111 0
0.949457472874 0.48481368111 0
0.952414056797 0.48481368111 0
0.955264066275 0.48481368111 0
0.95800911802 0.48481368111 0
0.96065082715 0.48481368111 0
0.963190806152 0.48481368111 0
0.965630663892 0.48481368111 0
0.967972004666 0.48481368111 0
0.970216427295 0.48481368111 0
0.972365524266 0.48481368111 0
0.974420880914 0.48481368111 0
0.976384074638 0.48481368111 0
0.978256674172 0.48481368111 0
0.980040238878 0.48481368111 0
0.981736318092 0.48481368111 0
0.983346450496 0.48481368111 0
0.984872163531 0.48481368111 0
0.986314972847 0.48481368111 0
0.987676381786 0.48481368111 0
0.988957880892 0.48481368111 0
0.990160947464 0.48481368111 0
0.991287045133 0.48481368111 0
0.992337623466 0.48481368111 0
0.993314117612 0.48481368111 0
0.994217947962 0.48481368111 0
0.995050519842 0.48481368111 0
0.995813223237 0.48481368111 0
0.99650743253 0.48481368111 0
0.997134506275 0.48481368111 0
0.997695786988 0.48481368111 0
0.99819260096 0.48481368111 0
0.998626258095 0.48481368111 0
0.998998051767 0.48481368111 0
0.999309258696 0.48481368111 0
0.999561138845 0.48481368111 0
0.99975493533 0.48481368111 0
0.999891874358 0.48481368111 0
0.999973165168 0.48481368111 0
1 0.48481368111 2
0 0.517673275051 4
0.0145977623868 0.517673275051 0
0.0291908592127 0.517673275051 0
0.043774629886 0.517673275051 0
0.0583444237423 0.517673275051 0
0.0728956049803 0.517673275051 0
0.0874235575645 0.517673275051 0
0.101923690084 0.517673275051 0
0.116391440556 0.517673275051 0
0.130822281167 0.517673275051 0
0.145211722932 0.517673275051 0
0.159555320275 0.517673275051 0
0.173848675514 0.517673275051 0
0.188087443236 0.517673275051 0
0.202267334564 0.517673275051 0
0.216384121301 0.517673275051 0
0.230433639947 0.517673275051 0
0.244411795571 0.517673275051 0
0.258314565548 0.517673275051 0
0.272138003136 0.517673275051 0
0.28587824091 0.517673275051 0
0.299531494014 0.517673275051 0
0.313094063263 0.517673275051 0
0.326562338066 0.517673275051 0
0.339932799173 0.517673275051 0
0.353202021244 0.517673275051 0
0.366366675238 0.517673275051 0
0.379423530619 0.517673275051 0
0.392369457372 0.517673275051 0
0.405201427843 0.517673275051 0
0.417916518379 0.517673275051 0
0.430511910796 0.517673275051 0
0.442984893649 0.517673275051 0
0.45533286333 0.517673275051 0
0.467553324969 0.517673275051 0
0.479643893168 0.517673275051 0
0.491602292549 0.517673275051 0
0.503426358129 0.517673275051 0
0.515114035522 0.517673275051 0
0.526663380976 0.517673275051 0
0.538072561245 0.517673275051 0
0.549339853301 0.517673275051 0
0.56046364389 0.517673275051 0
0.571442428946 0.517673275051 0
0.582274812847 0.517673275051 0
0.59295950755 0.517673275051 0
0.603495331578 0.517673275051 0
0.613881208885 0.517673275051 0
0.624116167608 0.517673275051 0
0.634199338687 0.517673275051 0
0.644129954394 0.517673275051 0
0.653907346748 0.517673275051 0
0.663530945839 0.517673275051 0
0.673000278061 0.517673275051 0
0.682314964261 0.517673275051 0
0.691474717812 0.517673275051 0
0.700479342616 0.517673275051 0
0.709328731038 0.517673275051 0
0.71802286179 0.517673275051 0
0.726561797753 0.517673275051 0
0.734945683759 0.517673275051 0
0.743174744331 0.517673275051 0
0.751249281387 0.517673275051 0
0.759169671915 0.517673275051 0
0.766936365624 0.517673275051 0
0.774549882578 0.517673275051 0
0.782010810811 0.517673275051 0
0.789319803938 0.517673275051 0
0.796477578763 0.517673275051 0
0.803484912877 0.517673275051 0
0.810342642275 0.517673275051 0
0.817051658967 0.517673275051 0
0.823612908613 0.517673275051 0
0.830027388165 0.517673275051 0
0.836296143535 0.517673275051 0
0.842420267279 0.517673275051 0
0.848400896313 0.517673275051 0
0.854239209653 0.517673275051 0
0.859936426186 0.517673275051 0
0.865493802479 0.517673275051 0
0.870912630617 0.517673275051 0
0.876194236084 0.517673275051 0
0.88133997568 0.517673275051 0
0.886351235482 0.517673275051 0
0.891229428848 0.517673275051 0
0.89597599446 0.517673275051 0
0.90059239442 0.517673275051 0
0.905080112385 0.517673275051 0
0.909440651756 0.517673275051 0
0.913675533908 0.517673275051 0
0.917786296475 0.517673275051 0
0.921774491682 0.517673275051 0
0.925641684721 0.517673275051 0
0.929389452185 0.517673275051 0
0.933019380547 0.517673275051 0
0.93653306469 0.517673275051 0
0.939932106486 0.517673275051 0
0.943218113422 0.517673275051 0
0.946392697283 0.517673275051 0
0.949457472874 0.517673275051 0
0.952414056797 0.517673275051 0
0.955264066275 0.517673275051 0
0.95800911802 0.517673275051 0
0.96065082715 0.517673275051 0
0.963190806152 0.517673275051 0
0.965630663892 0.517673275051 0
0.967972004666 0.517673275051 0
0.970216427295 0.517673275051 0
0.972365524266 0.517673275051 0
0.974420880914 0.517673275051 0
0.976384074638 0.517673275051 0
0.978256674172 0.517673275051 0
0.980040238878 0.517673275051 0
0.981736318092 0.517673275051 0
0.983346450496 0.517673275051 0
0.984872163531 0.517673275051 0
0.986314972847 0.517673275051 0
0.987676381786 0.517673275051 0
0.988957880892 0.517673275051 0
0.990160947464 0.517673275051 0
0.991287045133 0.517673275051 0
0.992337623466 0.517673275051 0
0.993314117612 0.517673275051 0
0.994217947962 0.517673275051 0
0.995050519842 0.517673275051 0
0.995813223237 0.517673275051 0
0.99650743253 0.517673275051 0
0.997134506275 0.517673275051 0
0.997695786988 0.517673275051 0
0.99819260096 0.517673275051 0
0.998626258095 0.517673275051 0
0.998998051767 0.517673275051 0
0.999309258696 0.517673275051 0
0.999561138845 0.517673275051 0
0.99975493533 0.517673275051 0
0.999891874358 0.517673275051 0
0.999973165168 0.517673275051 0
1 0.517673275051 2
0 0.551610232729 4
0.0145977623868 0.551610232729 0
0.0291908592127 0.551610232729 0
0.043774629886 0.551610232729 0
0.0583444237423 0.551610232729 0
0.0728956049803 0.551610232729 0
0.0874235575645 0.551610232729 0
0.101923690084 0.551610232729 0
0.116391440556 0.551610232729 0
0.130822281167 0.551610232729 0
0.145211722932 0.551610232729 0
0.159555320275 0.551610232729 0
0.173848675514 0.551610232729 0
0.188087443236 0.551610232729 0
0.202267334564 0.551610232729 0
0.216384121301 0.551610232729 0
0.230433639947 0.551610232729 0
0.244411795571 0.551610232729 0
0.258314565548 0.551610232729 0
0.272138003136 0.551610232729 0
0.28587824091 0.551610232729 0
0.299531494014 0.551610232729 0
0.313094063263 0.551610232729 0
0.326562338066 0.551610232729 0
0.339932799173 0.551610232729 0
0.353202021244 0.551610232729 0
0.366366675238 0.551610232729 0
0.379423530619 0.551610232729 0
0.392369457372 0.551610232729 0
0.405201427843 0.551610232729 0
0.417916518379 0.551610232729 0
0.430511910796 0.551610232729 0
0.442984893649 0.551610232729 0
0.45533286333 0.551610232729 0
0.467553324969 0.551610232729 0
0.479643893168 0.551610232729 0
0.491602292549 0.551610232729 0
0.503426358129 0.551610232729 0
0.515114035522 0.551610232729 0
0.526663380976 0.551610232729 0
0.538072561245 0.551610232729 0
0.549339853301 0.551610232729 0
0.56046364389 0.551610232729 0
0.571442428946 0.551610232729 0
0.582274812847 0.551610232729 0
0.59295950755 0.551610232729 0
0.603495331578 0.551610232729 0
0.613881208885 0.551610232729 0
0.624116167608 0.551610232729 0
0.634199338687 0.551610232729 0
0.644129954394 0.551610232729 0
0.653907346748 0.551610232729 0
0.663530945839 0.551610232729 0
0.673000278061 0.551610232729 0
0.682314964261 0.551610232729 0
0.691474717812 0.551610232729 0
0.700479342616 0.551610232729 0
0.709328731038 0.551610232729 0
0.71802286179 0.551610232729 0
0.726561797753 0.551610232729 0
0.734945683759 0.551610232729 0
0.743174744331 0.551610232729 0
0.751249281387 0.551610232729 0
0.759169671915 0.551610232729 0
0.766936365624 0.551610232729 0
0.774549882578 0.551610232729 0
0.782010810811 0.551610232729 0
0.789319803938 0.551610232729 0
0.796477578763 0.551610232729 0
0.803484912877 0.551610232729 0
0.810342642275 0.551610232729 0
0.817051658967 0.551610232729 0
0.823612908613 0.551610232729 0
0.830027388165 0.551610232729 0
0.836296143535 0.551610232729 0
0.842420267279 0.551610232729 0
0.848400896313 0.551610232729 0
0.854239209653 0.551610232729 0
0.859936426186 0.551610232729 0
0.865493802479 0.551610232729 0
0.870912630617 0.551610232729 0
0.876194236084 0.551610232729 0
0.88133997568 0.551610232729 0
0.886351235482 0.551610232729 0
0.891229428848 0.551610232729 0
0.89597599446 0.551610232729 0
0.90059239442 0.551610232729 0
0.905080112385 0.551610232729 0
0.909440651756 0.551610232729 0
0.913675533908 0.551610232729 0
0.917786296475 0.551610232729 0
0.921774491682 0.551610232729 0
0.925641684721 0.551610232729 0
0.929389452185 0.551610232729 0
0.933019380547 0.551610232729 0
0.93653306469 0.551610232729 0
0.939932106486 0.551610232729 0
0.943218113422 0.551610232729 0
0.946392697283 0.551610232729 0
0.949457472874 0.551610232729 0
0.952414056797 0.551610232729 0
0.955264066275 0.551610232729 0
0.95800911802 0.551610232729 0
0.96065082715 0.551610232729 0
0.963190806152 0.551610232729 0
0.965630663892 0.551610232729 0
0.967972004666 0.551610232729 0
0.970216427295 0.551610232729 0
0.972365524266 0.551610232729 0
0.974420880914 0.551610232729 0
0.976384074638 0.551610232729 0
0.978256674172 0.551610232729 0
0.980040238878 0.551610232729 0
0.981736318092 0.551610232729 0
0.983346450496 0.551610232729 0
0.984872163531 0.551610232729 0
0.986314972847 0.551610232729 0
0.987676381786 0.551610232729 0
0.988957880892 0.551610232729 0
0.990160947464 0.551610232729 0
0.991287045133 0.551610232729 0
0.992337623466 0.551610232729 0
0.993314117612 0.551610232729 0
0.994217947962 0.551610232729 0
0.995050519842 0.551610232729 0
0.995813223237 0.551610232729 0
0.99650743253 0.551610232729 0
0.997134506275 0.551610232729 0
0.997695786988 0.551610232729 0
0.99819260096 0.551610232729 0
0.998626258095 0.551610232729 0
0.998998051767 0.551610232729 0
0.999309258696 0.551610232729 0
0.999561138845 0.551610232729 0
0.99975493533 0.551610232729 0
0.999891874358 0.551610232729 0
0.999973165168 0.551610232729 0
1 0.551610232729 2
0 0.586624554143 4
0.0145977623868 0.586624554143 0
0.0291908592127 0.586624554143 0
0.043774629886 0.586624554143 0
0.0583444237423 0.586624554143 0
0.0728956049803 0.586624554143 0
0.0874235575645 0.586624554143 0
0.101923690084 0.586624554143 0
0.116391440556 0.586624554143 0
0.130822281167 0.586624554143 0
0.145211722932 0.586624554143 0
0.159555320275 0.586624554143 0
0.173848675514 0.586624554143 0
0.188087443236 0.586624554143 0
0.202267334564 0.586624554143 0
0.216384121301 0.586624554143 0
0.230433639947 0.586624554143 0
0.244411795571 0.586624554143 0
0.258314565548 0.586624554143 0
0.272138003136 0.586624554143 0
0.28587824091 0.586624554143 0
0.299531494014 0.586624554143 0
0.313094063263 0.586624554143 0
0.326562338066 0.586624554143 0
0.339932799173 0.586624554143 0
0.353202021244 0.586624554143 0
0.366366675238 0.586624554143 0
0.379423530619 0.586624554143 0
0.392369457372 0.586624554143 0
0.405201427843 0.586624554143 0
0.417916518379 0.586624554143 0
0.430511910796 0.586624554143 0
0.442984893649 0.586624554143 0
0.45533286333 0.586624554143 0
0.467553324969 0.586624554143 0
0.479643893168 0.586624554143 0
0.491602292549 0.586624554143 0
0.503426358129 0.586624554143 0
0.515114035522 0.586624554143 0
0.526663380976 0.586624554143 0
0.538072561245 0.586624554143 0
0.549339853301 0.586624554143 0
0.56046364389 0.586624554143 0
0.571442428946 0.586624554143 0
0.582274812847 0.586624554143 0
0.59295950755 0.586624554143 0
0.603495331578 0.586624554143 0
0.613881208885 0.586624554143 0
0.624116167608 0.586624554143 0
0.634199338687 0.586624554143 0
0.644129954394 0.586624554143 0
0.653907346748 0.586624554143 0
0.663530945839 0.586624554143 0
0.673000278061 0.586624554143 0
0.682314964261 0.586624554143 0
0.691474717812 0.586624554143 0
0.700479342616 0.586624554143 0
0.709328731038 0.586624554143 0
0.71802286179 0.586624554143 0
0.726561797753 0.586624554143 0
0.734945683759 0.586624554143 0
0.743174744331 0.586624554143 0
0.751249281387 0.586624554143 0
0.759169671915 0.586624554143 0
0.766936365624 0.586624554143 0
0.774549882578 0.586624554143 0
0.782010810811 0.586624554143 0
0.789319803938 0.586624554143 0
0.796477578763 0.586624554143 0
0.803484912877 0.586624554143 0
0.810342642275 0.586624554143 0
0.817051658967 0.586624554143 0
0.823612908613 0.586624554143 0
0.830027388165 0.586624554143 0
0.836296143535 0.586624554143 0
0.842420267279 0.586624554143 0
0.848400896313 0.586624554143 0
0.854239209653 0.586624554143 0
0.859936426186 0.586624554143 0
0.865493802479 0.586624554143 0
0.870912630617 0.586624554143 0
0.876194236084 0.586624554143 0
0.88133997568 0.586624554143 0
0.886351235482 0.586624554143 0
0.891229428848 0.586624554143 0
0.89597599446 0.586624554143 0
0.90059239442 0.586624554143 0
0.905080112385 0.586624554143 0
0.909440651756 0.586624554143 0
0.913675533908 0.586624554143 0
0.917786296475 0.586624554143 0
0.921774491682 0.586624554143 0
0.925641684721 0.586624554143 0
0.929389452185 0.586624554143 0
0.933019380547 0.586624554143 0
0.93653306469 0.586624554143 0
0.939932106486 0.586624554143 0
0.943218113422 0.586624554143 0
0.946392697283 0.586624554143 0
0.949457472874 0.586624554143 0
0.952414056797 0.586624554143 0
0.955264066275 0.586624554143 0
0.95800911802 0.586624554143 0
0.96065082715 0.586624554143 0
0.963190806152 0.586624554143 0
0.965630663892 0.586624554143 0
0.967972004666 0.586624554143 0
0.970216427295 0.586624554143 0
0.972365524266 0.586624554143 0
0.974420880914 0.586624554143 0
0.976384074638 0.586624554143 0
0.978256674172 0.586624554143 0
0.980040238878 0.586624554143 0
0.981736318092 0.586624554143 0
0.983346450496 0.586624554143 0
0.984872163531 0.586624554143 0
0.986314972847 0.586624554143 0
0.987676381786 0.586624554143 0
0.988957880892 0.586624554143 0
0.990160947464 0.586624554143 0
0.991287045133 0.586624554143 0
0.992337623466 0.586624554143 0
0.993314117612 0.586624554143 0
0.994217947962 0.586624554143 0
0.995050519842 0.586624554143 0
0.995813223237 0.586624554143 0
0.99650743253 0.586624554143 0
0.997134506275 0.586624554143 0
0.997695786988 0.586624554143 0
0.99819260096 0.586624554143 0
0.998626258095 0.586624554143 0
0.998998051767 0.586624554143 0
0.999309258696 0.586624554143 0
0.999561138845 0.586624554143 0
0.99975493533 0.586624554143 0
0.999891874358 0.586624554143 0
0.999973165168 0.586624554143 0
1 0.586624554143 2
0 0.622716239292 4
0.0145977623868 0.622716239292 0
0.0291908592127 0.622716239292 0
0.043774629886 0.622716239292 0
0.0583444237423 0.622716239292 0
0.0728956049803 0.622716239292 0
0.0874235575645 0.622716239292 0
0.101923690084 0.622716239292 0
0.116391440556 0.622716239292 0
0.130822281167 0.622716239292 0
0.145211722932 0.622716239292 0
0.159555320275 0.622716239292 0
0.173848675514 0.622716239292 0
0.188087443236 0.622716239292 0
0.202267334564 0.622716239292 0
0.216384121301 0.622716239292 0
0.230433639947 0.622716239292 0
0.244411795571 0.622716239292 0
0.258314565548 0.622716239292 0
0.272138003136 0.622716239292 0
0.28587824091 0.622716239292 0
0.299531494014 0.622716239292 0
0.313094063263 0.622716239292 0
0.326562338066 0.622716239292 0
0.339932799173 0.622716239292 0
0.353202021244 0.622716239292 0
0.366366675238 0.622716239292 0
0.379423530619 0.622716239292 0
0.392369457372 0.622716239292 0
0.405201427843 0.622716239292 0
0.417916518379 0.622716239292 0
0.430511910796 0.622716239292 0
0.442984893649 0.622716239292 0
0.45533286333 0.622716239292 0
0.467553324969 0.622716239292 0
0.479643893168 0.622716239292 0
0.491602292549 0.622716239292 0
0.503426358129 0.622716239292 0
0.515114035522 0.622716239292 0
0.526663380976 0.622716239292 0
0.538072561245 0.622716239292 0
0.549339853301 0.622716239292 0
0.56046364389 0.622716239292 0
0.571442428946 0.622716239292 0
0.582274812847 0.622716239292 0
0.59295950755 0.622716239292 0
0.603495331578 0.622716239292 0
0.613881208885 0.622716239292 0
0.624116167608 0.622716239292 0
0.634199338687 0.622716239292 0
0.644129954394 0.622716239292 0
0.653907346748 0.622716239292 0
0.663530945839 0.622716239292 0
0.673000278061 0.622716239292 0
0.682314964261 0.622716239292 0
0.691474717812 0.622716239292 0
0.700479342616 0.622716239292 0
0.709328731038 0.622716239292 0
0.71802286179 0.622716239292 0
0.726561797753 0.622716239292 0
0.734945683759 0.622716239292 0
0.743174744331 0.622716239292 0
0.751249281387 0.622716239292 0
0.759169671915 0.622716239292 0
0.766936365624 0.622716239292 0
0.774549882578 0.622716239292 0
0.782010810811 0.622716239292 0
0.789319803938 0.622716239292 0
0.796477578763 0.622716239292 0
0.803484912877 0.622716239292 0
0.810342642275 0.622716239292 0
0.817051658967 0.622716239292 0
0.823612908613 0.622716239292 0
0.830027388165 0.622716239292 0
0.836296143535 0.622716239292 0
0.842420267279 0.622716239292 0
0.848400896313 0.622716239292 0
0.854239209653 0.622716239292 0
0.859936426186 0.622716239292 0
0.865493802479 0.622716239292 0
0.870912630617 0.622716239292 0
0.876194236084 0.622716239292 0
0.88133997568 0.622716239292 0
0.886351235482 0.622716239292 0
0.891229428848 0.622716239292 0
0.89597599446 0.622716239292 0
0.90059239442 0.622716239292 0
0.905080112385 0.622716239292 0
0.909440651756 0.622716239292 0
0.913675533908 0.622716239292 0
0.917786296475 0.622716239292 0
0.921774491682 0.622716239292 0
0.925641684721 0.622716239292 0
0.929389452185 0.622716239292 0
0.933019380547 0.622716239292 0
0.93653306469 0.622716239292 0
0.939932106486 0.622716239292 0
0.943218113422 0.622716239292 0
0.946392697283 0.622716239292 0
0.949457472874 0.622716239292 0
0.952414056797 0.622716239292 0
0.955264066275 0.622716239292 0
0.95800911802 0.622716239292 0
0.96065082715 0.622716239292 0
0.963190806152 0.622716239292 0
0.965630663892 0.622716239292 0
0.967972004666 0.622716239292 0
0.970216427295 0.622716239292 0
0.972365524266 0.622716239292 0
0.974420880914 0.622716239292 0
0.976384074638 0.622716239292 0
0.978256674172 0.622716239292 0
0.980040238878 0.622716239292 0
0.981736318092 0.622716239292 0
0.983346450496 0.622716239292 0
0.984872163531 0.622716239292 0
0.986314972847 0.622716239292 0
0.987676381786 0.622716239292 0
0.988957880892 0.622716239292 0
0.990160947464 0.622716239292 0
0.991287045133 0.622716239292 0
0.992337623466 0.622716239292 0
0.993314117612 0.622716239292 0
0.994217947962 0.622716239292 0
0.995050519842 0.622716239292 0
0.995813223237 0.622716239292 0
0.99650743253 0.622716239292 0
0.997134506275 0.622716239292 0
0.997695786988 0.622716239292 0
0.99819260096 0.622716239292 0
0.998626258095 0.622716239292 0
0.998998051767 0.622716239292 0
0.999309258696 0.622716239292 0
0.999561138845 0.622716239292 0
0.99975493533 0.622716239292 0
0.999891874358 0.622716239292 0
0.999973165168 0.622716239292 0
1 0.622716239292 2
0 0.659885288177 4
0.0145977623868 0.659885288177 0
0.0291908592127 0.659885288177 0
0.043774629886 0.659885288177 0
0.0583444237423 0.659885288177 0
0.0728956049803 0.659885288177 0
0.0874235575645 0.659885288177 0
0.101923690084 0.659885288177 0
0.116391440556 0.659885288177 0
0.130822281167 0.659885288177 0
0.145211722932 0.659885288177 0
0.159555320275 0.659885288177 0
0.173848675514 0.659885288177 0
0.188087443236 0.659885288177 0
0.202267334564 0.659885288177 0
0.216384121301 0.659885288177 0
0.230433639947 0.659885288177 0
0.244411795571 0.659885288177 0
0.258314565548 0.659885288177 0
0.272138003136 0.659885288177 0
0.28587824091 0.659885288177 0
0.299531494014 0.659885288177 0
0.313094063263 0.659885288177 0
0.326562338066 0.659885288177 0
0.339932799173 0.659885288177 0
0.353202021244 0.659885288177 0
0.366366675238 0.659885288177 0
0.379423530619 0.659885288177 0
0.392369457372 0.659885288177 0
0.405201427843 0.659885288177 0
0.417916518379 0.659885288177 0
0.430511910796 0.659885288177 0
0.442984893649 0.659885288177 0
0.45533286333 0.659885288177 0
0.467553324969 0.659885288177 0
0.479643893168 0.659885288177 0
0.491602292549 0.659885288177 0
0.503426358129 0.659885288177 0
0.515114035522 0.659885288177 0
0.526663380976 0.659885288177 0
0.538072561245 0.659885288177 0
0.549339853301 0.659885288177 0
0.56046364389 0.659885288177 0
0.571442428946 0.659885288177 0
0.582274812847 0.659885288177 0
0.59295950755 0.659885288177 0
0.603495331578 0.659885288177 0
0.613881208885 0.659885288177 0
0.624116167608 0.659885288177 0
0.634199338687 0.659885288177 0
0.644129954394 0.659885288177 0
0.653907346748 0.659885288177 0
0.663530945839 0.659885288177 0
0.673000278061 0.659885288177 0
0.682314964261 0.659885288177 0
0.691474717812 0.659885288177 0
0.700479342616 0.659885288177 0
0.709328731038 0.659885288177 0
0.71802286179 0.659885288177 0
0.726561797753 0.659885288177 0
0.734945683759 0.659885288177 0
0.743174744331 0.659885288177 0
0.751249281387 0.659885288177 0
0.759169671915 0.659885288177 0
0.766936365624 0.659885288177 0
0.774549882578 0.659885288177 0
0.782010810811 0.659885288177 0
0.789319803938 0.659885288177 0
0.796477578763 0.659885288177 0
0.803484912877 0.659885288177 0
0.810342642275 0.659885288177 0
0.817051658967 0.659885288177 0
0.823612908613 0.659885288177 0
0.830027388165 0.659885288177 0
0.836296143535 0.659885288177 0
0.842420267279 0.659885288177 0
0.848400896313 0.659885288177 0
0.854239209653 0.659885288177 0
0.859936426186 0.659885288177 0
0.865493802479 0.659885288177 0
0.870912630617 0.659885288177 0
0.876194236084 0.659885288177 0
0.88133997568 0.659885288177 0
0.886351235482 0.659885288177 0
0.891229428848 0.659885288177 0
0.89597599446 0.659885288177 0
0.90059239442 0.659885288177 0
0.905080112385 0.659885288177 0
0.909440651756 0.659885288177 0
0.913675533908 0.659885288177 0
0.917786296475 0.659885288177 0
0.921774491682 0.659885288177 0
0.925641684721 0.659885288177 0
0.929389452185 0.659885288177 0
0.933019380547 0.659885288177 0
0.93653306469 0.659885288177 0
0.939932106486 0.659885288177 0
0.943218113422 0.659885288177 0
0.946392697283 0.659885288177 0
0.949457472874 0.659885288177 0
0.952414056797 0.659885288177 0
0.955264066275 0.659885288177 0
0.95800911802 0.659885288177 0
0.96065082715 0.659885288177 0
0.963190806152 0.659885288177 0
0.965630663892 0.659885288177 0
0.967972004666 0.659885288177 0
0.970216427295 0.659885288177 0
0.972365524266 0.659885288177 0
0.974420880914 0.659885288177 0
0.976384074638 0.659885288177 0
0.978256674172 0.659885288177 0
0.980040238878 0.659885288177 0
0.981736318092 0.659885288177 0
0.983346450496 0.659885288177 0
0.984872163531 0.659885288177 0
0.986314972847 0.659885288177 0
0.987676381786 0.659885288177 0
0.988957880892 0.659885288177 0
0.990160947464 0.659885288177 0
0.991287045133 0.659885288177 0
0.992337623466 0.659885288177 0
0.993314117612 0.659885288177 0
0.994217947962 0.659885288177 0
0.995050519842 0.659885288177 0
0.995813223237 0.659885288177 0
0.99650743253 0.659885288177 0
0.997134506275 0.659885288177 0
0.997695786988 0.659885288177 0
0.99819260096 0.659885288177 0
0.998626258095 0.659885288177 0
0.998998051767 0.659885288177 0
0.999309258696 0.659885288177 0
0.999561138845 0.659885288177 0
0.99975493533 0.659885288177 0
0.999891874358 0.659885288177 0
0.999973165168 0.659885288177 0
1 0.659885288177 2
0 0.698131700798 4
0.0145977623868 0.698131700798 0
0.0291908592127 0.698131700798 0
0.043774629886 0.698131700798 0
0.0583444237423 0.698131700798 0
0.0728956049803 0.698131700798 0
0.0874235575645 0.698131700798 0
0.101923690084 0.698131700798 0
0.116391440556 0.698131700798 0
0.130822281167 0.698131700798 0
0.145211722932 0.698131700798 0
0.159555320275 0.698131700798 0
0.173848675514 0.698131700798 0
0.188087443236 0.698131700798 0
0.202267334564 0.698131700798 0
0.216384121301 0.698131700798 0
0.230433639947 0.698131700798 0
0.244411795571 0.698131700798 0
0.258314565548 0.698131700798 0
0.272138003136 0.698131700798 0
0.28587824091 0.698131700798 0
0.299531494014 0.698131700798 0
0.313094063263 0.698131700798 0
0.326562338066 0.698131700798 0
0.339932799173 0.698131700798 0
0.353202021244 0.698131700798 0
0.366366675238 0.698131700798 0
0.379423530619 0.698131700798 0
0.392369457372 0.698131700798 0
0.405201427843 0.698131700798 0
0.417916518379 0.698131700798 0
0.430511910796 0.698131700798 0
0.442984893649 0.698131700798 0
0.45533286333 0.698131700798 0
0.467553324969 0.698131700798 0
0.479643893168 0.698131700798 0
0.491602292549 0.698131700798 0
0.503426358129 0.698131700798 0
0.515114035522 0.698131700798 0
0.526663380976 0.698131700798 0
0.538072561245 0.698131700798 0
0.549339853301 0.698131700798 0
0.56046364389 0.698131700798 0
0.571442428946 0.698131700798 0
0.582274812847 0.698131700798 0
0.59295950755 0.698131700798 0
0.603495331578 0.698131700798 0
0.613881208885 0.698131700798 0
0.624116167608 0.698131700798 0
0.634199338687 0.698131700798 0
0.644129954394 0.698131700798 0
0.653907346748 0.698131700798 0
0.663530945839 0.698131700798 0
0.673000278061 0.698131700798 0
0.682314964261 0.698131700798 0
0.691474717812 0.698131700798 0
0.700479342616 0.698131700798 0
0.709328731038 0.698131700798 0
0.71802286179 0.698131700798 0
0.726561797753 0.698131700798 0
0.734945683759 0.698131700798 0
0.743174744331 0.698131700798 0
0.751249281387 0.698131700798 0
0.759169671915 0.698131700798 0
0.766936365624 0.698131700798 0
0.774549882578 0.698131700798 0
0.782010810811 0.698131700798 0
0.789319803938 0.698131700798 0
0.796477578763 0.698131700798 0
0.803484912877 0.698131700798 0
0.810342642275 0.698131700798 0
0.817051658967 0.698131700798 0
0.823612908613 0.698131700798 0
0.830027388165 0.698131700798 0
0.836296143535 0.698131700798 0
0.842420267279 0.698131700798 0
0.848400896313 0.698131700798 0
0.854239209653 0.698131700798 0
0.859936426186 0.698131700798 0
0.865493802479 0.698131700798 0
0.870912630617 0.698131700798 0
0.876194236084 0.698131700798 0
0.88133997568 0.698131700798 0
0.886351235482 0.698131700798 0
0.891229428848 0.698131700798 0
0.89597599446 0.698131700798 0
0.90059239442 0.698131700798 0
0.905080112385 0.698131700798 0
0.909440651756 0.698131700798 0
0.913675533908 0.698131700798 0
0.917786296475 0.698131700798 0
0.921774491682 0.698131700798 0
0.925641684721 0.698131700798 0
0.929389452185 0.698131700798 0
0.933019380547 0.698131700798 0
0.93653306469 0.698131700798 0
0.939932106486 0.698131700798 0
0.943218113422 0.698131700798 0
0.946392697283 0.698131700798 0
0.949457472874 0.698131700798 0
0.952414056797 0.698131700798 0
0.955264066275 0.698131700798 0
0.95800911802 0.698131700798 0
0.96065082715 0.698131700798 0
0.963190806152 0.698131700798 0
0.965630663892 0.698131700798 0
0.967972004666 0.698131700798 0
0.970216427295 0.698131700798 0
0.972365524266 0.698131700798 0
0.974420880914 0.698131700798 0
0.976384074638 0.698131700798 0
0.978256674172 0.698131700798 0
0.980040238878 0.698131700798 0
0.981736318092 0.698131700798 0
0.983346450496 0.698131700798 0
0.984872163531 0.698131700798 0
0.986314972847 0.698131700798 0
0.987676381786 0.698131700798 0
0.988957880892 0.698131700798 0
0.990160947464 0.698131700798 0
0.991287045133 0.698131700798 0
0.992337623466 0.698131700798 0
0.993314117612 0.698131700798 0
0.994217947962 0.698131700798 0
0.995050519842 0.698131700798 0
0.995813223237 0.698131700798 0
0.99650743253 0.698131700798 0
0.997134506275 0.698131700798 0
0.997695786988 0.698131700798 0
0.99819260096 0.698131700798 0
0.998626258095 0.698131700798 0
0.998998051767 0.698131700798 0
0.999309258696 0.698131700798 0
0.999561138845 0.698131700798 0
0.99975493533 0.698131700798 0
0.999891874358 0.698131700798 0
0.999973165168 0.698131700798 0
1 0.698131700798 2
0 0.737455477154 4
0.0145977623868 0.737455477154 0
0.0291908592127 0.737455477154 0
0.043774629886 0.737455477154 0
0.0583444237423 0.737455477154 0
0.0728956049803 0.737455477154 0
0.0874235575645 0.737455477154 0
0.101923690084 0.737455477154 0
0.116391440556 0.737455477154 0
0.130822281167 0.737455477154 0
0.145211722932 0.737455477154 0
0.159555320275 0.737455477154 0
0.173848675514 0.737455477154 0
0.188087443236 0.737455477154 0
0.202267334564 0.737455477154 0
0.216384121301 0.737455477154 0
0.230433639947 0.737455477154 0
0.244411795571 0.737455477154 0
0.258314565548 0.737455477154 0
0.272138003136 0.737455477154 0
0.28587824091 0.737455477154 0
0.299531494014 0.737455477154 0
0.313094063263 0.737455477154 0
0.326562338066 0.737455477154 0
0.339932799173 0.737455477154 0
0.353202021244 0.737455477154 0
0.366366675238 0.737455477154 0
0.379423530619 0.737455477154 0
0.392369457372 0.737455477154 0
0.405201427843 0.737455477154 0
0.417916518379 0.737455477154 0
0.430511910796 0.737455477154 0
0.442984893649 0.737455477154 0
0.45533286333 0.737455477154 0
0.467553324969 0.737455477154 0
0.479643893168 0.737455477154 0
0.491602292549 0.737455477154 0
0.503426358129 0.737455477154 0
0.515114035522 0.737455477154 0
0.526663380976 0.737455477154 0
0.538072561245 0.737455477154 0
0.549339853301 0.737455477154 0
0.56046364389 0.737455477154 0
0.571442428946 0.737455477154 0
0.582274812847 0.737455477154 0
0.59295950755 0.737455477154 0
0.603495331578 0.737455477154 0
0.613881208885 0.737455477154 0
0.624116167608 0.737455477154 0
0.634199338687 0.737455477154 0
0.644129954394 0.737455477154 0
0.653907346748 0.737455477154 0
0.663530945839 0.737455477154 0
0.673000278061 0.737455477154 0
0.682314964261 0.737455477154 0
0.691474717812 0.737455477154 0
0.700479342616 0.737455477154 0
0.709328731038 0.737455477154 0
0.71802286179 0.737455477154 0
0.726561797753 0.737455477154 0
0.734945683759 0.737455477154 0
0.743174744331 0.737455477154 0
0.751249281387 0.737455477154 0
0.759169671915 0.737455477154 0
0.766936365624 0.737455477154 0
0.774549882578 0.737455477154 0
0.782010810811 0.737455477154 0
0.789319803938 0.737455477154 0
0.796477578763 0.737455477154 0
0.803484912877 0.737455477154 0
0.810342642275 0.737455477154 0
0.817051658967 0.737455477154 0
0.823612908613 0.737455477154 0
0.830027388165 0.737455477154 0
0.836296143535 0.737455477154 0
0.842420267279 0.737455477154 0
0.848400896313 0.737455477154 0
0.854239209653 0.737455477154 0
0.859936426186 0.737455477154 0
0.865493802479 0.737455477154 0
0.870912630617 0.737455477154 0
0.876194236084 0.737455477154 0
0.88133997568 0.737455477154 0
0.886351235482 0.737455477154 0
0.891229428848 0.737455477154 0
0.89597599446 0.737455477154 0
0.90059239442 0.737455477154 0
0.905080112385 0.737455477154 0
0.909440651756 0.737455477154 0
0.913675533908 0.737455477154 0
0.917786296475 0.737455477154 0
0.921774491682 0.737455477154 0
0.925641684721 0.737455477154 0
0.929389452185 0.737455477154 0
0.933019380547 0.737455477154 0
0.93653306469 0.737455477154 0
0.939932106486 0.737455477154 0
0.943218113422 0.737455477154 0
0.946392697283 0.737455477154 0
0.949457472874 0.737455477154 0
0.952414056797 0.737455477154 0
0.955264066275 0.737455477154 0
0.95800911802 0.737455477154 0
0.96065082715 0.737455477154 0
0.963190806152 0.737455477154 0
0.965630663892 0.737455477154 0
0.967972004666 0.737455477154 0
0.970216427295 0.737455477154 0
0.972365524266 0.737455477154 0
0.974420880914 0.737455477154 0
0.976384074638 0.737455477154 0
0.978256674172 0.737455477154 0
0.980040238878 0.737455477154 0
0.981736318092 0.737455477154 0
0.983346450496 0.737455477154 0
0.984872163531 0.737455477154 0
0.986314972847 0.737455477154 0
0.987676381786 0.737455477154 0
0.988957880892 0.737455477154 0
0.990160947464 0.737455477154 0
0.991287045133 0.737455477154 0
0.992337623466 0.737455477154 0
0.993314117612 0.737455477154 0
0.994217947962 0.737455477154 0
0.995050519842 0.737455477154 0
0.995813223237 0.737455477154 0
0.99650743253 0.737455477154 0
0.997134506275 0.737455477154 0
0.997695786988 0.737455477154 0
0.99819260096 0.737455477154 0
0.998626258095 0.737455477154 0
0.998998051767 0.737455477154 0
0.999309258696 0.737455477154 0
0.999561138845 0.737455477154 0
0.99975493533 0.737455477154 0
0.999891874358 0.737455477154 0
0.999973165168 0.737455477154 0
1 0.737455477154 2
0 0.777856617247 4
0.0145977623868 0.777856617247 0
0.0291908592127 0.777856617247 0
0.043774629886 0.777856617247 0
0.0583444237423 0.777856617247 0
0.0728956049803 0.777856617247 0
0.0874235575645 0.777856617247 0
0.101923690084 0.777856617247 0
0.116391440556 0.777856617247 0
0.130822281167 0.777856617247 0
0.145211722932 0.777856617247 0
0.159555320275 0.777856617247 0
0.173848675514 0.777856617247 0
0.188087443236 0.777856617247 0
0.202267334564 0.777856617247 0
0.216384121301 0.777856617247 0
0.230433639947 0.777856617247 0
0.244411795571 0.777856617247 0
0.258314565548 0.777856617247 0
0.272138003136 0.777856617247 0
0.28587824091 0.777856617247 0
0.299531494014 0.777856617247 0
0.313094063263 0.777856617247 0
0.326562338066 0.777856617247 0
0.339932799173 0.777856617247 0
0.353202021244 0.777856617247 0
0.366366675238 0.777856617247 0
0.379423530619 0.777856617247 0
0.392369457372 0.777856617247 0
0.405201427843 0.777856617247 0
0.417916518379 0.777856617247 0
0.430511910796 0.777856617247 0
0.442984893649 0.777856617247 0
0.45533286333 0.777856617247 0
0.467553324969 0.777856617247 0
0.479643893168 0.777856617247 0
0.491602292549 0.777856617247 0
0.503426358129 0.777856617247 0
0.515114035522 0.777856617247 0
0.526663380976 0.777856617247 0
0.538072561245 0.777856617247 0
0.549339853301 0.777856617247 0
0.56046364389 0.777856617247 0
0.571442428946 0.777856617247 0
0.582274812847 0.777856617247 0
0.59295950755 0.777856617247 0
0.603495331578 0.777856617247 0
0.613881208885 0.777856617247 0
0.624116167608 0.777856617247 0
0.634199338687 0.777856617247 0
0.644129954394 0.777856617247 0
0.653907346748 0.777856617247 0
0.663530945839 0.777856617247 0
0.673000278061 0.777856617247 0
0.682314964261 0.777856617247 0
0.691474717812 0.777856617247 0
0.700479342616 0.777856617247 0
0.709328731038 0.777856617247 0
0.71802286179 0.777856617247 0
0.726561797753 0.777856617247 0
0.734945683759 0.777856617247 0
0.743174744331 0.777856617247 0
0.751249281387 0.777856617247 0
0.759169671915 0.777856617247 0
0.766936365624 0.777856617247 0
0.774549882578 0.777856617247 0
0.782010810811 0.777856617247 0
0.789319803938 0.777856617247 0
0.796477578763 0.777856617247 0
0.803484912877 0.777856617247 0
0.810342642275 0.777856617247 0
0.817051658967 0.777856617247 0
0.823612908613 0.777856617247 0
0.830027388165 0.777856617247 0
0.836296143535 0.777856617247 0
0.842420267279 0.777856617247 0
0.848400896313 0.777856617247 0
0.854239209653 0.777856617247 0
0.859936426186 0.777856617247 0
0.865493802479 0.777856617247 0
0.870912630617 0.777856617247 0
0.876194236084 0.777856617247 0
0.88133997568 0.777856617247 0
0.886351235482 0.777856617247 0
0.891229428848 0.777856617247 0
0.89597599446 0.777856617247 0
0.90059239442 0.777856617247 0
0.905080112385 0.777856617247 0
0.909440651756 0.777856617247 0
0.913675533908 0.777856617247 0
0.917786296475 0.777856617247 0
0.921774491682 0.777856617247 0
0.925641684721 0.777856617247 0
0.929389452185 0.777856617247 0
0.933019380547 0.777856617247 0
0.93653306469 0.777856617247 0
0.939932106486 0.777856617247 0
0.943218113422 0.777856617247 0
0.946392697283 0.777856617247 0
0.949457472874 0.777856617247 0
0.952414056797 0.777856617247 0
0.955264066275 0.777856617247 0
0.95800911802 0.777856617247 0
0.96065082715 0.777856617247 0
0.963190806152 0.777856617247 0
0.965630663892 0.777856617247 0
0.967972004666 0.777856617247 0
0.970216427295 0.777856617247 0
0.972365524266 0.777856617247 0
0.974420880914 0.777856617247 0
0.976384074638 0.777856617247 0
0.978256674172 0.777856617247 0
0.980040238878 0.777856617247 0
0.981736318092 0.777856617247 0
0.983346450496 0.777856617247 0
0.984872163531 0.777856617247 0
0.986314972847 0.777856617247 0
0.987676381786 0.777856617247 0
0.988957880892 0.777856617247 0
0.990160947464 0.777856617247 0
0.991287045133 0.777856617247 0
0.992337623466 0.777856617247 0
0.993314117612 0.777856617247 0
0.994217947962 0.777856617247 0
0.995050519842 0.777856617247 0
0.995813223237 0.777856617247 0
0.99650743253 0.777856617247 0
0.997134506275 0.777856617247 0
0.997695786988 0.777856617247 0
0.99819260096 0.777856617247 0
0.998626258095 0.777856617247 0
0.998998051767 0.777856617247 0
0.999309258696 0.777856617247 0
0.999561138845 0.777856617247 0
0.99975493533 0.777856617247 0
0.999891874358 0.777856617247 0
0.999973165168 0.777856617247 0
1 0.777856617247 2
0 0.819335121075 4
0.0145977623868 0.819335121075 0
0.0291908592127 0.819335121075 0
0.043774629886 0.819335121075 0
0.0583444237423 0.819335121075 0
0.0728956049803 0.819335121075 0
0.0874235575645 0.819335121075 0
0.101923690084 0.819335121075 0
0.116391440556 0.819335121075 0
0.130822281167 0.819335121075 0
0.145211722932 0.819335121075 0
0.159555320275 0.819335121075 0
0.173848675514 0.819335121075 0
0.188087443236 0.819335121075 0
0.202267334564 0.819335121075 0
0.216384121301 0.819335121075 0
0.230433639947 0.819335121075 0
0.244411795571 0.819335121075 0
0.258314565548 0.819335121075 0
0.272138003136 0.819335121075 0
0.28587824091 0.819335121075 0
0.299531494014 0.819335121075 0
0.313094063263 0.819335121075 0
0.326562338066 0.819335121075 0
0.339932799173 0.819335121075 0
0.353202021244 0.819335121075 0
0.366366675238 0.819335121075 0
0.379423530619 0.819335121075 0
0.392369457372 0.819335121075 0
0.405201427843 0.819335121075 0
0.417916518379 0.819335121075 0
0.430511910796 0.819335121075 0
0.442984893649 0.819335121075 0
0.45533286333 0.819335121075 0
0.467553324969 0.819335121075 0
0.479643893168 0.819335121075 0
0.491602292549 0.819335121075 0
0.503426358129 0.819335121075 0
0.515114035522 0.819335121075 0
0.526663380976 0.819335121075 0
0.538072561245 0.819335121075 0
0.549339853301 0.819335121075 0
0.56046364389 0.819335121075 0
0.571442428946 0.819335121075 0
0.582274812847 0.819335121075 0
0.59295950755 0.819335121075 0
0.603495331578 0.819335121075 0
0.613881208885 0.819335121075 0
0.624116167608 0.819335121075 0
0.634199338687 0.819335121075 0
0.644129954394 0.819335121075 0
0.653907346748 0.819335121075 0
0.663530945839 0.819335121075 0
0.673000278061 0.819335121075 0
0.682314964261 0.819335121075 0
0.691474717812 0.819335121075 0
0.700479342616 0.819335121075 0
0.709328731038 0.819335121075 0
0.71802286179 0.819335121075 0
0.726561797753 0.819335121075 0
0.734945683759 0.819335121075 0
0.743174744331 0.819335121075 0
0.751249281387 0.819335121075 0
0.759169671915 0.819335121075 0
0.766936365624 0.819335121075 0
0.774549882578 0.819335121075 0
0.782010810811 0.819335121075 0
0.789319803938 0.819335121075 0
0.796477578763 0.819335121075 0
0.803484912877 0.819335121075 0
0.810342642275 0.819335121075 0
0.817051658967 0.819335121075 0
0.823612908613 0.819335121075 0
0.830027388165 0.819335121075 0
0.836296143535 0.819335121075 0
0.842420267279 0.819335121075 0
0.848400896313 0.819335121075 0
0.854239209653 0.819335121075 0
0.859936426186 0.819335121075 0
0.865493802479 0.819335121075 0
0.870912630617 0.819335121075 0
0.876194236084 0.819335121075 0
0.88133997568 0.819335121075 0
0.886351235482 0.819335121075 0
0.891229428848 0.819335121075 0
0.89597599446 0.819335121075 0
0.90059239442 0.819335121075 0
0.905080112385 0.819335121075 0
0.909440651756 0.819335121075 0
0.913675533908 0.819335121075 0
0.917786296475 0.819335121075 0
0.921774491682 0.819335121075 0
0.925641684721 0.819335121075 0
0.929389452185 0.819335121075 0
0.933019380547 0.819335121075 0
0.93653306469 0.819335121075 0
0.939932106486 0.819335121075 0
0.943218113422 0.819335121075 0
0.946392697283 0.819335121075 0
0.949457472874 0.819335121075 0
0.952414056797 0.819335121075 0
0.955264066275 0.819335121075 0
0.95800911802 0.819335121075 0
0.96065082715 0.819335121075 0
0.963190806152 0.819335121075 0
0.965630663892 0.819335121075 0
0.967972004666 0.819335121075 0
0.970216427295 0.819335121075 0
0.972365524266 0.819335121075 0
0.974420880914 0.819335121075 0
0.976384074638 0.819335121075 0
0.978256674172 0.819335121075 0
0.980040238878 0.819335121075 0
0.981736318092 0.819335121075 0
0.983346450496 0.819335121075 0
0.984872163531 0.819335121075 0
0.986314972847 0.819335121075 0
0.987676381786 0.819335121075 0
0.988957880892 0.819335121075 0
0.990160947464 0.819335121075 0
0.991287045133 0.819335121075 0
0.992337623466 0.819335121075 0
0.993314117612 0.819335121075 0
0.994217947962 0.819335121075 0
0.995050519842 0.819335121075 0
0.995813223237 0.819335121075 0
0.99650743253 0.819335121075 0
0.997134506275 0.819335121075 0
0.997695786988 0.819335121075 0
0.99819260096 0.819335121075 0
0.998626258095 0.819335121075 0
0.998998051767 0.819335121075 0
0.999309258696 0.819335121075 0
0.999561138845 0.819335121075 0
0.99975493533 0.819335121075 0
0.999891874358 0.819335121075 0
0.999973165168 0.819335121075 0
1 0.819335121075 2
0 0.861890988639 4
0.0145977623868 0.861890988639 0
0.0291908592127 0.861890988639 0
0.043774629886 0.861890988639 0
0.0583444237423 0.861890988639 0
0.0728956049803 0.861890988639 0
0.0874235575645 0.861890988639 0
0.101923690084 0.861890988639 0
0.116391440556 0.861890988639 0
0.130822281167 0.861890988639 0
0.145211722932 0.861890988639 0
0.159555320275 0.861890988639 0
0.173848675514 0.861890988639 0
0.188087443236 0.861890988639 0
0.202267334564 0.861890988639 0
0.216384121301 0.861890988639 0
0.230433639947 0.861890988639 0
0.244411795571 0.861890988639 0
0.258314565548 0.861890988639 0
0.272138003136 0.861890988639 0
0.28587824091 0.861890988639 0
0.299531494014 0.861890988639 0
0.313094063263 0.861890988639 0
0.326562338066 0.861890988639 0
0.339932799173 0.861890988639 0
0.353202021244 0.861890988639 0
0.366366675238 0.861890988639 0
0.379423530619 0.861890988639 0
0.392369457372 0.861890988639 0
0.405201427843 0.861890988639 0
0.417916518379 0.861890988639 0
0.430511910796 0.861890988639 0
0.442984893649 0.861890988639 0
0.45533286333 0.861890988639 0
0.467553324969 0.861890988639 0
0.479643893168 0.861890988639 0
0.491602292549 0.861890988639 0
0.503426358129 0.861890988639 0
0.515114035522 0.861890988639 0
0.526663380976 0.861890988639 0
0.538072561245 0.861890988639 0
0.549339853301 0.861890988639 0
0.56046364389 0.861890988639 0
0.571442428946 0.861890988639 0
0.582274812847 0.861890988639 0
0.59295950755 0.861890988639 0
0.603495331578 0.861890988639 0
0.613881208885 0.861890988639 0
0.624116167608 0.861890988639 0
0.634199338687 0.861890988639 0
0.644129954394 0.861890988639 0
0.653907346748 0.861890988639 0
0.663530945839 0.861890988639 0
0.673000278061 0.861890988639 0
0.682314964261 0.861890988639 0
0.691474717812 0.861890988639 0
0.700479342616 0.861890988639 0
0.709328731038 0.861890988639 0
0.71802286179 0.861890988639 0
0.726561797753 0.861890988639 0
0.734945683759 0.861890988639 0
0.743174744331 0.861890988639 0
0.751249281387 0.861890988639 0
0.759169671915 0.861890988639 0
0.766936365624 0.861890988639 0
0.774549882578 0.861890988639 0
0.782010810811 0.861890988639 0
0.789319803938 0.861890988639 0
0.796477578763 0.861890988639 0
0.803484912877 0.861890988639 0
0.810342642275 0.861890988639 0
0.817051658967 0.861890988639 0
0.823612908613 0.861890988639 0
0.830027388165 0.861890988639 0
0.836296143535 0.861890988639 0
0.842420267279 0.861890988639 0
0.848400896313 0.861890988639 0
0.854239209653 0.861890988639 0
0.859936426186 0.861890988639 0
0.865493802479 0.861890988639 0
0.870912630617 0.861890988639 0
0.876194236084 0.861890988639 0
0.88133997568 0.861890988639 0
0.886351235482 0.861890988639 0
0.891229428848 0.861890988639 0
0.89597599446 0.861890988639 0
0.90059239442 0.861890988639 0
0.905080112385 0.861890988639 0
0.909440651756 0.861890988639 0
0.913675533908 0.861890988639 0
0.917786296475 0.861890988639 0
0.921774491682 0.861890988639 0
0.925641684721 0.861890988639 0
0.929389452185 0.861890988639 0
0.933019380547 0.861890988639 0
0.93653306469 0.861890988639 0
0.939932106486 0.861890988639 0
0.943218113422 0.861890988639 0
0.946392697283 0.861890988639 0
0.949457472874 0.861890988639 0
0.952414056797 0.861890988639 0
0.955264066275 0.861890988639 0
0.95800911802 0.861890988639 0
0.96065082715 0.861890988639 0
0.963190806152 0.861890988639 0
0.965630663892 0.861890988639 0
0.967972004666 0.861890988639 0
0.970216427295 0.861890988639 0
0.972365524266 0.861890988639 0
0.974420880914 0.861890988639 0
0.976384074638 0.861890988639 0
0.978256674172 0.861890988639 0
0.980040238878 0.861890988639 0
0.981736318092 0.861890988639 0
0.983346450496 0.861890988639 0
0.984872163531 0.861890988639 0
0.986314972847 0.861890988639 0
0.987676381786 0.861890988639 0
0.988957880892 0.861890988639 0
0.990160947464 0.861890988639 0
0.991287045133 0.861890988639 0
0.992337623466 0.861890988639 0
0.993314117612 0.861890988639 0
0.994217947962 0.861890988639 0
0.995050519842 0.861890988639 0
0.995813223237 0.861890988639 0
0.99650743253 0.861890988639 0
0.997134506275 0.861890988639 0
0.997695786988 0.861890988639 0
0.99819260096 0.861890988639 0
0.998626258095 0.861890988639 0
0.998998051767 0.861890988639 0
0.999309258696 0.861890988639 0
0.999561138845 0.861890988639 0
0.99975493533 0.861890988639 0
0.999891874358 0.861890988639 0
0.999973165168 0.861890988639 0
1 0.861890988639 2
0 0.905524219939 4
0.0145977623868 0.905524219939 0
0.0291908592127 0.905524219939 0
0.043774629886 0.905524219939 0
0.0583444237423 0.905524219939 0
0.0728956049803 0.905524219939 0
0.0874235575645 0.905524219939 0
0.101923690084 0.905524219939 0
0.116391440556 0.905524219939 0
0.130822281167 0.905524219939 0
0.145211722932 0.905524219939 0
0.159555320275 0.905524219939 0
0.173848675514 0.905524219939 0
0.188087443236 0.905524219939 0
0.202267334564 0.905524219939 0
0.216384121301 0.905524219939 0
0.230433639947 0.905524219939 0
0.244411795571 0.905524219939 0
0.258314565548 0.905524219939 0
0.272138003136 0.905524219939 0
0.28587824091 0.905524219939 0
0.299531494014 0.905524219939 0
0.313094063263 0.905524219939 0
0.326562338066 0.905524219939 0
0.339932799173 0.905524219939 0
0.353202021244 0.905524219939 0
0.366366675238 0.905524219939 0
0.379423530619 0.905524219939 0
0.392369457372 0.905524219939 0
0.405201427843 0.905524219939 0
0.417916518379 0.905524219939 0
0.430511910796 0.905524219939 0
0.442984893649 0.905524219939 0
0.45533286333 0.905524219939 0
0.467553324969 0.905524219939 0
0.479643893168 0.905524219939 0
0.491602292549 0.905524219939 0
0.503426358129 0.905524219939 0
0.515114035522 0.905524219939 0
0.526663380976 0.905524219939 0
0.538072561245 0.905524219939 0
0.549339853301 0.905524219939 0
0.56046364389 0.905524219939 0
0.571442428946 0.905524219939 0
0.582274812847 0.905524219939 0
0.59295950755 0.905524219939 0
0.603495331578 0.905524219939 0
0.613881208885 0.905524219939 0
0.624116167608 0.905524219939 0
0.634199338687 0.905524219939 0
0.644129954394 0.905524219939 0
0.653907346748 0.905524219939 0
0.663530945839 0.905524219939 0
0.673000278061 0.905524219939 0
0.682314964261 0.905524219939 0
0.691474717812 0.905524219939 0
0.700479342616 0.905524219939 0
0.709328731038 0.905524219939 0
0.71802286179 0.905524219939 0
0.726561797753 0.905524219939 0
0.734945683759 0.905524219939 0
0.743174744331 0.905524219939 0
0.751249281387 0.905524219939 0
0.759169671915 0.905524219939 0
0.766936365624 0.905524219939 0
0.774549882578 0.905524219939 0
0.782010810811 0.905524219939 0
0.789319803938 0.905524219939 0
0.796477578763 0.905524219939 0
0.803484912877 0.905524219939 0
0.810342642275 0.905524219939 0
0.817051658967 0.905524219939 0
0.823612908613 0.905524219939 0
0.830027388165 0.905524219939 0
0.836296143535 0.905524219939 0
0.842420267279 0.905524219939 0
0.848400896313 0.905524219939 0
0.854239209653 0.905524219939 0
0.859936426186 0.905524219939 0
0.865493802479 0.905524219939 0
0.870912630617 0.905524219939 0
0.876194236084 0.905524219939 0
0.88133997568 0.905524219939 0
0.886351235482 0.905524219939 0
0.891229428848 0.905524219939 0
0.89597599446 0.905524219939 0
0.90059239442 0.905524219939 0
0.905080112385 0.905524219939 0
0.909440651756 0.905524219939 0
0.913675533908 0.905524219939 0
0.917786296475 0.905524219939 0
0.921774491682 0.905524219939 0
0.925641684721 0.905524219939 0
0.929389452185 0.905524219939 0
0.933019380547 0.905524219939 0
0.93653306469 0.905524219939 0
0.939932106486 0.905524219939 0
0.943218113422 0.905524219939 0
0.946392697283 0.905524219939 0
0.949457472874 0.905524219939 0
0.952414056797 0.905524219939 0
0.955264066275 0.905524219939 0
0.95800911802 0.905524219939 0
0.96065082715 0.905524219939 0
0.963190806152 0.905524219939 0
0.965630663892 0.905524219939 0
0.967972004666 0.905524219939 0
0.970216427295 0.905524219939 0
0.972365524266 0.905524219939 0
0.974420880914 0.905524219939 0
0.976384074638 0.905524219939 0
0.978256674172 0.905524219939 0
0.980040238878 0.905524219939 0
0.981736318092 0.905524219939 0
0.983346450496 0.905524219939 0
0.984872163531 0.905524219939 0
0.986314972847 0.905524219939 0
0.987676381786 0.905524219939 0
0.988957880892 0.905524219939 0
0.990160947464 0.905524219939 0
0.991287045133 0.905524219939 0
0.992337623466 0.905524219939 0
0.993314117612 0.905524219939 0
0.994217947962 0.905524219939 0
0.995050519842 0.905524219939 0
0.995813223237 0.905524219939 0
0.99650743253 0.905524219939 0
0.997134506275 0.905524219939 0
0.997695786988 0.905524219939 0
0.99819260096 0.905524219939 0
0.998626258095 0.905524219939 0
0.998998051767 0.905524219939 0
0.999309258696 0.905524219939 0
0.999561138845 0.905524219939 0
0.99975493533 0.905524219939 0
0.999891874358 0.905524219939 0
0.999973165168 0.905524219939 0
1 0.905524219939 2
0 0.950234814975 4
0.0145977623868 0.950234814975 0
0.0291908592127 0.950234814975 0
0.043774629886 0.950234814975 0
0.0583444237423 0.950234814975 0
0.0728956049803 0.950234814975 0
0.0874235575645 0.950234814975 0
0.101923690084 0.950234814975 0
0.116391440556 0.950234814975 0
0.130822281167 0.950234814975 0
0.145211722932 0.950234814975 0
0.159555320275 0.950234814975 0
0.173848675514 0.950234814975 0
0.188087443236 0.950234814975 0
0.202267334564 0.950234814975 0
0.216384121301 0.950234814975 0
0.230433639947 0.950234814975 0
0.244411795571 0.950234814975 0
0.258314565548 0.950234814975 0
0.272138003136 0.950234814975 0
0.28587824091 0.950234814975 0
0.299531494014 0.950234814975 0
0.313094063263 0.950234814975 0
0.326562338066 0.950234814975 0
0.339932799173 0.950234814975 0
0.353202021244 0.950234814975 0
0.366366675238 0.950234814975 0
0.379423530619 0.950234814975 0
0.392369457372 0.950234814975 0
0.405201427843 0.950234814975 0
0.417916518379 0.950234814975 0
0.430511910796 0.950234814975 0
0.442984893649 0.950234814975 0
0.45533286333 0.950234814975 0
0.467553324969 0.950234814975 0
0.479643893168 0.950234814975 0
0.491602292549 0.950234814975 0
0.503426358129 0.950234814975 0
0.515114035522 0.950234814975 0
0.526663380976 0.950234814975 0
0.538072561245 0.950234814975 0
0.549339853301 0.950234814975 0
0.56046364389 0.950234814975 0
0.571442428946 0.950234814975 0
0.582274812847 0.950234814975 0
0.59295950755 0.950234814975 0
0.603495331578 0.950234814975 0
0.613881208885 0.950234814975 0
0.624116167608 0.950234814975 0
0.634199338687 0.950234814975 0
0.644129954394 0.950234814975 0
0.653907346748 0.950234814975 0
0.663530945839 0.950234814975 0
0.673000278061 0.950234814975 0
0.682314964261 0.950234814975 0
0.691474717812 0.950234814975 0
0.700479342616 0.950234814975 0
0.709328731038 0.950234814975 0
0.71802286179 0.950234814975 0
0.726561797753 0.950234814975 0
0.734945683759 0.950234814975 0
0.743174744331 0.950234814975 0
0.751249281387 0.950234814975 0
0.759169671915 0.950234814975 0
0.766936365624 0.950234814975 0
0.774549882578 0.950234814975 0
0.782010810811 0.950234814975 0
0.789319803938 0.950234814975 0
0.796477578763 0.950234814975 0
0.803484912877 0.950234814975 0
0.810342642275 0.950234814975 0
0.817051658967 0.950234814975 0
0.823612908613 0.950234814975 0
0.830027388165 0.950234814975 0
0.836296143535 0.950234814975 0
0.842420267279 0.950234814975 0
0.848400896313 0.950234814975 0
0.854239209653 0.950234814975 0
0.859936426186 0.950234814975 0
0.865493802479 0.950234814975 0
0.870912630617 0.950234814975 0
0.876194236084 0.950234814975 0
0.88133997568 0.950234814975 0
0.886351235482 0.950234814975 0
0.891229428848 0.950234814975 0
0.89597599446 0.950234814975 0
0.90059239442 0.950234814975 0
0.905080112385 0.950234814975 0
0.909440651756 0.950234814975 0
0.913675533908 0.950234814975 0
0.917786296475 0.950234814975 0
0.921774491682 0.950234814975 0
0.925641684721 0.950234814975 0
0.929389452185 0.950234814975 0
0.933019380547 0.950234814975 0
0.93653306469 0.950234814975 0
0.939932106486 0.950234814975 0
0.943218113422 0.950234814975 0
0.946392697283 0.950234814975 0
0.949457472874 0.950234814975 0
0.952414056797 0.950234814975 0
0.955264066275 0.950234814975 0
0.95800911802 0.950234814975 0
0.96065082715 0.950234814975 0
0.963190806152 0.950234814975 0
0.965630663892 0.950234814975 0
0.967972004666 0.950234814975 0
0.970216427295 0.950234814975 0
0.972365524266 0.950234814975 0
0.974420880914 0.950234814975 0
0.976384074638 0.950234814975 0
0.978256674172 0.950234814975 0
0.980040238878 0.950234814975 0
0.981736318092 0.950234814975 0
0.983346450496 0.950234814975 0
0.984872163531 0.950234814975 0
0.986314972847 0.950234814975 0
0.987676381786 0.950234814975 0
0.988957880892 0.950234814975 0
0.990160947464 0.950234814975 0
0.991287045133 0.950234814975 0
0.992337623466 0.950234814975 0
0.993314117612 0.950234814975 0
0.994217947962 0.950234814975 0
0.995050519842 0.950234814975 0
0.995813223237 0.950234814975 0
0.99650743253 0.950234814975 0
0.997134506275 0.950234814975 0
0.997695786988 0.950234814975 0
0.99819260096 0.950234814975 0
0.998626258095 0.950234814975 0
0.998998051767 0.950234814975 0
0.999309258696 0.950234814975 0
0.999561138845 0.950234814975 0
0.99975493533 0.950234814975 0
0.999891874358 0.950234814975 0
0.999973165168 0.950234814975 0
1 0.950234814975 2
0 0.996022773746 4
0.0145977623868 0.996022773746 0
0.0291908592127 0.996022773746 0
0.043774629886 0.996022773746 0
0.0583444237423 0.996022773746 0
0.0728956049803 0.996022773746 0
0.0874235575645 0.996022773746 0
0.101923690084 0.996022773746 0
0.116391440556 0.996022773746 0
0.130822281167 0.996022773746 0
0.145211722932 0.996022773746 0
0.159555320275 0.996022773746 0
0.173848675514 0.996022773746 0
0.188087443236 0.996022773746 0
0.202267334564 0.996022773746 0
0.216384121301 0.996022773746 0
0.230433639947 0.996022773746 0
0.244411795571 0.996022773746 0
0.258314565548 0.996022773746 0
0.272138003136 0.996022773746 0
0.28587824091 0.996022773746 0
0.299531494014 0.996022773746 0
0.313094063263 0.996022773746 0
0.326562338066 0.996022773746 0
0.339932799173 0.996022773746 0
0.353202021244 0.996022773746 0
0.366366675238 0.996022773746 0
0.379423530619 0.996022773746 0
0.392369457372 0.996022773746 0
0.405201427843 0.996022773746 0
0.417916518379 0.996022773746 0
0.430511910796 0.996022773746 0
0.442984893649 0.996022773746 0
0.45533286333 0.996022773746 0
0.467553324969 0.996022773746 0
0.479643893168 0.996022773746 0
0.491602292549 0.996022773746 0
0.503426358129 0.996022773746 0
0.515114035522 0.996022773746 0
0.526663380976 0.996022773746 0
0.538072561245 0.996022773746 0
0.549339853301 0.996022773746 0
0.56046364389 0.996022773746 0
0.571442428946 0.996022773746 0
0.582274812847 0.996022773746 0
0.59295950755 0.996022773746 0
0.603495331578 0.996022773746 0
0.613881208885 0.996022773746 0
0.624116167608 0.996022773746 0
0.634199338687 0.996022773746 0
0.644129954394 0.996022773746 0
0.653907346748 0.996022773746 0
0.663530945839 0.996022773746 0
0.673000278061 0.996022773746 0
0.682314964261 0.996022773746 0
0.691474717812 0.996022773746 0
0.700479342616 0.996022773746 0
0.709328731038 0.996022773746 0
0.71802286179 0.996022773746 0
0.726561797753 0.996022773746 0
0.734945683759 0.996022773746 0
0.743174744331 0.996022773746 0
0.751249281387 0.996022773746 0
0.759169671915 0.996022773746 0
0.766936365624 0.996022773746 0
0.774549882578 0.996022773746 0
0.782010810811 0.996022773746 0
0.789319803938 0.996022773746 0
0.796477578763 0.996022773746 0
0.803484912877 0.996022773746 0
0.810342642275 0.996022773746 0
0.817051658967 0.996022773746 0
0.823612908613 0.996022773746 0
0.830027388165 0.996022773746 0
0.836296143535 0.996022773746 0
0.842420267279 0.996022773746 0
0.848400896313 0.996022773746 0
0.854239209653 0.996022773746 0
0.859936426186 0.996022773746 0
0.865493802479 0.996022773746 0
0.870912630617 0.996022773746 0
0.876194236084 0.996022773746 0
0.88133997568 0.996022773746 0
0.886351235482 0.996022773746 0
0.891229428848 0.996022773746 0
0.89597599446 0.996022773746 0
0.90059239442 0.996022773746 0
0.905080112385 0.996022773746 0
0.909440651756 0.996022773746 0
0.913675533908 0.996022773746 0
0.917786296475 0.996022773746 0
0.921774491682 0.996022773746 0
0.925641684721 0.996022773746 0
0.929389452185 0.996022773746 0
0.933019380547 0.996022773746 0
0.93653306469 0.996022773746 0
0.939932106486 0.996022773746 0
0.943218113422 0.996022773746 0
0.946392697283 0.996022773746 0
0.949457472874 0.996022773746 0
0.952414056797 0.996022773746 0
0.955264066275 0.996022773746 0
0.95800911802 0.996022773746 0
0.96065082715 0.996022773746 0
0.963190806152 0.996022773746 0
0.965630663892 0.996022773746 0
0.967972004666 0.996022773746 0
0.970216427295 0.996022773746 0
0.972365524266 0.996022773746 0
0.974420880914 0.996022773746 0
0.976384074638 0.996022773746 0
0.978256674172 0.996022773746 0
0.980040238878 0.996022773746 0
0.981736318092 0.996022773746 0
0.983346450496 0.996022773746 0
0.984872163531 0.996022773746 0
0.986314972847 0.996022773746 0
0.987676381786 0.996022773746 0
0.988957880892 0.996022773746 0
0.990160947464 0.996022773746 0
0.991287045133 0.996022773746 0
0.992337623466 0.996022773746 0
0.993314117612 0.996022773746 0
0.994217947962 0.996022773746 0
0.995050519842 0.996022773746 0
0.995813223237 0.996022773746 0
0.99650743253 0.996022773746 0
0.997134506275 0.996022773746 0
0.997695786988 0.996022773746 0
0.99819260096 0.996022773746 0
0.998626258095 0.996022773746 0
0.998998051767 0.996022773746 0
0.999309258696 0.996022773746 0
0.999561138845 0.996022773746 0
0.99975493533 0.996022773746 0
0.999891874358 0.996022773746 0
0.999973165168 0.996022773746 0
1 0.996022773746 2
0 1.04288809625 4
0.0145977623868 1.04288809625 0
0.0291908592127 1.04288809625 0
0.043774629886 1.04288809625 0
0.0583444237423 1.04288809625 0
0.0728956049803 1.04288809625 0
0.0874235575645 1.04288809625 0
0.101923690084 1.04288809625 0
0.116391440556 1.04288809625 0
0.130822281167 1.04288809625 0
0.145211722932 1.04288809625 0
0.159555320275 1.04288809625 0
0.173848675514 1.04288809625 0
0.188087443236 1.04288809625 0
0.202267334564 1.04288809625 0
0.216384121301 1.04288809625 0
0.230433639947 1.04288809625 0
0.244411795571 1.04288809625 0
0.258314565548 1.04288809625 0
0.272138003136 1.04288809625 0
0.28587824091 1.04288809625 0
0.299531494014 1.04288809625 0
0.313094063263 1.04288809625 0
0.326562338066 1.04288809625 0
0.339932799173 1.04288809625 0
0.353202021244 1.04288809625 0
0.366366675238 1.04288809625 0
0.379423530619 1.04288809625 0
0.392369457372 1.04288809625 0
0.405201427843 1.04288809625 0
0.417916518379 1.04288809625 0
0.430511910796 1.04288809625 0
0.442984893649 1.04288809625 0
0.45533286333 1.04288809625 0
0.467553324969 1.04288809625 0
0.479643893168 1.04288809625 0
0.491602292549 1.04288809625 0
0.503426358129 1.04288809625 0
0.515114035522 1.04288809625 0
0.526663380976 1.04288809625 0
0.538072561245 1.04288809625 0
0.549339853301 1.04288809625 0
0.56046364389 1.04288809625 0
0.571442428946 1.04288809625 0
0.582274812847 1.04288809625 0
0.59295950755 1.04288809625 0
0.603495331578 1.04288809625 0
0.613881208885 1.04288809625 0
0.624116167608 1.04288809625 0
0.634199338687 1.04288809625 0
0.644129954394 1.04288809625 0
0.653907346748 1.04288809625 0
0.663530945839 1.04288809625 0
0.673000278061 1.04288809625 0
0.682314964261 1.04288809625 0
0.691474717812 1.04288809625 0
0.700479342616 1.04288809625 0
0.709328731038 1.04288809625 0
0.71802286179 1.04288809625 0
0.726561797753 1.04288809625 0
0.734945683759 1.04288809625 0
0.743174744331 1.04288809625 0
0.751249281387 1.04288809625 0
0.759169671915 1.04288809625 0
0.766936365624 1.04288809625 0
0.774549882578 1.04288809625 0
0.782010810811 1.04288809625 0
0.789319803938 1.04288809625 0
0.796477578763 1.04288809625 0
0.803484912877 1.04288809625 0
0.810342642275 1.04288809625 0
0.817051658967 1.04288809625 0
0.823612908613 1.04288809625 0
0.830027388165 1.04288809625 0
0.836296143535 1.04288809625 0
0.842420267279 1.04288809625 0
0.848400896313 1.04288809625 0
0.854239209653 1.04288809625 0
0.859936426186 1.04288809625 0
0.865493802479 1.04288809625 0
0.870912630617 1.04288809625 0
0.876194236084 1.04288809625 0
0.88133997568 1.04288809625 0
0.886351235482 1.04288809625 0
0.891229428848 1.04288809625 0
0.89597599446 1.04288809625 0
0.90059239442 1.04288809625 0
0.905080112385 1.04288809625 0
0.909440651756 1.04288809625 0
0.913675533908 1.04288809625 0
0.917786296475 1.04288809625 0
0.921774491682 1.04288809625 0
0.925641684721 1.04288809625 0
0.929389452185 1.04288809625 0
0.933019380547 1.04288809625 0
0.93653306469 1.04288809625 0
0.939932106486 1.04288809625 0
0.943218113422 1.04288809625 0
0.946392697283 1.04288809625 0
0.949457472874 1.04288809625 0
0.952414056797 1.04288809625 0
0.955264066275 1.04288809625 0
0.95800911802 1.04288809625 0
0.96065082715 1.04288809625 0
0.963190806152 1.04288809625 0
0.965630663892 1.04288809625 0
0.967972004666 1.04288809625 0
0.970216427295 1.04288809625 0
0.972365524266 1.04288809625 0
0.974420880914 1.04288809625 0
0.976384074638 1.04288809625 0
0.978256674172 1.04288809625 0
0.980040238878 1.04288809625 0
0.981736318092 1.04288809625 0
0.983346450496 1.04288809625 0
0.984872163531 1.04288809625 0
0.986314972847 1.04288809625 0
0.987676381786 1.04288809625 0
0.988957880892 1.04288809625 0
0.990160947464 1.04288809625 0
0.991287045133 1.04288809625 0
0.992337623466 1.04288809625 0
0.993314117612 1.04288809625 0
0.994217947962 1.04288809625 0
0.995050519842 1.04288809625 0
0.995813223237 1.04288809625 0
0.99650743253 1.04288809625 0
0.997134506275 1.04288809625 0
0.997695786988 1.04288809625 0
0.99819260096 1.04288809625 0
0.998626258095 1.04288809625 0
0.998998051767 1.04288809625 0
0.999309258696 1.04288809625 0
0.999561138845 1.04288809625 0
0.99975493533 1.04288809625 0
0.999891874358 1.04288809625 0
0.999973165168 1.04288809625 0
1 1.04288809625 2
0 1.0908307825 4
0.0145977623868 1.0908307825 0
0.0291908592127 1.0908307825 0
0.043774629886 1.0908307825 0
0.0583444237423 1.0908307825 0
0.0728956049803 1.0908307825 0
0.0874235575645 1.0908307825 0
0.101923690084 1.0908307825 0
0.116391440556 1.0908307825 0
0.130822281167 1.0908307825 0
0.145211722932 1.0908307825 0
0.159555320275 1.0908307825 0
0.173848675514 1.0908307825 0
0.188087443236 1.0908307825 0
0.202267334564 1.0908307825 0
0.216384121301 1.0908307825 0
0.230433639947 1.0908307825 0
0.244411795571 1.0908307825 0
0.258314565548 1.0908307825 0
0.272138003136 1.0908307825 0
0.28587824091 1.0908307825 0
0.299531494014 1.0908307825 0
0.313094063263 1.0908307825 0
0.326562338066 1.0908307825 0
0.339932799173 1.0908307825 0
0.353202021244 1.0908307825 0
0.366366675238 1.0908307825 0
0.379423530619 1.0908307825 0
0.392369457372 1.0908307825 0
0.405201427843 1.0908307825 0
0.417916518379 1.0908307825 0
0.430511910796 1.0908307825 0
0.442984893649 1.0908307825 0
0.45533286333 1.0908307825 0
0.467553324969 1.0908307825 0
0.479643893168 1.0908307825 0
0.491602292549 1.0908307825 0
0.503426358129 1.0908307825 0
0.515114035522 1.0908307825 0
0.526663380976 1.0908307825 0
0.538072561245 1.0908307825 0
0.549339853301 1.0908307825 0
0.56046364389 1.0908307825 0
0.571442428946 1.0908307825 0
0.582274812847 1.0908307825 0
0.59295950755 1.0908307825 0
0.603495331578 1.0908307825 0
0.613881208885 1.0908307825 0
0.624116167608 1.0908307825 0
0.634199338687 1.0908307825 0
0.644129954394 1.0908307825 0
0.653907346748 1.0908307825 0
0.663530945839 1.0908307825 0
0.673000278061 1.0908307825 0
0.682314964261 1.0908307825 0
0.691474717812 1.0908307825 0
0.700479342616 1.0908307825 0
0.709328731038 1.0908307825 0
0.71802286179 1.0908307825 0
0.726561797753 1.0908307825 0
0.734945683759 1.0908307825 0
0.743174744331 1.0908307825 0
0.751249281387 1.0908307825 0
0.759169671915 1.0908307825 0
0.766936365624 1.0908307825 0
0.774549882578 1.0908307825 0
0.782010810811 1.0908307825 0
0.789319803938 1.0908307825 0
0.796477578763 1.0908307825 0
0.803484912877 1.0908307825 0
0.810342642275 1.0908307825 0
0.817051658967 1.0908307825 0
0.823612908613 1.0908307825 0
0.830027388165 1.0908307825 0
0.836296143535 1.0908307825 0
0.842420267279 1.0908307825 0
0.848400896313 1.0908307825 0
0.854239209653 1.0908307825 0
0.859936426186 1.0908307825 0
0.865493802479 1.0908307825 0
0.870912630617 1.0908307825 0
0.876194236084 1.0908307825 0
0.88133997568 1.0908307825 0
0.886351235482 1.0908307825 0
0.891229428848 1.0908307825 0
0.89597599446 1.0908307825 0
0.90059239442 1.0908307825 0
0.905080112385 1.0908307825 0
0.909440651756 1.0908307825 0
0.913675533908 1.0908307825 0
0.917786296475 1.0908307825 0
0.921774491682 1.0908307825 0
0.925641684721 1.0908307825 0
0.929389452185 1.0908307825 0
0.933019380547 1.0908307825 0
0.93653306469 1.0908307825 0
0.939932106486 1.0908307825 0
0.943218113422 1.0908307825 0
0.946392697283 1.0908307825 0
0.949457472874 1.0908307825 0
0.952414056797 1.0908307825 0
0.955264066275 1.0908307825 0
0.95800911802 1.0908307825 0
0.96065082715 1.0908307825 0
0.963190806152 1.0908307825 0
0.965630663892 1.0908307825 0
0.967972004666 1.0908307825 0
0.970216427295 1.0908307825 0
0.972365524266 1.0908307825 0
0.974420880914 1.0908307825 0
0.976384074638 1.0908307825 0
0.978256674172 1.0908307825 0
0.980040238878 1.0908307825 0
0.981736318092 1.0908307825 0
0.983346450496 1.0908307825 0
0.984872163531 1.0908307825 0
0.986314972847 1.0908307825 0
0.987676381786 1.0908307825 0
0.988957880892 1.0908307825 0
0.990160947464 1.0908307825 0
0.991287045133 1.0908307825 0
0.992337623466 1.0908307825 0
0.993314117612 1.0908307825 0
0.994217947962 1.0908307825 0
0.995050519842 1.0908307825 0
0.995813223237 1.0908307825 0
0.99650743253 1.0908307825 0
0.997134506275 1.0908307825 0
0.997695786988 1.0908307825 0
0.99819260096 1.0908307825 0
0.998626258095 1.0908307825 0
0.998998051767 1.0908307825 0
0.999309258696 1.0908307825 0
0.999561138845 1.0908307825 0
0.99975493533 1.0908307825 0
0.999891874358 1.0908307825 0
0.999973165168 1.0908307825 0
1 1.0908307825 2
0 1.13985083248 4
0.0145977623868 1.13985083248 0
0.0291908592127 1.13985083248 0
0.043774629886 1.13985083248 0
0.0583444237423 1.13985083248 0
0.0728956049803 1.13985083248 0
0.0874235575645 1.13985083248 0
0.101923690084 1.13985083248 0
0.116391440556 1.13985083248 0
0.130822281167 1.13985083248 0
0.145211722932 1.13985083248 0
0.159555320275 1.13985083248 0
0.173848675514 1.13985083248 0
0.188087443236 1.13985083248 0
0.202267334564 1.13985083248 0
0.216384121301 1.13985083248 0
0.230433639947 1.13985083248 0
0.244411795571 1.13985083248 0
0.258314565548 1.13985083248 0
0.272138003136 1.13985083248 0
0.28587824091 1.13985083248 0
0.299531494014 1.13985083248 0
0.313094063263 1.13985083248 0
0.326562338066 1.13985083248 0
0.339932799173 1.13985083248 0
0.353202021244 1.13985083248 0
0.366366675238 1.13985083248 0
0.379423530619 1.13985083248 0
0.392369457372 1.13985083248 0
0.405201427843 1.13985083248 0
0.417916518379 1.13985083248 0
0.430511910796 1.13985083248 0
0.442984893649 1.13985083248 0
0.45533286333 1.13985083248 0
0.467553324969 1.13985083248 0
0.479643893168 1.13985083248 0
0.491602292549 1.13985083248 0
0.503426358129 1.13985083248 0
0.515114035522 1.13985083248 0
0.526663380976 1.13985083248 0
0.538072561245 1.13985083248 0
0.549339853301 1.13985083248 0
0.56046364389 1.13985083248 0
0.571442428946 1.13985083248 0
0.582274812847 1.13985083248 0
0.59295950755 1.13985083248 0
0.603495331578 1.13985083248 0
0.613881208885 1.13985083248 0
0.624116167608 1.13985083248 0
0.634199338687 1.13985083248 0
0.644129954394 1.13985083248 0
0.653907346748 1.13985083248 0
0.663530945839 1.13985083248 0
0.673000278061 1.13985083248 0
0.682314964261 1.13985083248 0
0.691474717812 1.13985083248 0
0.700479342616 1.13985083248 0
0.709328731038 1.13985083248 0
0.71802286179 1.13985083248 0
0.726561797753 1.13985083248 0
0.734945683759 1.13985083248 0
0.743174744331 1.13985083248 0
0.751249281387 1.13985083248 0
0.759169671915 1.13985083248 0
0.766936365624 1.13985083248 0
0.774549882578 1.13985083248 0
0.782010810811 1.13985083248 0
0.789319803938 1.13985083248 0
0.796477578763 1.13985083248 0
0.803484912877 1.13985083248 0
0.810342642275 1.13985083248 0
0.817051658967 1.13985083248 0
0.823612908613 1.13985083248 0
0.830027388165 1.13985083248 0
0.836296143535 1.13985083248 0
0.842420267279 1.13985083248 0
0.848400896313 1.13985083248 0
0.854239209653 1.13985083248 0
0.859936426186 1.13985083248 0
0.865493802479 1.13985083248 0
0.870912630617 1.13985083248 0
0.876194236084 1.13985083248 0
0.88133997568 1.13985083248 0
0.886351235482 1.13985083248 0
0.891229428848 1.13985083248 0
0.89597599446 1.13985083248 0
0.90059239442 1.13985083248 0
0.905080112385 1.13985083248 0
0.909440651756 1.13985083248 0
0.913675533908 1.13985083248 0
0.917786296475 1.13985083248 0
0.921774491682 1.13985083248 0
0.925641684721 1.13985083248 0
0.929389452185 1.13985083248 0
0.933019380547 1.13985083248 0
0.93653306469 1.13985083248 0
0.939932106486 1.13985083248 0
0.943218113422 1.13985083248 0
0.946392697283 1.13985083248 0
0.949457472874 1.13985083248 0
0.952414056797 1.13985083248 0
0.955264066275 1.13985083248 0
0.95800911802 1.13985083248 0
0.96065082715 1.13985083248 0
0.963190806152 1.13985083248 0
0.965630663892 1.13985083248 0
0.967972004666 1.13985083248 0
0.970216427295 1.13985083248 0
0.972365524266 1.13985083248 0
0.974420880914 1.13985083248 0
0.976384074638 1.13985083248 0
0.978256674172 1.13985083248 0
0.980040238878 1.13985083248 0
0.981736318092 1.13985083248 0
0.983346450496 1.13985083248 0
0.984872163531 1.13985083248 0
0.986314972847 1.13985083248 0
0.987676381786 1.13985083248 0
0.988957880892 1.13985083248 0
0.990160947464 1.13985083248 0
0.991287045133 1.13985083248 0
0.992337623466 1.13985083248 0
0.993314117612 1.13985083248 0
0.994217947962 1.13985083248 0
0.995050519842 1.13985083248 0
0.995813223237 1.13985083248 0
0.99650743253 1.13985083248 0
0.997134506275 1.13985083248 0
0.997695786988 1.13985083248 0
0.99819260096 1.13985083248 0
0.998626258095 1.13985083248 0
0.998998051767 1.13985083248 0
0.999309258696 1.13985083248 0
0.999561138845 1.13985083248 0
0.99975493533 1.13985083248 0
0.999891874358 1.13985083248 0
0.999973165168 1.13985083248 0
1 1.13985083248 2
0 1.18994824619 4
0.0145977623868 1.18994824619 0
0.0291908592127 1.18994824619 0
0.043774629886 1.18994824619 0
0.0583444237423 1.18994824619 0
0.0728956049803 1.18994824619 0
0.0874235575645 1.18994824619 0
0.101923690084 1.18994824619 0
0.116391440556 1.18994824619 0
0.130822281167 1.18994824619 0
0.145211722932 1.18994824619 0
0.159555320275 1.18994824619 0
0.173848675514 1.18994824619 0
0.188087443236 1.18994824619 0
0.202267334564 1.18994824619 0
0.216384121301 1.18994824619 0
0.230433639947 1.18994824619 0
0.244411795571 1.18994824619 0
0.258314565548 1.18994824619 0
0.272138003136 1.18994824619 0
0.28587824091 1.18994824619 0
0.299531494014 1.18994824619 0
0.313094063263 1.18994824619 0
0.326562338066 1.18994824619 0
0.339932799173 1.18994824619 0
0.353202021244 1.18994824619 0
0.366366675238 1.18994824619 0
0.379423530619 1.18994824619 0
0.392369457372 1.18994824619 0
0.405201427843 1.18994824619 0
0.417916518379 1.18994824619 0
0.430511910796 1.18994824619 0
0.442984893649 1.18994824619 0
0.45533286333 1.18994824619 0
0.467553324969 1.18994824619 0
0.479643893168 1.18994824619 0
0.491602292549 1.18994824619 0
0.503426358129 1.18994824619 0
0.515114035522 1.18994824619 0
0.526663380976 1.18994824619 0
0.538072561245 1.18994824619 0
0.549339853301 1.18994824619 0
0.56046364389 1.18994824619 0
0.571442428946 1.18994824619 0
0.582274812847 1.18994824619 0
0.59295950755 1.18994824619 0
0.603495331578 1.18994824619 0
0.613881208885 1.18994824619 0
0.624116167608 1.18994824619 0
0.634199338687 1.18994824619 0
0.644129954394 1.18994824619 0
0.653907346748 1.18994824619 0
0.663530945839 1.18994824619 0
0.673000278061 1.18994824619 0
0.682314964261 1.18994824619 0
0.691474717812 1.18994824619 0
0.700479342616 1.18994824619 0
0.709328731038 1.18994824619 0
0.71802286179 1.18994824619 0
0.726561797753 1.18994824619 0
0.734945683759 1.18994824619 0
0.743174744331 1.18994824619 0
0.751249281387 1.18994824619 0
0.759169671915 1.18994824619 0
0.766936365624 1.18994824619 0
0.774549882578 1.18994824619 0
0.782010810811 1.18994824619 0
0.789319803938 1.18994824619 0
0.796477578763 1.18994824619 0
0.803484912877 1.18994824619 0
0.810342642275 1.18994824619 0
0.817051658967 1.18994824619 0
0.823612908613 1.18994824619 0
0.830027388165 1.18994824619 0
0.836296143535 1.18994824619 0
0.842420267279 1.18994824619 0
0.848400896313 1.18994824619 0
0.854239209653 1.18994824619 0
0.859936426186 1.18994824619 0
0.865493802479 1.18994824619 0
0.870912630617 1.18994824619 0
0.876194236084 1.18994824619 0
0.88133997568 1.18994824619 0
0.886351235482 1.18994824619 0
0.891229428848 1.18994824619 0
0.89597599446 1.18994824619 0
0.90059239442 1.18994824619 0
0.905080112385 1.18994824619 0
0.909440651756 1.18994824619 0
0.913675533908 1.18994824619 0
0.917786296475 1.18994824619 0
0.921774491682 1.18994824619 0
0.925641684721 1.18994824619 0
0.929389452185 1.18994824619 0
0.933019380547 1.18994824619 0
0.93653306469 1.18994824619 0
0.939932106486 1.18994824619 0
0.943218113422 1.18994824619 0
0.946392697283 1.18994824619 0
0.949457472874 1.18994824619 0
0.952414056797 1.18994824619 0
0.955264066275 1.18994824619 0
0.95800911802 1.18994824619 0
0.96065082715 1.18994824619 0
0.963190806152 1.18994824619 0
0.965630663892 1.18994824619 0
0.967972004666 1.18994824619 0
0.970216427295 1.18994824619 0
0.972365524266 1.18994824619 0
0.974420880914 1.18994824619 0
0.976384074638 1.18994824619 0
0.978256674172 1.18994824619 0
0.980040238878 1.18994824619 0
0.981736318092 1.18994824619 0
0.983346450496 1.18994824619 0
0.984872163531 1.18994824619 0
0.986314972847 1.18994824619 0
0.987676381786 1.18994824619 0
0.988957880892 1.18994824619 0
0.990160947464 1.18994824619 0
0.991287045133 1.18994824619 0
0.992337623466 1.18994824619 0
0.993314117612 1.18994824619 0
0.994217947962 1.18994824619 0
0.995050519842 1.18994824619 0
0.995813223237 1.18994824619 0
0.99650743253 1.18994824619 0
0.997134506275 1.18994824619 0
0.997695786988 1.18994824619 0
0.99819260096 1.18994824619 0
0.998626258095 1.18994824619 0
0.998998051767 1.18994824619 0
0.999309258696 1.18994824619 0
0.999561138845 1.18994824619 0
0.99975493533 1.18994824619 0
0.999891874358 1.18994824619 0
0.999973165168 1.18994824619 0
1 1.18994824619 2
0 1.24112302364 4
0.0145977623868 1.24112302364 0
0.0291908592127 1.24112302364 0
0.043774629886 1.24112302364 0
0.0583444237423 1.24112302364 0
0.0728956049803 1.24112302364 0
0.0874235575645 1.24112302364 0
0.101923690084 1.24112302364 0
0.116391440556 1.24112302364 0
0.130822281167 1.24112302364 0
0.145211722932 1.24112302364 0
0.159555320275 1.24112302364 0
0.173848675514 1.24112302364 0
0.188087443236 1.24112302364 0
0.202267334564 1.24112302364 0
0.216384121301 1.24112302364 0
0.230433639947 1.24112302364 0
0.244411795571 1.24112302364 0
0.258314565548 1.24112302364 0
0.272138003136 1.24112302364 0
0.28587824091 1.24112302364 0
0.299531494014 1.24112302364 0
0.313094063263 1.24112302364 0
0.326562338066 1.24112302364 0
0.339932799173 1.24112302364 0
0.353202021244 1.24112302364 0
0.366366675238 1.24112302364 0
0.379423530619 1.24112302364 0
0.392369457372 1.24112302364 0
0.405201427843 1.24112302364 0
0.417916518379 1.24112302364 0
0.430511910796 1.24112302364 0
0.442984893649 1.24112302364 0
0.45533286333 1.24112302364 0
0.467553324969 1.24112302364 0
0.479643893168 1.24112302364 0
0.491602292549 1.24112302364 0
0.503426358129 1.24112302364 0
0.515114035522 1.24112302364 0
0.526663380976 1.24112302364 0
0.538072561245 1.24112302364 0
0.549339853301 1.24112302364 0
0.56046364389 1.24112302364 0
0.571442428946 1.24112302364 0
0.582274812847 1.24112302364 0
0.59295950755 1.24112302364 0
0.603495331578 1.24112302364 0
0.613881208885 1.24112302364 0
0.624116167608 1.24112302364 0
0.634199338687 1.24112302364 0
0.644129954394 1.24112302364 0
0.653907346748 1.24112302364 0
0.663530945839 1.24112302364 0
0.673000278061 1.24112302364 0
0.682314964261 1.24112302364 0
0.691474717812 1.24112302364 0
0.700479342616 1.24112302364 0
0.709328731038 1.24112302364 0
0.71802286179 1.24112302364 0
0.726561797753 1.24112302364 0
0.734945683759 1.24112302364 0
0.743174744331 1.24112302364 0
0.751249281387 1.24112302364 0
0.759169671915 1.24112302364 0
0.766936365624 1.24112302364 0
0.774549882578 1.24112302364 0
0.782010810811 1.24112302364 0
0.789319803938 1.24112302364 0
0.796477578763 1.24112302364 0
0.803484912877 1.24112302364 0
0.810342642275 1.24112302364 0
0.817051658967 1.24112302364 0
0.823612908613 1.24112302364 0
0.830027388165 1.24112302364 0
0.836296143535 1.24112302364 0
0.842420267279 1.24112302364 0
0.848400896313 1.24112302364 0
0.854239209653 1.24112302364 0
0.859936426186 1.24112302364 0
0.865493802479 1.24112302364 0
0.870912630617 1.24112302364 0
0.876194236084 1.24112302364 0
0.88133997568 1.24112302364 0
0.886351235482 1.24112302364 0
0.891229428848 1.24112302364 0
0.89597599446 1.24112302364 0
0.90059239442 1.24112302364 0
0.905080112385 1.24112302364 0
0.909440651756 1.24112302364 0
0.913675533908 1.24112302364 0
0.917786296475 1.24112302364 0
0.921774491682 1.24112302364 0
0.925641684721 1.24112302364 0
0.929389452185 1.24112302364 0
0.933019380547 1.24112302364 0
0.93653306469 1.24112302364 0
0.939932106486 1.24112302364 0
0.943218113422 1.24112302364 0
0.946392697283 1.24112302364 0
0.949457472874 1.24112302364 0
0.952414056797 1.24112302364 0
0.955264066275 1.24112302364 0
0.95800911802 1.24112302364 0
0.96065082715 1.24112302364 0
0.963190806152 1.24112302364 0
0.965630663892 1.24112302364 0
0.967972004666 1.24112302364 0
0.970216427295 1.24112302364 0
0.972365524266 1.24112302364 0
0.974420880914 1.24112302364 0
0.976384074638 1.24112302364 0
0.978256674172 1.24112302364 0
0.980040238878 1.24112302364 0
0.981736318092 1.24112302364 0
0.983346450496 1.24112302364 0
0.984872163531 1.24112302364 0
0.986314972847 1.24112302364 0
0.987676381786 1.24112302364 0
0.988957880892 1.24112302364 0
0.990160947464 1.24112302364 0
0.991287045133 1.24112302364 0
0.992337623466 1.24112302364 0
0.993314117612 1.24112302364 0
0.994217947962 1.24112302364 0
0.995050519842 1.24112302364 0
0.995813223237 1.24112302364 0
0.99650743253 1.24112302364 0
0.997134506275 1.24112302364 0
0.997695786988 1.24112302364 0
0.99819260096 1.24112302364 0
0.998626258095 1.24112302364 0
0.998998051767 1.24112302364 0
0.999309258696 1.24112302364 0
0.999561138845 1.24112302364 0
0.99975493533 1.24112302364 0
0.999891874358 1.24112302364 0
0.999973165168 1.24112302364 0
1 1.24112302364 2
0 1.29337516483 4
0.0145977623868 1.29337516483 0
0.0291908592127 1.29337516483 0
0.043774629886 1.29337516483 0
0.0583444237423 1.29337516483 0
0.0728956049803 1.29337516483 0
0.0874235575645 1.29337516483 0
0.101923690084 1.29337516483 0
0.116391440556 1.29337516483 0
0.130822281167 1.29337516483 0
0.145211722932 1.29337516483 0
0.159555320275 1.29337516483 0
0.173848675514 1.29337516483 0
0.188087443236 1.29337516483 0
0.202267334564 1.29337516483 0
0.216384121301 1.29337516483 0
0.230433639947 1.29337516483 0
0.244411795571 1.29337516483 0
0.258314565548 1.29337516483 0
0.272138003136 1.29337516483 0
0.28587824091 1.29337516483 0
0.299531494014 1.29337516483 0
0.313094063263 1.29337516483 0
0.326562338066 1.29337516483 0
0.339932799173 1.29337516483 0
0.353202021244 1.29337516483 0
0.366366675238 1.29337516483 0
0.379423530619 1.29337516483 0
0.392369457372 1.29337516483 0
0.405201427843 1.29337516483 0
0.417916518379 1.29337516483 0
0.430511910796 1.29337516483 0
0.442984893649 1.29337516483 0
0.45533286333 1.29337516483 0
0.467553324969 1.29337516483 0
0.479643893168 1.29337516483 0
0.491602292549 1.29337516483 0
0.503426358129 1.29337516483 0
0.515114035522 1.29337516483 0
0.526663380976 1.29337516483 0
0.538072561245 1.29337516483 0
0.549339853301 1.29337516483 0
0.56046364389 1.29337516483 0
0.571442428946 1.29337516483 0
0.582274812847 1.29337516483 0
0.59295950755 1.29337516483 0
0.603495331578 1.29337516483 0
0.613881208885 1.29337516483 0
0.624116167608 1.29337516483 0
0.634199338687 1.29337516483 0
0.644129954394 1.29337516483 0
0.653907346748 1.29337516483 0
0.663530945839 1.29337516483 0
0.673000278061 1.29337516483 0
0.682314964261 1.29337516483 0
0.691474717812 1.29337516483 0
0.700479342616 1.29337516483 0
0.709328731038 1.29337516483 0
0.71802286179 1.29337516483 0
0.726561797753 1.29337516483 0
0.734945683759 1.29337516483 0
0.743174744331 1.29337516483 0
0.751249281387 1.29337516483 0
0.759169671915 1.29337516483 0
0.766936365624 1.29337516483 0
0.774549882578 1.29337516483 0
0.782010810811 1.29337516483 0
0.789319803938 1.29337516483 0
0.796477578763 1.29337516483 0
0.803484912877 1.29337516483 0
0.810342642275 1.29337516483 0
0.817051658967 1.29337516483 0
0.823612908613 1.29337516483 0
0.830027388165 1.29337516483 0
0.836296143535 1.29337516483 0
0.842420267279 1.29337516483 0
0.848400896313 1.29337516483 0
0.854239209653 1.29337516483 0
0.859936426186 1.29337516483 0
0.865493802479 1.29337516483 0
0.870912630617 1.29337516483 0
0.876194236084 1.29337516483 0
0.88133997568 1.29337516483 0
0.886351235482 1.29337516483 0
0.891229428848 1.29337516483 0
0.89597599446 1.29337516483 0
0.90059239442 1.29337516483 0
0.905080112385 1.29337516483 0
0.909440651756 1.29337516483 0
0.913675533908 1.29337516483 0
0.917786296475 1.29337516483 0
0.921774491682 1.29337516483 0
0.925641684721 1.29337516483 0
0.929389452185 1.29337516483 0
0.933019380547 1.29337516483 0
0.93653306469 1.29337516483 0
0.939932106486 1.29337516483 0
0.943218113422 1.29337516483 0
0.946392697283 1.29337516483 0
0.949457472874 1.29337516483 0
0.952414056797 1.29337516483 0
0.955264066275 1.29337516483 0
0.95800911802 1.29337516483 0
0.96065082715 1.29337516483 0
0.963190806152 1.29337516483 0
0.965630663892 1.29337516483 0
0.967972004666 1.29337516483 0
0.970216427295 1.29337516483 0
0.972365524266 1.29337516483 0
0.974420880914 1.29337516483 0
0.976384074638 1.29337516483 0
0.978256674172 1.29337516483 0
0.980040238878 1.29337516483 0
0.981736318092 1.29337516483 0
0.983346450496 1.29337516483 0
0.984872163531 1.29337516483 0
0.986314972847 1.29337516483 0
0.987676381786 1.29337516483 0
0.988957880892 1.29337516483 0
0.990160947464 1.29337516483 0
0.991287045133 1.29337516483 0
0.992337623466 1.29337516483 0
0.993314117612 1.29337516483 0
0.994217947962 1.29337516483 0
0.995050519842 1.29337516483 0
0.995813223237 1.29337516483 0
0.99650743253 1.29337516483 0
0.997134506275 1.29337516483 0
0.997695786988 1.29337516483 0
0.99819260096 1.29337516483 0
0.998626258095 1.29337516483 0
0.998998051767 1.29337516483 0
0.999309258696 1.29337516483 0
0.999561138845 1.29337516483 0
0.99975493533 1.29337516483 0
0.999891874358 1.29337516483 0
0.999973165168 1.29337516483 0
1 1.29337516483 2
0 1.34670466975 4
0.0145977623868 1.34670466975 0
0.0291908592127 1.34670466975 0
0.043774629886 1.34670466975 0
0.0583444237423 1.34670466975 0
0.0728956049803 1.34670466975 0
0.0874235575645 1.34670466975 0
0.101923690084 1.34670466975 0
0.116391440556 1.34670466975 0
0.130822281167 1.34670466975 0
0.145211722932 1.34670466975 0
0.159555320275 1.34670466975 0
0.173848675514 1.34670466975 0
0.188087443236 1.34670466975 0
0.202267334564 1.34670466975 0
0.216384121301 1.34670466975 0
0.230433639947 1.34670466975 0
0.244411795571 1.34670466975 0
0.258314565548 1.34670466975 0
0.272138003136 1.34670466975 0
0.28587824091 1.34670466975 0
0.299531494014 1.34670466975 0
0.313094063263 1.34670466975 0
0.326562338066 1.34670466975 0
0.339932799173 1.34670466975 0
0.353202021244 1.34670466975 0
0.366366675238 1.34670466975 0
0.379423530619 1.34670466975 0
0.392369457372 1.34670466975 0
0.405201427843 1.34670466975 0
0.417916518379 1.34670466975 0
0.430511910796 1.34670466975 0
0.442984893649 1.34670466975 0
0.45533286333 1.34670466975 0
0.467553324969 1.34670466975 0
0.479643893168 1.34670466975 0
0.491602292549 1.34670466975 0
0.503426358129 1.34670466975 0
0.515114035522 1.34670466975 0
0.526663380976 1.34670466975 0
0.538072561245 1.34670466975 0
0.549339853301 1.34670466975 0
0.56046364389 1.34670466975 0
0.571442428946 1.34670466975 0
0.582274812847 1.34670466975 0
0.59295950755 1.34670466975 0
0.603495331578 1.34670466975 0
0.613881208885 1.34670466975 0
0.624116167608 1.34670466975 0
0.634199338687 1.34670466975 0
0.644129954394 1.34670466975 0
0.653907346748 1.34670466975 0
0.663530945839 1.34670466975 0
0.673000278061 1.34670466975 0
0.682314964261 1.34670466975 0
0.691474717812 1.34670466975 0
0.700479342616 1.34670466975 0
0.709328731038 1.34670466975 0
0.71802286179 1.34670466975 0
0.726561797753 1.34670466975 0
0.734945683759 1.34670466975 0
0.743174744331 1.34670466975 0
0.751249281387 1.34670466975 0
0.759169671915 1.34670466975 0
0.766936365624 1.34670466975 0
0.774549882578 1.34670466975 0
0.782010810811 1.34670466975 0
0.789319803938 1.34670466975 0
0.796477578763 1.34670466975 0
0.803484912877 1.34670466975 0
0.810342642275 1.34670466975 0
0.817051658967 1.34670466975 0
0.823612908613 1.34670466975 0
0.830027388165 1.34670466975 0
0.836296143535 1.34670466975 0
0.842420267279 1.34670466975 0
0.848400896313 1.34670466975 0
0.854239209653 1.34670466975 0
0.859936426186 1.34670466975 0
0.865493802479 1.34670466975 0
0.870912630617 1.34670466975 0
0.876194236084 1.34670466975 0
0.88133997568 1.34670466975 0
0.886351235482 1.34670466975 0
0.891229428848 1.34670466975 0
0.89597599446 1.34670466975 0
0.90059239442 1.34670466975 0
0.905080112385 1.34670466975 0
0.909440651756 1.34670466975 0
0.913675533908 1.34670466975 0
0.917786296475 1.34670466975 0
0.921774491682 1.34670466975 0
0.925641684721 1.34670466975 0
0.929389452185 1.34670466975 0
0.933019380547 1.34670466975 0
0.93653306469 1.34670466975 0
0.939932106486 1.34670466975 0
0.943218113422 1.34670466975 0
0.946392697283 1.34670466975 0
0.949457472874 1.34670466975 0
0.952414056797 1.34670466975 0
0.955264066275 1.34670466975 0
0.95800911802 1.34670466975 0
0.96065082715 1.34670466975 0
0.963190806152 1.34670466975 0
0.965630663892 1.34670466975 0
0.967972004666 1.34670466975 0
0.970216427295 1.34670466975 0
0.972365524266 1.34670466975 0
0.974420880914 1.34670466975 0
0.976384074638 1.34670466975 0
0.978256674172 1.34670466975 0
0.980040238878 1.34670466975 0
0.981736318092 1.34670466975 0
0.983346450496 1.34670466975 0
0.984872163531 1.34670466975 0
0.986314972847 1.34670466975 0
0.987676381786 1.34670466975 0
0.988957880892 1.34670466975 0
0.990160947464 1.34670466975 0
0.991287045133 1.34670466975 0
0.992337623466 1.34670466975 0
0.993314117612 1.34670466975 0
0.994217947962 1.34670466975 0
0.995050519842 1.34670466975 0
0.995813223237 1.34670466975 0
0.99650743253 1.34670466975 0
0.997134506275 1.34670466975 0
0.997695786988 1.34670466975 0
0.99819260096 1.34670466975 0
0.998626258095 1.34670466975 0
0.998998051767 1.34670466975 0
0.999309258696 1.34670466975 0
0.999561138845 1.34670466975 0
0.99975493533 1.34670466975 0
0.999891874358 1.34670466975 0
0.999973165168 1.34670466975 0
1 1.34670466975 2
0 1.40111153841 4
0.0145977623868 1.40111153841 0
0.0291908592127 1.40111153841 0
0.043774629886 1.40111153841 0
0.0583444237423 1.40111153841 0
0.0728956049803 1.40111153841 0
0.0874235575645 1.40111153841 0
0.101923690084 1.40111153841 0
0.116391440556 1.40111153841 0
0.130822281167 1.40111153841 0
0.145211722932 1.40111153841 0
0.159555320275 1.40111153841 0
0.173848675514 1.40111153841 0
0.188087443236 1.40111153841 0
0.202267334564 1.40111153841 0
0.216384121301 1.40111153841 0
0.230433639947 1.40111153841 0
0.244411795571 1.40111153841 0
0.258314565548 1.40111153841 0
0.272138003136 1.40111153841 0
0.28587824091 1.40111153841 0
0.299531494014 1.40111153841 0
0.313094063263 1.40111153841 0
0.326562338066 1.40111153841 0
0.339932799173 1.40111153841 0
0.353202021244 1.40111153841 0
0.366366675238 1.40111153841 0
0.379423530619 1.40111153841 0
0.392369457372 1.40111153841 0
0.405201427843 1.40111153841 0
0.417916518379 1.40111153841 0
0.430511910796 1.40111153841 0
0.442984893649 1.40111153841 0
0.45533286333 1.40111153841 0
0.467553324969 1.40111153841 0
0.479643893168 1.40111153841 0
0.491602292549 1.40111153841 0
0.503426358129 1.40111153841 0
0.515114035522 1.40111153841 0
0.526663380976 1.40111153841 0
0.538072561245 1.40111153841 0
0.549339853301 1.40111153841 0
0.56046364389 1.40111153841 0
0.571442428946 1.40111153841 0
0.582274812847 1.40111153841 0
0.59295950755 1.40111153841 0
0.603495331578 1.40111153841 0
0.613881208885 1.40111153841 0
0.624116167608 1.40111153841 0
0.634199338687 1.40111153841 0
0.644129954394 1.40111153841 0
0.653907346748 1.40111153841 0
0.663530945839 1.40111153841 0
0.673000278061 1.40111153841 0
0.682314964261 1.40111153841 0
0.691474717812 1.40111153841 0
0.700479342616 1.40111153841 0
0.709328731038 1.40111153841 0
0.71802286179 1.40111153841 0
0.726561797753 1.40111153841 0
0.734945683759 1.40111153841 0
0.743174744331 1.40111153841 0
0.751249281387 1.40111153841 0
0.759169671915 1.40111153841 0
0.766936365624 1.40111153841 0
0.774549882578 1.40111153841 0
0.782010810811 1.40111153841 0
0.789319803938 1.40111153841 0
0.796477578763 1.40111153841 0
0.803484912877 1.40111153841 0
0.810342642275 1.40111153841 0
0.817051658967 1.40111153841 0
0.823612908613 1.40111153841 0
0.830027388165 1.40111153841 0
0.836296143535 1.40111153841 0
0.842420267279 1.40111153841 0
0.848400896313 1.40111153841 0
0.854239209653 1.40111153841 0
0.859936426186 1.40111153841 0
0.865493802479 1.40111153841 0
0.870912630617 1.40111153841 0
0.876194236084 1.40111153841 0
0.88133997568 1.40111153841 0
0.886351235482 1.40111153841 0
0.891229428848 1.40111153841 0
0.89597599446 1.40111153841 0
0.90059239442 1.40111153841 0
0.905080112385 1.40111153841 0
0.909440651756 1.40111153841 0
0.913675533908 1.40111153841 0
0.917786296475 1.40111153841 0
0.921774491682 1.40111153841 0
0.925641684721 1.40111153841 0
0.929389452185 1.40111153841 0
0.933019380547 1.40111153841 0
0.93653306469 1.40111153841 0
0.939932106486 1.40111153841 0
0.943218113422 1.40111153841 0
0.946392697283 1.40111153841 0
0.949457472874 1.40111153841 0
0.952414056797 1.40111153841 0
0.955264066275 1.40111153841 0
0.95800911802 1.40111153841 0
0.96065082715 1.40111153841 0
0.963190806152 1.40111153841 0
0.965630663892 1.40111153841 0
0.967972004666 1.40111153841 0
0.970216427295 1.40111153841 0
0.972365524266 1.40111153841 0
0.974420880914 1.40111153841 0
0.976384074638 1.40111153841 0
0.978256674172 1.40111153841 0
0.980040238878 1.40111153841 0
0.981736318092 1.40111153841 0
0.983346450496 1.40111153841 0
0.984872163531 1.40111153841 0
0.986314972847 1.40111153841 0
0.987676381786 1.40111153841 0
0.988957880892 1.40111153841 0
0.990160947464 1.40111153841 0
0.991287045133 1.40111153841 0
0.992337623466 1.40111153841 0
0.993314117612 1.40111153841 0
0.994217947962 1.40111153841 0
0.995050519842 1.40111153841 0
0.995813223237 1.40111153841 0
0.99650743253 1.40111153841 0
0.997134506275 1.40111153841 0
0.997695786988 1.40111153841 0
0.99819260096 1.40111153841 0
0.998626258095 1.40111153841 0
0.998998051767 1.40111153841 0
0.999309258696 1.40111153841 0
0.999561138845 1.40111153841 0
0.99975493533 1.40111153841 0
0.999891874358 1.40111153841 0
0.999973165168 1.40111153841 0
1 1.40111153841 2
0 1.4565957708 4
0.0145977623868 1.4565957708 0
0.0291908592127 1.4565957708 0
0.043774629886 1.4565957708 0
0.0583444237423 1.4565957708 0
0.0728956049803 1.4565957708 0
0.0874235575645 1.4565957708 0
0.101923690084 1.4565957708 0
0.116391440556 1.4565957708 0
0.130822281167 1.4565957708 0
0.145211722932 1.4565957708 0
0.159555320275 1.4565957708 0
0.173848675514 1.4565957708 0
0.188087443236 1.4565957708 0
0.202267334564 1.4565957708 0
0.216384121301 1.4565957708 0
0.230433639947 1.4565957708 0
0.244411795571 1.4565957708 0
0.258314565548 1.4565957708 0
0.272138003136 1.4565957708 0
0.28587824091 1.4565957708 0
0.299531494014 1.4565957708 0
0.313094063263 1.4565957708 0
0.326562338066 1.4565957708 0
0.339932799173 1.4565957708 0
0.353202021244 1.4565957708 0
0.366366675238 1.4565957708 0
0.379423530619 1.4565957708 0
0.392369457372 1.4565957708 0
0.405201427843 1.4565957708 0
0.417916518379 1.4565957708 0
0.430511910796 1.4565957708 0
0.442984893649 1.4565957708 0
0.45533286333 1.4565957708 0
0.467553324969 1.4565957708 0
0.479643893168 1.4565957708 0
0.491602292549 1.4565957708 0
0.503426358129 1.4565957708 0
0.515114035522 1.4565957708 0
0.526663380976 1.4565957708 0
0.538072561245 1.4565957708 0
0.549339853301 1.4565957708 0
0.56046364389 1.4565957708 0
0.571442428946 1.4565957708 0
0.582274812847 1.4565957708 0
0.59295950755 1.4565957708 0
0.603495331578 1.4565957708 0
0.613881208885 1.4565957708 0
0.624116167608 1.4565957708 0
0.634199338687 1.4565957708 0
0.644129954394 1.4565957708 0
0.653907346748 1.4565957708 0
0.663530945839 1.4565957708 0
0.673000278061 1.4565957708 0
0.682314964261 1.4565957708 0
0.691474717812 1.4565957708 0
0.700479342616 1.4565957708 0
0.709328731038 1.4565957708 0
0.71802286179 1.4565957708 0
0.726561797753 1.4565957708 0
0.734945683759 1.4565957708 0
0.743174744331 1.4565957708 0
0.751249281387 1.4565957708 0
0.759169671915 1.4565957708 0
0.766936365624 1.4565957708 0
0.774549882578 1.4565957708 0
0.782010810811 1.4565957708 0
0.789319803938 1.4565957708 0
0.796477578763 1.4565957708 0
0.803484912877 1.4565957708 0
0.810342642275 1.4565957708 0
0.817051658967 1.4565957708 0
0.823612908613 1.4565957708 0
0.830027388165 1.4565957708 0
0.836296143535 1.4565957708 0
0.842420267279 1.4565957708 0
0.848400896313 1.4565957708 0
0.854239209653 1.4565957708 0
0.859936426186 1.4565957708 0
0.865493802479 1.4565957708 0
0.870912630617 1.4565957708 0
0.876194236084 1.4565957708 0
0.88133997568 1.4565957708 0
0.886351235482 1.4565957708 0
0.891229428848 1.4565957708 0
0.89597599446 1.4565957708 0
0.90059239442 1.4565957708 0
0.905080112385 1.4565957708 0
0.909440651756 1.4565957708 0
0.913675533908 1.4565957708 0
0.917786296475 1.4565957708 0
0.921774491682 1.4565957708 0
0.925641684721 1.4565957708 0
0.929389452185 1.4565957708 0
0.933019380547 1.4565957708 0
0.93653306469 1.4565957708 0
0.939932106486 1.4565957708 0
0.943218113422 1.4565957708 0
0.946392697283 1.4565957708 0
0.949457472874 1.4565957708 0
0.952414056797 1.4565957708 0
0.955264066275 1.4565957708 0
0.95800911802 1.4565957708 0
0.96065082715 1.4565957708 0
0.963190806152 1.4565957708 0
0.965630663892 1.4565957708 0
0.967972004666 1.4565957708 0
0.970216427295 1.4565957708 0
0.972365524266 1.4565957708 0
0.974420880914 1.4565957708 0
0.976384074638 1.4565957708 0
0.978256674172 1.4565957708 0
0.980040238878 1.4565957708 0
0.981736318092 1.4565957708 0
0.983346450496 1.4565957708 0
0.984872163531 1.4565957708 0
0.986314972847 1.4565957708 0
0.987676381786 1.4565957708 0
0.988957880892 1.4565957708 0
0.990160947464 1.4565957708 0
0.991287045133 1.4565957708 0
0.992337623466 1.4565957708 0
0.993314117612 1.4565957708 0
0.994217947962 1.4565957708 0
0.995050519842 1.4565957708 0
0.995813223237 1.4565957708 0
0.99650743253 1.4565957708 0
0.997134506275 1.4565957708 0
0.997695786988 1.4565957708 0
0.99819260096 1.4565957708 0
0.998626258095 1.4565957708 0
0.998998051767 1.4565957708 0
0.999309258696 1.4565957708 0
0.999561138845 1.4565957708 0
0.99975493533 1.4565957708 0
0.999891874358 1.4565957708 0
0.999973165168 1.4565957708 0
1 1.4565957708 2
0 1.51315736693 4
0.0145977623868 1.51315736693 0
0.0291908592127 1.51315736693 0
0.043774629886 1.51315736693 0
0.0583444237423 1.51315736693 0
0.0728956049803 1.51315736693 0
0.0874235575645 1.51315736693 0
0.101923690084 1.51315736693 0
0.116391440556 1.51315736693 0
0.130822281167 1.51315736693 0
0.145211722932 1.51315736693 0
0.159555320275 1.51315736693 0
0.173848675514 1.51315736693 0
0.188087443236 1.51315736693 0
0.202267334564 1.51315736693 0
0.216384121301 1.51315736693 0
0.230433639947 1.51315736693 0
0.244411795571 1.51315736693 0
0.258314565548 1.51315736693 0
0.272138003136 1.51315736693 0
0.28587824091 1.51315736693 0
0.299531494014 1.51315736693 0
0.313094063263 1.51315736693 0
0.326562338066 1.51315736693 0
0.339932799173 1.51315736693 0
0.353202021244 1.51315736693 0
0.366366675238 1.51315736693 0
0.379423530619 1.51315736693 0
0.392369457372 1.51315736693 0
0.405201427843 1.51315736693 0
0.417916518379 1.51315736693 0
0.430511910796 1.51315736693 0
0.442984893649 1.51315736693 0
0.45533286333 1.51315736693 0
0.467553324969 1.51315736693 0
0.479643893168 1.51315736693 0
0.491602292549 1.51315736693 0
0.503426358129 1.51315736693 0
0.515114035522 1.51315736693 0
0.526663380976 1.51315736693 0
0.538072561245 1.51315736693 0
0.549339853301 1.51315736693 0
0.56046364389 1.51315736693 0
0.571442428946 1.51315736693 0
0.582274812847 1.51315736693 0
0.59295950755 1.51315736693 0
0.603495331578 1.51315736693 0
0.613881208885 1.51315736693 0
0.624116167608 1.51315736693 0
0.634199338687 1.51315736693 0
0.644129954394 1.51315736693 0
0.653907346748 1.51315736693 0
0.663530945839 1.51315736693 0
0.673000278061 1.51315736693 0
0.682314964261 1.51315736693 0
0.691474717812 1.51315736693 0
0.700479342616 1.51315736693 0
0.709328731038 1.51315736693 0
0.71802286179 1.51315736693 0
0.726561797753 1.51315736693 0
0.734945683759 1.51315736693 0
0.743174744331 1.51315736693 0
0.751249281387 1.51315736693 0
0.759169671915 1.51315736693 0
0.766936365624 1.51315736693 0
0.774549882578 1.51315736693 0
0.782010810811 1.51315736693 0
0.789319803938 1.51315736693 0
0.796477578763 1.51315736693 0
0.803484912877 1.51315736693 0
0.810342642275 1.51315736693 0
0.817051658967 1.51315736693 0
0.823612908613 1.51315736693 0
0.830027388165 1.51315736693 0
0.836296143535 1.51315736693 0
0.842420267279 1.51315736693 0
0.848400896313 1.51315736693 0
0.854239209653 1.51315736693 0
0.859936426186 1.51315736693 0
0.865493802479 1.51315736693 0
0.870912630617 1.51315736693 0
0.876194236084 1.51315736693 0
0.88133997568 1.51315736693 0
0.886351235482 1.51315736693 0
0.891229428848 1.51315736693 0
0.89597599446 1.51315736693 0
0.90059239442 1.51315736693 0
0.905080112385 1.51315736693 0
0.909440651756 1.51315736693 0
0.913675533908 1.51315736693 0
0.917786296475 1.51315736693 0
0.921774491682 1.51315736693 0
0.925641684721 1.51315736693 0
0.929389452185 1.51315736693 0
0.933019380547 1.51315736693 0
0.93653306469 1.51315736693 0
0.939932106486 1.51315736693 0
0.943218113422 1.51315736693 0
0.946392697283 1.51315736693 0
0.949457472874 1.51315736693 0
0.952414056797 1.51315736693 0
0.955264066275 1.51315736693 0
0.95800911802 1.51315736693 0
0.96065082715 1.51315736693 0
0.963190806152 1.51315736693 0
0.965630663892 1.51315736693 0
0.967972004666 1.51315736693 0
0.970216427295 1.51315736693 0
0.972365524266 1.51315736693 0
0.974420880914 1.51315736693 0
0.976384074638 1.51315736693 0
0.978256674172 1.51315736693 0
0.980040238878 1.51315736693 0
0.981736318092 1.51315736693 0
0.983346450496 1.51315736693 0
0.984872163531 1.51315736693 0
0.986314972847 1.51315736693 0
0.987676381786 1.51315736693 0
0.988957880892 1.51315736693 0
0.990160947464 1.51315736693 0
0.991287045133 1.51315736693 0
0.992337623466 1.51315736693 0
0.993314117612 1.51315736693 0
0.994217947962 1.51315736693 0
0.995050519842 1.51315736693 0
0.995813223237 1.51315736693 0
0.99650743253 1.51315736693 0
0.997134506275 1.51315736693 0
0.997695786988 1.51315736693 0
0.99819260096 1.51315736693 0
0.998626258095 1.51315736693 0
0.998998051767 1.51315736693 0
0.999309258696 1.51315736693 0
0.999561138845 1.51315736693 0
0.99975493533 1.51315736693 0
0.999891874358 1.51315736693 0
0.999973165168 1.51315736693 0
1 1.51315736693 2
0 1.57079632679 4
0.0145977623868 1.57079632679 3
0.0291908592127 1.57079632679 3
0.043774629886 1.57079632679 3
0.0583444237423 1.57079632679 3
0.0728956049803 1.57079632679 3
0.0874235575645 1.57079632679 3
0.101923690084 1.57079632679 3
0.116391440556 1.57079632679 3
0.130822281167 1.57079632679 3
0.145211722932 1.57079632679 3
0.159555320275 1.57079632679 3
0.173848675514 1.57079632679 3
0.188087443236 1.57079632679 3
0.202267334564 1.57079632679 3
0.216384121301 1.57079632679 3
0.230433639947 1.57079632679 3
0.244411795571 1.57079632679 3
0.258314565548 1.57079632679 3
0.272138003136 1.57079632679 3
0.28587824091 1.57079632679 3
0.299531494014 1.57079632679 3
0.313094063263 1.57079632679 3
0.326562338066 1.57079632679 3
0.339932799173 1.57079632679 3
0.353202021244 1.57079632679 3
0.366366675238 1.57079632679 3
0.379423530619 1.57079632679 3
0.392369457372 1.57079632679 3
0.405201427843 1.57079632679 3
0.417916518379 1.57079632679 3
0.430511910796 1.57079632679 3
0.442984893649 1.57079632679 3
0.45533286333 1.57079632679 3
0.467553324969 1.57079632679 3
0.479643893168 1.57079632679 3
0.491602292549 1.57079632679 3
0.503426358129 1.57079632679 3
0.515114035522 1.57079632679 3
0.526663380976 1.57079632679 3
0.538072561245 1.57079632679 3
0.549339853301 1.57079632679 3
0.56046364389 1.57079632679 3
0.571442428946 1.57079632679 3
0.582274812847 1.57079632679 3
0.59295950755 1.57079632679 3
0.603495331578 1.57079632679 3
0.613881208885 1.57079632679 3
0.624116167608 1.57079632679 3
0.634199338687 1.57079632679 3
0.644129954394 1.57079632679 3
0.653907346748 1.57079632679 3
0.663530945839 1.57079632679 3
0.673000278061 1.57079632679 3
0.682314964261 1.57079632679 3
0.691474717812 1.57079632679 3
0.700479342616 1.57079632679 3
0.709328731038 1.57079632679 3
0.71802286179 1.57079632679 3
0.726561797753 1.57079632679 3
0.734945683759 1.57079632679 3
0.743174744331 1.57079632679 3
0.751249281387 1.57079632679 3
0.759169671915 1.57079632679 3
0.766936365624 1.57079632679 3
0.774549882578 1.57079632679 3
0.782010810811 1.57079632679 3
0.789319803938 1.57079632679 3
0.796477578763 1.57079632679 3
0.803484912877 1.57079632679 3
0.810342642275 1.57079632679 3
0.817051658967 1.57079632679 3
0.823612908613 1.57079632679 3
0.830027388165 1.57079632679 3
0.836296143535 1.57079632679 3
0.842420267279 1.57079632679 3
0.848400896313 1.57079632679 3
0.854239209653 1.57079632679 3
0.859936426186 1.57079632679 3
0.865493802479 1.57079632679 3
0.870912630617 1.57079632679 3
0.876194236084 1.57079632679 3
0.88133997568 1.57079632679 3
0.886351235482 1.57079632679 3
0.891229428848 1.57079632679 3
0.89597599446 1.57079632679 3
0.90059239442 1.57079632679 3
0.905080112385 1.57079632679 3
0.909440651756 1.57079632679 3
0.913675533908 1.57079632679 3
0.917786296475 1.57079632679 3
0.921774491682 1.57079632679 3
0.925641684721 1.57079632679 3
0.929389452185 1.57079632679 3
0.933019380547 1.57079632679 3
0.93653306469 1.57079632679 3
0.939932106486 1.57079632679 3
0.943218113422 1.57079632679 3
0.946392697283 1.57079632679 3
0.949457472874 1.57079632679 3
0.952414056797 1.57079632679 3
0.955264066275 1.57079632679 3
0.95800911802 1.57079632679 3
0.96065082715 1.57079632679 3
0.963190806152 1.57079632679 3
0.965630663892 1.57079632679 3
0.967972004666 1.57079632679 3
0.970216427295 1.57079632679 3
0.972365524266 1.57079632679 3
0.974420880914 1.57079632679 3
0.976384074638 1.57079632679 3
0.978256674172 1.57079632679 3
0.980040238878 1.57079632679 3
0.981736318092 1.57079632679 3
0.983346450496 1.57079632679 3
0.984872163531 1.57079632679 3
0.986314972847 1.57079632679 3
0.987676381786 1.57079632679 3
0.988957880892 1.57079632679 3
0.990160947464 1.57079632679 3
0.991287045133 1.57079632679 3
0.992337623466 1.57079632679 3
0.993314117612 1.57079632679 3
0.994217947962 1.57079632679 3
0.995050519842 1.57079632679 3
0.995813223237 1.57079632679 3
0.99650743253 1.57079632679 3
0.997134506275 1.57079632679 3
0.997695786988 1.57079632679 3
0.99819260096 1.57079632679 3
0.998626258095 1.57079632679 3
0.998998051767 1.57079632679 3
0.999309258696 1.57079632679 3
0.999561138845 1.57079632679 3
0.99975493533 1.57079632679 3
0.999891874358 1.57079632679 3
0.999973165168 1.57079632679 3
1 1.57079632679 3
1 2 140 0
1 140 139 0
2 3 141 0
2 141 140 0
3 4 142 0
3 142 141 0
4 5 143 0
4 143 142 0
5 6 144 0
5 144 143 0
6 7 145 0
6 145 144 0
7 8 146 0
7 146 145 0
8 9 147 0
8 147 146 0
9 10 148 0
9 148 147 0
10 11 149 0
10 149 148 0
11 12 150 0
11 150 149 0
12 13 151 0
12 151 150 0
13 14 152 0
13 152 151 0
14 15 153 0
14 153 152 0
15 16 154 0
15 154 153 0
16 17 155 0
16 155 154 0
17 18 156 0
17 156 155 0
18 19 157 0
18 157 156 0
19 20 158 0
19 158 157 0
20 21 159 0
20 159 158 0
21 22 160 0
21 160 159 0
22 23 161 0
22 161 160 0
23 24 162 0
23 162 161 0
24 25 163 0
24 163 162 0
25 26 164 0
25 164 163 0
26 27 165 0
26 165 164 0
27 28 166 0
27 166 165 0
28 29 167 0
28 167 166 0
29 30 168 0
29 168 167 0
30 31 169 0
30 169 168 0
31 32 170 0
31 170 169 0
32 33 171 0
32 171 170 0
33 34 172 0
33 172 171 0
34 35 173 0
34 173 172 0
35 36 174 0
35 174 173 0
36 37 175 0
36 175 174 0
37 38 176 0
37 176 175 0
38 39 177 0
38 177 176 0
39 40 178 0
39 178 177 0
40 41 179 0
40 179 178 0
41 42 180 0
41 180 179 0
42 43 181 0
42 181 180 0
43 44 182 0
43 182 181 0
44 45 183 0
44 183 182 0
45 46 184 0
45 184 183 0
46 47 185 0
46 185 184 0
47 48 186 0
47 186 185 0
48 49 187 0
48 187 186 0
49 50 188 0
49 188 187 0
50 51 189 0
50 189 188 0
51 52 190 0
51 190 189 0
52 53 191 0
52 191 190 0
53 54 192 0
53 192 191 0
54 55 193 0
54 193 192 0
55 56 194 0
55 194 193 0
56 57 195 0
56 195 194 0
57 58 196 0
57 196 195 0
58 59 197 0
58 197 196 0
59 60 198 0
59 198 197 0
60 61 199 0
60 199 198 0
61 62 200 0
61 200 199 0
62 63 201 0
62 201 200 0
63 64 202 0
63 202 201 0
64 65 203 0
64 203 202 0
65 66 204 0
65 204 203 0
66 67 205 0
66 205 204 0
67 68 206 0
67 206 205 0
68 69 207 0
68 207 206 0
69 70 208 0
69 208 207 0
70 71 209 0
70 209 208 0
71 72 210 0
71 210 209 0
72 73 211 0
72 211 210 0
73 74 212 0
73 212 211 0
74 75 213 0
74 213 212 0
75 76 214 0
75 214 213 0
76 77 215 0
76 215 214 0
77 78 216 0
77 216 215 0
78 79 217 0
78 217 216 0
79 80 218 0
79 218 217 0
80 81 219 0
80 219 218 0
81 82 220 0
81 220 219 0
82 83 221 0
82 221 220 0
83 84 222 0
83 222 221 0
84 85 223 0
84 223 222 0
85 86 224 0
85 224 223 0
86 87 225 0
86 225 224 0
87 88 226 0
87 226 225 0
88 89 227 0
88 227 226 0
89 90 228 0
89 228 227 0
90 91 229 0
90 229 228 0
91 92 230 0
91 230 229 0
92 93 231 0
92 231 230 0
93 94 232 0
93 232 231 0
94 95 233 0
94 233 232 0
95 96 234 0
95 234 233 0
96 97 235 0
96 235 234 0
97 98 236 0
97 236 235 0
98 99 237 0
98 237 236 0
99 100 238 0
99 238 237 0
100 101 239 0
100 239 238 0
101 102 240 0
101 240 239 0
102 103 241 0
102 241 240 0
103 104 242 0
103 242 241 0
104 105 243 0
104 243 242 0
105 106 244 0
105 244 243 0
106 107 245 0
106 245 244 0
107 108 246 0
107 246 245 0
108 109 247 0
108 247 246 0
109 110 248 0
109 248 247 0
110 111 249 0
110 249 248 0
111 112 250 0
111 250 249 0
112 113 251 0
112 251 250 0
113 114 252 0
113 252 251 0
114 115 253 0
114 253 252 0
115 116 254 0
115 254 253 0
116 117 255 0
116 255 254 0
117 118 256 0
117 256 255 0
118 119 257 0
118 257 256 0
119 120 258 0
119 258 257 0
120 121 259 0
120 259 258 0
121 122 260 0
121 260 259 0
122 123 261 0
122 261 260 0
123 124 262 0
123 262 261 0
124 125 263 0
124 263 262 0
125 126 264 0
125 264 263 0
126 127 265 0
126 265 264 0
127 128 266 0
127 266 265 0
128 129 267 0
128 267 266 0
129 130 268 0
129 268 267 0
130 131 269 0
130 269 268 0
131 132 270 0
131 270 269 0
132 133 271 0
132 271 270 0
133 134 272 0
133 272 271 0
134 135 273 0
134 273 272 0
135 136 274 0
135 274 273 0
136 137 275 0
136 275 274 0
137 138 276 0
137 276 275 0
139 140 278 0
139 278 277 0
140 141 279 0
140 279 278 0
141 142 280 0
141 280 279 0
142 143 281 0
142 281 280 0
143 144 282 0
143 282 281 0
144 145 283 0
144 283 282 0
145 146 284 0
145 284 283 0
146 147 285 0
146 285 284 0
147 148 286 0
147 286 285 0
148 149 287 0
148 287 286 0
149 150 288 0
149 288 287 0
150 151 289 0
150 289 288 0
151 152 290 0
151 290 289 0
152 153 291 0
152 291 290 0
153 154 292 0
153 292 291 0
154 155 293 0
154 293 292 0
155 156 294 0
155 294 293 0
156 157 295 0
156 295 294 0
157 158 296 0
157 296 295 0
158 159 297 0
158 297 296 0
159 160 298 0
159 298 297 0
160 161 299 0
160 299 298 0
161 162 300 0
161 300 299 0
162 163 301 0
162 301 300 0
163 164 302 0
163 302 301 0
164 165 303 0
164 303 302 0
165 166 304 0
165 304 303 0
166 167 305 0
166 305 304 0
167 168 306 0
167 306 305 0
168 169 307 0
168 307 306 0
169 170 308 0
169 308 307 0
170 171 309 0
170 309 308 0
171 172 310 0
171 310 309 0
172 173 311 0
172 311 310 0
173 174 312 0
173 312 311 0
174 175 313 0
174 313 312 0
175 176 314 0
175 314 313 0
176 177 315 0
176 315 314 0
177 178 316 0
177 316 315 0
178 179 317 0
178 317 316 0
179 180 318 0
179 318 317 0
180 181 319 0
180 319 318 0
181 182 320 0
181 320 319 0
182 183 321 0
182 321 320 0
183 184 322 0
183 322 321 0
184 185 323 0
184 323 322 0
185 186 324 0
185 324 323 0
186 187 325 0
186 325 324 0
187 188 326 0
187 326 325 0
188 189 327 0
188 327 326 0
189 190 328 0
189 328 327 0
190 191 329 0
190 329 328 0
191 192 330 0
191 330 329 0
192 193 331 0
192 331 330 0
193 194 332 0
193 332 331 0
194 195 333 0
194 333 332 0
195 196 334 0
195 334 333 0
196 197 335 0
196 335 334 0
197 198 336 0
197 336 335 0
198 199 337 0
198 337 336 0
199 200 338 0
199 338 337 0
200 201 339 0
200 339 338 0
201 202 340 0
201 340 339 0
202 203 341 0
202 341 340 0
203 204 342 0
203 342 341 0
204 205 343 0
204 343 342 0
205 206 344 0
205 344 343 0
206 207 345 0
206 345 344 0
207 208 346 0
207 346 345 0
208 209 347 0
208 347 346 0
209 210 348 0
209 348 347 0
210 211 349 0
210 349 348 0
211 212 350 0
211 350 349 0
212 213 351 0
212 351 350 0
213 214 352 0
213 352 351 0
214 215 353 0
214 353 352 0
215 216 354 0
215 354 353 0
216 217 355 0
216 355 354 0
217 218 356 0
217 356 355 0
218 219 357 0
218 357 356 0
219 220 358 0
219 358 357 0
220 221 359 0
220 359 358 0
221 222 360 0
221 360 359 0
222 223 361 0
222 361 360 0
223 224 362 0
223 362 361 0
224 225 363 0
224 363 362 0
225 226 364 0
225 364 363 0
226 227 365 0
226 365 364 0
227 228 366 0
227 366 365 0
228 229 367 0
228 367 366 0
229 230 368 0
229 368 367 0
230 231 369 0
230 369 368 0
231 232 370 0
231 370 369 0
232 233 371 0
232 371 370 0
233 234 372 0
233 372 371 0
234 235 373 0
234 373 372 0
235 236 374 0
235 374 373 0
236 237 375 0
236 375 374 0
237 238 376 0
237 376 375 0
238 239 377 0
238 377 376 0
239 240 378 0
239 378 377 0
240 241 379 0
240 379 378 0
241 242 380 0
241 380 379 0
242 243 381 0
242 381 380 0
243 244 382 0
243 382 381 0
244 245 383 0
244 383 382 0
245 246 384 0
245 384 383 0
246 247 385 0
246 385 384 0
247 248 386 0
247 386 385 0
248 249 387 0
248 387 386 0
249 250 388 0
249 388 387 0
250 251 389 0
250 389 388 0
251 252 390 0
251 390 389 0
252 253 391 0
252 391 390 0
253 254 392 0
253 392 391 0
254 255 393 0
254 393 392 0
255 256 394 0
255 394 393 0
256 257 395 0
256 395 394 0
257 258 396 0
257 396 395 0
258 259 397 0
258 397 396 0
259 260 398 0
259 398 397 0
260 261 399 0
260 399 398 0
261 262 400 0
261 400 399 0
262 263 401 0
262 401 400 0
263 264 402 0
263 402 401 0
264 265 403 0
264 403 402 0
265 266 404 0
265 404 403 0
266 267 405 0
266 405 404 0
267 268 406 0
267 406 405 0
268 269 407 0
268 407 406 0
269 270 408 0
269 408 407 0
270 271 409 0
270 409 408 0
271 272 410 0
271 410 409 0
272 273 411 0
272 411 410 0
273 274 412 0
273 412 411 0
274 275 413 0
274 413 412 0
275 276 414 0
275 414 413 0
277 278 416 0
277 416 415 0
278 279 417 0
278 417 416 0
279 280 418 0
279 418 417 0
280 281 419 0
280 419 418 0
281 282 420 0
281 420 419 0
282 283 421 0
282 421 420 0
283 284 422 0
283 422 421 0
284 285 423 0
284 423 422 0
285 286 424 0
285 424 423 0
286 287 425 0
286 425 424 0
287 288 426 0
287 426 425 0
288 289 427 0
288 427 426 0
289 290 428 0
289 428 427 0
290 291 429 0
290 429 428 0
291 292 430 0
291 430 429 0
292 293 431 0
292 431 430 0
293 294 432 0
293 432 431 0
294 295 433 0
294 433 432 0
295 296 434 0
295 434 433 0
296 297 435 0
296 435 434 0
297 298 436 0
297 436 435 0
298 299 437 0
298 437 436 0
299 300 438 0
299 438 437 0
300 301 439 0
300 439 438 0
301 302 440 0
301 440 439 0
302 303 441 0
302 441 440 0
303 304 442 0
303 442 441 0
304 305 443 0
304 443 442 0
305 306 444 0
305 444 443 0
306 307 445 0
306 445 444 0
307 308 446 0
307 446 445 0
308 309 447 0
308 447 446 0
309 310 448 0
309 448 447 0
310 311 449 0
310 449 448 0
311 312 450 0
311 450 449 0
312 313 451 0
312 451 450 0
313 314 452 0
313 452 451 0
314 315 453 0
314 453 452 0
315 316 454 0
315 454 453 0
316 317 455 0
316 455 454 0
317 318 456 0
317 456 455 0
318 319 457 0
318 457 456 0
319 320 458 0
319 458 457 0
320 321 459 0
320 459 458 0
321 322 460 0
321 460 459 0
322 323 461 0
322 461 460 0
323 324 462 0
323 462 461 0
324 325 463 0
324 463 462 0
325 326 464 0
325 464 463 0
326 327 465 0
326 465 464 0
327 328 466 0
327 466 465 0
328 329 467 0
328 467 466 0
329 330 468 0
329 468 467 0
330 331 469 0
330 469 468 0
331 332 470 0
331 470 469 0
332 333 471 0
332 471 470 0
333 334 472 0
333 472 471 0
334 335 473 0
334 473 472 0
335 336 474 0
335 474 473 0
336 337 475 0
336 475 474 0
337 338 476 0
337 476 475 0
338 339 477 0
338 477 476 0
339 340 478 0
339 478 477 0
340 341 479 0
340 479 478 0
341 342 480 0
341 480 479 0
342 343 481 0
342 481 480 0
343 344 482 0
343 482 481 0
344 345 483 0
344 483 482 0
345 346 484 0
345 484 483 0
346 347 485 0
346 485 484 0
347 348 486 0
347 486 485 0
348 349 487 0
348 487 486 0
349 350 488 0
349 488 487 0
350 351 489 0
350 489 488 0
351 352 490 0
351 490 489 0
352 353 491 0
352 491 490 0
353 354 492 0
353 492 491 0
354 355 493 0
354 493 492 0
355 356 494 0
355 494 493 0
356 357 495 0
356 495 494 0
357 358 496 0
357 496 495 0
358 359 497 0
358 497 496 0
359 360 498 0
359 498 497 0
360 361 499 0
360 499 498 0
361 362 500 0
361 500 499 0
362 363 501 0
362 501 500 0
363 364 502 0
363 502 501 0
364 365 503 0
364 503 502 0
365 366 504 0
365 504 503 0
366 367 505 0
366 505 504 0
367 368 506 0
367 506 505 0
368 369 507 0
368 507 506 0
369 370 508 0
369 508 507 0
370 371 509 0
370 509 508 0
371 372 510 0
371 510 509 0
372 373 511 0
372 511 510 0
373 374 512 0
373 512 511 0
374 375 513 0
374 513 512 0
375 376 514 0
375 514 513 0
376 377 515 0
376 515 514 0
377 378 516 0
377 516 515 0
378 379 517 0
378 517 516 0
379 380 518 0
379 518 517 0
380 381 519 0
380 519 518 0
381 382 520 0
381 520 519 0
382 383 521 0
382 521 520 0
383 384 522 0
383 522 521 0
384 385 523 0
384 523 522 0
385 386 524 0
385 524 523 0
386 387 525 0
386 525 524 0
387 388 526 0
387 526 525 0
388 389 527 0
388 527 526 0
389 390 528 0
389 528 527 0
390 391 529 0
390 529 528 0
391 392 530 0
391 530 529 0
392 393 531 0
392 531 530 0
393 394 532 0
393 532 531 0
394 395 533 0
394 533 532 0
395 396 534 0
395 534 533 0
396 397 535 0
396 535 534 0
397 398 536 0
397 536 535 0
398 399 537 0
398 537 536 0
399 400 538 0
399 538 537 0
400 401 539 0
400 539 538 0
401 402 540 0
401 540 539 0
402 403 541 0
402 541 540 0
403 404 542 0
403 542 541 0
404 405 543 0
404 543 542 0
405 406 544 0
405 544 543 0
406 407 545 0
406 545 544 0
407 408 546 0
407 546 545 0
408 409 547 0
408 547 546 0
409 410 548 0
409 548 547 0
410 411 549 0
410 549 548 0
411 412 550 0
411 550 549 0
412 413 551 0
412 551 550 0
413 414 552 0
413 552 551 0
415 416 554 0
415 554 553 0
416 417 555 0
416 555 554 0
417 418 556 0
417 556 555 0
418 419 557 0
418 557 556 0
419 420 558 0
419 558 557 0
420 421 559 0
420 559 558 0
421 422 560 0
421 560 559 0
422 423 561 0
422 561 560 0
423 424 562 0
423 562 561 0
424 425 563 0
424 563 562 0
425 426 564 0
425 564 563 0
426 427 565 0
426 565 564 0
427 428 566 0
427 566 565 0
428 429 567 0
428 567 566 0
429 430 568 0
429 568 567 0
430 431 569 0
430 569 568 0
431 432 570 0
431 570 569 0
432 433 571 0
432 571 570 0
433 434 572 0
433 572 571 0
434 435 573 0
434 573 572 0
435 436 574 0
435 574 573 0
436 437 575 0
436 575 574 0
437 438 576 0
437 576 575 0
438 439 577 0
438 577 576 0
439 440 578 0
439 578 577 0
440 441 579 0
440 579 578 0
441 442 580 0
441 580 579 0
442 443 581 0
442 581 580 0
443 444 582 0
443 582 581 0
444 445 583 0
444 583 582 0
445 446 584 0
445 584 583 0
446 447 585 0
446 585 584 0
447 448 586 0
447 586 585 0
448 449 587 0
448 587 586 0
449 450 588 0
449 588 587 0
450 451 589 0
450 589 588 0
451 452 590 0
451 590 589 0
452 453 591 0
452 591 590 0
453 454 592 0
453 592 591 0
454 455 593 0
454 593 592 0
455 456 594 0
455 594 593 0
456 457 595 0
456 595 594 0
457 458 596 0
457 596 595 0
458 459 597 0
458 597 596 0
459 460 598 0
459 598 597 0
460 461 599 0
460 599 598 0
461 462 600 0
461 600 599 0
462 463 601 0
462 601 600 0
463 464 602 0
463 602 601 0
464 465 603 0
464 603 602 0
465 466 604 0
465 604 603 0
466 467 605 0
466 605 604 0
467 468 606 0
467 606 605 0
468 469 607 0
468 607 606 0
469 470 608 0
469 608 607 0
470 471 609 0
470 609 608 0
471 472 610 0
471 610 609 0
472 473 611 0
472 611 610 0
473 474 612 0
473 612 611 0
474 475 613 0
474 613 612 0
475 476 614 0
475 614 613 0
476 477 615 0
476 615 614 0
477 478 616 0
477 616 615 0
478 479 617 0
478 617 616 0
479 480 618 0
479 618 617 0
480 481 619 0
480 619 618 0
481 482 620 0
481 620 619 0
482 483 621 0
482 621 620 0
483 484 622 0
483 622 621 0
484 485 623 0
484 623 622 0
485 486 624 0
485 624 623 0
486 487 625 0
486 625 624 0
487 488 626 0
487 626 625 0
488 489 627 0
488 627 626 0
489 490 628 0
489 628 627 0
490 491 629 0
490 629 628 0
491 492 630 0
491 630 629 0
492 493 631 0
492 631 630 0
493 494 632 0
493 632 631 0
494 495 633 0
494 633 632 0
495 496 634 0
495 634 633 0
496 497 635 0
496 635 634 0
497 498 636 0
497 636 635 0
498 499 637 0
498 637 636 0
499 500 638 0
499 638 637 0
500 501 639 0
500 639 638 0
501 502 640 0
501 640 639 0
502 503 641 0
502 641 640 0
503 504 642 0
503 642 641 0
504 505 643 0
504 643 642 0
505 506 644 0
505 644 643 0
506 507 645 0
506 645 644 0
507 508 646 0
507 646 645 0
508 509 647 0
508 647 646 0
509 510 648 0
509 648 647 0
510 511 649 0
510 649 648 0
511 512 650 0
511 650 649 0
512 513 651 0
512 651 650 0
513 514 652 0
513 652 651 0
514 515 653 0
514 653 652 0
515 516 654 0
515 654 653 0
516 517 655 0
516 655 654 0
517 518 656 0
517 656 655 0
518 519 657 0
518 657 656 0
519 520 658 0
519 658 657 0
520 521 659 0
520 659 658 0
521 522 660 0
521 660 659 0
522 523 661 0
522 661 660 0
523 524 662 0
523 662 661 0
524 525 663 0
524 663 662 0
525 526 664 0
525 664 663 0
526 527 665 0
526 665 664 0
527 528 666 0
527 666 665 0
528 529 667 0
528 667 666 0
529 530 668 0
529 668 667 0
530 531 669 0
530 669 668 0
531 532 670 0
531 670 669 0
532 533 671 0
532 671 670 0
533 534 672 0
533 672 671 0
534 535 673 0
534 673 672 0
535 536 674 0
535 674 673 0
536 537 675 0
536 675 674 0
537 538 676 0
537 676 675 0
538 539 677 0
538 677 676 0
539 540 678 0
539 678 677 0
540 541 679 0
540 679 678 0
541 542 680 0
541 680 679 0
542 543 681 0
542 681 680 0
543 544 682 0
543 682 681 0
544 545 683 0
544 683 682 0
545 546 684 0
545 684 683 0
546 547 685 0
546 685 684 0
547 548 686 0
547 686 685 0
548 549 687 0
548 687 686 0
549 550 688 0
549 688 687 0
550 551 689 0
550 689 688 0
551 552 690 0
551 690 689 0
553 554 692 0
553 692 691 0
554 555 693 0
554 693 692 0
555 556 694 0
555 694 693 0
556 557 695 0
556 695 694 0
557 558 696 0
557 696 695 0
558 559 697 0
558 697 696 0
559 560 698 0
559 698 697 0
560 561 699 0
560 699 698 0
561 562 700 0
561 700 699 0
562 563 701 0
562 701 700 0
563 564 702 0
563 702 701 0
564 565 703 0
564 703 702 0
565 566 704 0
565 704 703 0
566 567 705 0
566 705 704 0
567 568 706 0
567 706 705 0
568 569 707 0
568 707 706 0
569 570 708 0
569 708 707 0
570 571 709 0
570 709 708 0
571 572 710 0
571 710 709 0
572 573 711 0
572 711 710 0
573 574 712 0
573 712 711 0
574 575 713 0
574 713 712 0
575 576 714 0
575 714 713 0
576 577 715 0
576 715 714 0
577 578 716 0
577 716 715 0
578 579 717 0
578 717 716 0
579 580 718 0
579 718 717 0
580 581 719 0
580 719 718 0
581 582 720 0
581 720 719 0
582 583 721 0
582 721 720 0
583 584 722 0
583 722 721 0
584 585 723 0
584 723 722 0
585 586 724 0
585 724 723 0
586 587 725 0
586 725 724 0
587 588 726 0
587 726 725 0
588 589 727 0
588 727 726 0
589 590 728 0
589 728 727 0
590 591 729 0
590 729 728 0
591 592 730 0
591 730 729 0
592 593 731 0
592 731 730 0
593 594 732 0
593 732 731 0
594 595 733 0
594 733 732 0
595 596 734 0
595 734 733 0
596 597 735 0
596 735 734 0
597 598 736 0
597 736 735 0
598 599 737 0
598 737 736 0
599 600 738 0
599 738 737 0
600 601 739 0
600 739 738 0
601 602 740 0
601 740 739 0
602 603 741 0
602 741 740 0
603 604 742 0
603 742 741 0
604 605 743 0
604 743 742 0
605 606 744 0
605 744 743 0
606 607 745 0
606 745 744 0
607 608 746 0
607 746 745 0
608 609 747 0
608 747 746 0
609 610 748 0
609 748 747 0
610 611 749 0
610 749 748 0
611 612 750 0
611 750 749 0
612 613 751 0
612 751 750 0
613 614 752 0
613 752 751 0
614 615 753 0
614 753 752 0
615 616 754 0
615 754 753 0
616 617 755 0
616 755 754 0
617 618 756 0
617 756 755 0
618 619 757 0
618 757 756 0
619 620 758 0
619 758 757 0
620 621 759 0
620 759 758 0
621 622 760 0
621 760 759 0
622 623 761 0
622 761 760 0
623 624 762 0
623 762 761 0
624 625 763 0
624 763 762 0
625 626 764 0
625 764 763 0
626 627 765 0
626 765 764 0
627 628 766 0
627 766 765 0
628 629 767 0
628 767 766 0
629 630 768 0
629 768 767 0
630 631 769 0
630 769 768 0
631 632 770 0
631 770 769 0
632 633 771 0
632 771 770 0
633 634 772 0
633 772 771 0
634 635 773 0
634 773 772 0
635 636 774 0
635 774 773 0
636 637 775 0
636 775 774 0
637 638 776 0
637 776 775 0
638 639 777 0
638 777 776 0
639 640 778 0
639 778 777 0
640 641 779 0
640 779 778 0
641 642 780 0
641 780 779 0
642 643 781 0
642 781 780 0
643 644 782 0
643 782 781 0
644 645 783 0
644 783 782 0
645 646 784 0
645 784 783 0
646 647 785 0
646 785 784 0
647 648 786 0
647 786 785 0
648 649 787 0
648 787 786 0
649 650 788 0
649 788 787 0
650 651 789 0
650 789 788 0
651 652 790 0
651 790 789 0
652 653 791 0
652 791 790 0
653 654 792 0
653 792 791 0
654 655 793 0
654 793 792 0
655 656 794 0
655 794 793 0
656 657 795 0
656 795 794 0
657 658 796 0
657 796 795 0
658 659 797 0
658 797 796 0
659 660 798 0
659 798 797 0
660 661 799 0
660 799 798 0
661 662 800 0
661 800 799 0
662 663 801 0
662 801 800 0
663 664 802 0
663 802 801 0
664 665 803 0
664 803 802 0
665 666 804 0
665 804 803 0
666 667 805 0
666 805 804 0
667 668 806 0
667 806 805 0
668 669 807 0
668 807 806 0
669 670 808 0
669 808 807 0
670 671 809 0
670 809 808 0
671 672 810 0
671 810 809 0
672 673 811 0
672 811 810 0
673 674 812 0
673 812 811 0
674 675 813 0
674 813 812 0
675 676 814 0
675 814 813 0
676 677 815 0
676 815 814 0
677 678 816 0
677 816 815 0
678 679 817 0
678 817 816 0
679 680 818 0
679 818 817 0
680 681 819 0
680 819 818 0
681 682 820 0
681 820 819 0
682 683 821 0
682 821 820 0
683 684 822 0
683 822 821 0
684 685 823 0
684 823 822 0
685 686 824 0
685 824 823 0
686 687 825 0
686 825 824 0
687 688 826 0
687 826 825 0
688 689 827 0
688 827 826 0
689 690 828 0
689 828 827 0
691 692 830 0
691 830 829 0
692 693 831 0
692 831 830 0
693 694 832 0
693 832 831 0
694 695 833 0
694 833 832 0
695 696 834 0
695 834 833 0
696 697 835 0
696 835 834 0
697 698 836 0
697 836 835 0
698 699 837 0
698 837 836 0
699 700 838 0
699 838 837 0
700 701 839 0
700 839 838 0
701 702 840 0
701 840 839 0
702 703 841 0
702 841 840 0
703 704 842 0
703 842 841 0
704 705 843 0
704 843 842 0
705 706 844 0
705 844 843 0
706 707 845 0
706 845 844 0
707 708 846 0
707 846 845 0
708 709 847 0
708 847 846 0
709 710 848 0
709 848 847 0
710 711 849 0
710 849 848 0
711 712 850 0
711 850 849 0
712 713 851 0
712 851 850 0
713 714 852 0
713 852 851 0
714 715 853 0
714 853 852 0
715 716 854 0
715 854 853 0
716 717 855 0
716 855 854 0
717 718 856 0
717 856 855 0
718 719 857 0
718 857 856 0
719 720 858 0
719 858 857 0
720 721 859 0
720 859 858 0
721 722 860 0
721 860 859 0
722 723 861 0
722 861 860 0
723 724 862 0
723 862 861 0
724 725 863 0
724 863 862 0
725 726 864 0
725 864 863 0
726 727 865 0
726 865 864 0
727 728 866 0
727 866 865 0
728 729 867 0
728 867 866 0
729 730 868 0
729 868 867 0
730 731 869 0
730 869 868 0
731 732 870 0
731 870 869 0
732 733 871 0
732 871 870 0
733 734 872 0
733 872 871 0
734 735 873 0
734 873 872 0
735 736 874 0
735 874 873 0
736 737 875 0
736 875 874 0
737 738 876 0
737 876 875 0
738 739 877 0
738 877 876 0
739 740 878 0
739 878 877 0
740 741 879 0
740 879 878 0
741 742 880 0
741 880 879 0
742 743 881 0
742 881 880 0
743 744 882 0
743 882 881 0
744 745 883 0
744 883 882 0
745 746 884 0
745 884 883 0
746 747 885 0
746 885 884 0
747 748 886 0
747 886 885 0
748 749 887 0
748 887 886 0
749 750 888 0
749 888 887 0
750 751 889 0
750 889 888 0
751 752 890 0
751 890 889 0
752 753 891 0
752 891 890 0
753 754 892 0
753 892 891 0
754 755 893 0
754 893 892 0
755 756 894 0
755 894 893 0
756 757 895 0
756 895 894 0
757 758 896 0
757 896 895 0
758 759 897 0
758 897 896 0
759 760 898 0
759 898 897 0
760 761 899 0
760 899 898 0
761 762 900 0
761 900 899 0
762 763 901 0
762 901 900 0
763 764 902 0
763 902 901 0
764 765 903 0
764 903 902 0
765 766 904 0
765 904 903 0
766 767 905 0
766 905 904 0
767 768 906 0
767 906 905 0
768 769 907 0
768 907 906 0
769 770 908 0
769 908 907 0
770 771 909 0
770 909 908 0
771 772 910 0
771 910 909 0
772 773 911 0
772 911 910 0
773 774 912 0
773 912 911 0
774 775 913 0
774 913 912 0
775 776 914 0
775 914 913 0
776 777 915 0
776 915 914 0
777 778 916 0
777 916 915 0
778 779 917 0
778 917 916 0
779 780 918 0
779 918 917 0
780 781 919 0
780 919 918 0
781 782 920 0
781 920 919 0
782 783 921 0
782 921 920 0
783 784 922 0
783 922 921 0
784 785 923 0
784 923 922 0
785 786 924 0
785 924 923 0
786 787 925 0
786 925 924 0
787 788 926 0
787 926 925 0
788 789 927 0
788 927 926 0
789 790 928 0
789 928 927 0
790 791 929 0
790 929 928 0
791 792 930 0
791 930 929 0
792 793 931 0
792 931 930 0
793 794 932 0
793 932 931 0
794 795 933 0
794 933 932 0
795 796 934 0
795 934 933 0
796 797 935 0
796 935 934 0
797 798 936 0
797 936 935 0
798 799 937 0
798 937 936 0
799 800 938 0
799 938 937 0
800 801 939 0
800 939 938 0
801 802 940 0
801 940 939 0
802 803 941 0
802 941 940 0
803 804 942 0
803 942 941 0
804 805 943 0
804 943 942 0
805 806 944 0
805 944 943 0
806 807 945 0
806 945 944 0
807 808 946 0
807 946 945 0
808 809 947 0
808 947 946 0
809 810 948 0
809 948 947 0
810 811 949 0
810 949 948 0
811 812 950 0
811 950 949 0
812 813 951 0
812 951 950 0
813 814 952 0
813 952 951 0
814 815 953 0
814 953 952 0
815 816 954 0
815 954 953 0
816 817 955 0
816 955 954 0
817 818 956 0
817 956 955 0
818 819 957 0
818 957 956 0
819 820 958 0
819 958 957 0
820 821 959 0
820 959 958 0
821 822 960 0
821 960 959 0
822 823 961 0
822 961 960 0
823 824 962 0
823 962 961 0
824 825 963 0
824 963 962 0
825 826 964 0
825 964 963 0
826 827 965 0
826 965 964 0
827 828 966 0
827 966 965 0
829 830 968 0
829 968 967 0
830 831 969 0
830 969 968 0
831 832 970 0
831 970 969 0
832 833 971 0
832 971 970 0
833 834 972 0
833 972 971 0
834 835 973 0
834 973 972 0
835 836 974 0
835 974 973 0
836 837 975 0
836 975 974 0
837 838 976 0
837 976 975 0
838 839 977 0
838 977 976 0
839 840 978 0
839 978 977 0
840 841 979 0
840 979 978 0
841 842 980 0
841 980 979 0
842 843 981 0
842 981 980 0
843 844 982 0
843 982 981 0
844 845 983 0
844 983 982 0
845 846 984 0
845 984 983 0
846 847 985 0
846 985 984 0
847 848 986 0
847 986 985 0
848 849 987 0
848 987 986 0
849 850 988 0
849 988 987 0
850 851 989 0
850 989 988 0
851 852 990 0
851 990 989 0
852 853 991 0
852 991 990 0
853 854 992 0
853 992 991 0
854 855 993 0
854 993 992 0
855 856 994 0
855 994 993 0
856 857 995 0
856 995 994 0
857 858 996 0
857 996 995 0
858 859 997 0
858 997 996 0
859 860 998 0
859 998 997 0
860 861 999 0
860 999 998 0
861 862 1000 0
861 1000 999 0
862 863 1001 0
862 1001 1000 0
863 864 1002 0
863 1002 1001 0
864 865 1003 0
864 1003 1002 0
865 866 1004 0
865 1004 1003 0
866 867 1005 0
866 1005 1004 0
867 868 1006 0
867 1006 1005 0
868 869 1007 0
868 1007 1006 0
869 870 1008 0
869 1008 1007 0
870 871 1009 0
870 1009 1008 0
871 872 1010 0
871 1010 1009 0
872 873 1011 0
872 1011 1010 0
873 874 1012 0
873 1012 1011 0
874 875 1013 0
874 1013 1012 0
875 876 1014 0
875 1014 1013 0
876 877 1015 0
876 1015 1014 0
877 878 1016 0
877 1016 1015 0
878 879 1017 0
878 1017 1016 0
879 880 1018 0
879 1018 1017 0
880 881 1019 0
880 1019 1018 0
881 882 1020 0
881 1020 1019 0
882 883 1021 0
882 1021 1020 0
883 884 1022 0
883 1022 1021 0
884 885 1023 0
884 1023 1022 0
885 886 1024 0
885 1024 1023 0
886 887 1025 0
886 1025 1024 0
887 888 1026 0
887 1026 1025 0
888 889 1027 0
888 1027 1026 0
889 890 1028 0
889 1028 1027 0
890 891 1029 0
890 1029 1028 0
891 892 1030 0
891 1030 1029 0
892 893 1031 0
892 1031 1030 0
893 894 1032 0
893 1032 1031 0
894 895 1033 0
894 1033 1032 0
895 896 1034 0
895 1034 1033 0
896 897 1035 0
896 1035 1034 0
897 898 1036 0
897 1036 1035 0
898 899 1037 0
898 1037 1036 0
899 900 1038 0
899 1038 1037 0
900 901 1039 0
900 1039 1038 0
901 902 1040 0
901 1040 1039 0
902 903 1041 0
902 1041 1040 0
903 904 1042 0
903 1042 1041 0
904 905 1043 0
904 1043 1042 0
905 906 1044 0
905 1044 1043 0
906 907 1045 0
906 1045 1044 0
907 908 1046 0
907 1046 1045 0
908 909 1047 0
908 1047 1046 0
909 910 1048 0
909 1048 1047 0
910 911 1049 0
910 1049 1048 0
911 912 1050 0
911 1050 1049 0
912 913 1051 0
912 1051 1050 0
913 914 1052 0
913 1052 1051 0
914 915 1053 0
914 1053 1052 0
915 916 1054 0
915 1054 1053 0
916 917 1055 0
916 1055 1054 0
917 918 1056 0
917 1056 1055 0
918 919 1057 0
918 1057 1056 0
919 920 1058 0
919 1058 1057 0
920 921 1059 0
920 1059 1058 0
921 922 1060 0
921 1060 1059 0
922 923 1061 0
922 1061 1060 0
923 924 1062 0
923 1062 1061 0
924 925 1063 0
924 1063 1062 0
925 926 1064 0
925 1064 1063 0
926 927 1065 0
926 1065 1064 0
927 928 1066 0
927 1066 1065 0
928 929 1067 0
928 1067 1066 0
929 930 1068 0
929 1068 1067 0
930 931 1069 0
930 1069 1068 0
931 932 1070 0
931 1070 1069 0
932 933 1071 0
932 1071 1070 0
933 934 1072 0
933 1072 1071 0
934 935 1073 0
934 1073 1072 0
935 936 1074 0
935 1074 1073 0
936 937 1075 0
936 1075 1074 0
937 938 1076 0
937 1076 1075 0
938 939 1077 0
938 1077 1076 0
939 940 1078 0
939 1078 1077 0
940 941 1079 0
940 1079 1078 0
941 942 1080 0
941 1080 1079 0
942 943 1081 0
942 1081 1080 0
943 944 1082 0
943 1082 1081 0
944 945 1083 0
944 1083 1082 0
945 946 1084 0
945 1084 1083 0
946 947 1085 0
946 1085 1084 0
947 948 1086 0
947 1086 1085 0
948 949 1087 0
948 1087 1086 0
949 950 1088 0
949 1088 1087 0
950 951 1089 0
950 1089 1088 0
951 952 1090 0
951 1090 1089 0
952 953 1091 0
952 1091 1090 0
953 954 1092 0
953 1092 1091 0
954 955 1093 0
954 1093 1092 0
955 956 1094 0
955 1094 1093 0
956 957 1095 0
956 1095 1094 0
957 958 1096 0
957 1096 1095 0
958 959 1097 0
958 1097 1096 0
959 960 1098 0
959 1098 1097 0
960 961 1099 0
960 1099 1098 0
961 962 1100 0
961 1100 1099 0
962 963 1101 0
962 1101 1100 0
963 964 1102 0
963 1102 1101 0
964 965 1103 0
964 1103 1102 0
965 966 1104 0
965 1104 1103 0
967 968 1106 0
967 1106 1105 0
968 969 1107 0
968 1107 1106 0
969 970 1108 0
969 1108 1107 0
970 971 1109 0
970 1109 1108 0
971 972 1110 0
971 1110 1109 0
972 973 1111 0
972 1111 1110 0
973 974 1112 0
973 1112 1111 0
974 975 1113 0
974 1113 1112 0
975 976 1114 0
975 1114 1113 0
976 977 1115 0
976 1115 1114 0
977 978 1116 0
977 1116 1115 0
978 979 1117 0
978 1117 1116 0
979 980 1118 0
979 1118 1117 0
980 981 1119 0
980 1119 1118 0
981 982 1120 0
981 1120 1119 0
982 983 1121 0
982 1121 1120 0
983 984 1122 0
983 1122 1121 0
984 985 1123 0
984 1123 1122 0
985 986 1124 0
985 1124 1123 0
986 987 1125 0
986 1125 1124 0
987 988 1126 0
987 1126 1125 0
988 989 1127 0
988 1127 1126 0
989 990 1128 0
989 1128 1127 0
990 991 1129 0
990 1129 1128 0
991 992 1130 0
991 1130 1129 0
992 993 1131 0
992 1131 1130 0
993 994 1132 0
993 1132 1131 0
994 995 1133 0
994 1133 1132 0
995 996 1134 0
995 1134 1133 0
996 997 1135 0
996 1135 1134 0
997 998 1136 0
997 1136 1135 0
998 999 1137 0
998 1137 1136 0
999 1000 1138 0
999 1138 1137 0
1000 1001 1139 0
1000 1139 1138 0
1001 1002 1140 0
1001 1140 1139 0
1002 1003 1141 0
1002 1141 1140 0
1003 1004 1142 0
1003 1142 1141 0
1004 1005 1143 0
1004 1143 1142 0
1005 1006 1144 0
1005 1144 1143 0
1006 1007 1145 0
1006 1145 1144 0
1007 1008 1146 0
1007 1146 1145 0
1008 1009 1147 0
1008 1147 1146 0
1009 1010 1148 0
1009 1148 1147 0
1010 1011 1149 0
1010 1149 1148 0
1011 1012 1150 0
1011 1150 1149 0
1012 1013 1151 0
1012 1151 1150 0
1013 1014 1152 0
1013 1152 1151 0
1014 1015 1153 0
1014 1153 1152 0
1015 1016 1154 0
1015 1154 1153 0
1016 1017 1155 0
1016 1155 1154 0
1017 1018 1156 0
1017 1156 1155 0
1018 1019 1157 0
1018 1157 1156 0
1019 1020 1158 0
1019 1158 1157 0
1020 1021 1159 0
1020 1159 1158 0
1021 1022 1160 0
1021 1160 1159 0
1022 1023 1161 0
1022 1161 1160 0
1023 1024 1162 0
1023 1162 1161 0
1024 1025 1163 0
1024 1163 1162 0
1025 1026 1164 0
1025 1164 1163 0
1026 1027 1165 0
1026 1165 1164 0
1027 1028 1166 0
1027 1166 1165 0
1028 1029 1167 0
1028 1167 1166 0
1029 1030 1168 0
1029 1168 1167 0
1030 1031 1169 0
1030 1169 1168 0
1031 1032 1170 0
1031 1170 1169 0
1032 1033 1171 0
1032 1171 1170 0
1033 1034 1172 0
1033 1172 1171 0
1034 1035 1173 0
1034 1173 1172 0
1035 1036 1174 0
1035 1174 1173 0
1036 1037 1175 0
1036 1175 1174 0
1037 1038 1176 0
1037 1176 1175 0
1038 1039 1177 0
1038 1177 1176 0
1039 1040 1178 0
1039 1178 1177 0
1040 1041 1179 0
1040 1179 1178 0
1041 1042 1180 0
1041 1180 1179 0
1042 1043 1181 0
1042 1181 1180 0
1043 1044 1182 0
1043 1182 1181 0
1044 1045 1183 0
1044 1183 1182 0
1045 1046 1184 0
1045 1184 1183 0
1046 1047 1185 0
1046 1185 1184 0
1047 1048 1186 0
1047 1186 1185 0
1048 1049 1187 0
1048 1187 1186 0
1049 1050 1188 0
1049 1188 1187 0
1050 1051 1189 0
1050 1189 1188 0
1051 1052 1190 0
1051 1190 1189 0
1052 1053 1191 0
1052 1191 1190 0
1053 1054 1192 0
1053 1192 1191 0
1054 1055 1193 0
1054 1193 1192 0
1055 1056 1194 0
1055 1194 1193 0
1056 1057 1195 0
1056 1195 1194 0
1057 1058 1196 0
1057 1196 1195 0
1058 1059 1197 0
1058 1197 1196 0
1059 1060 1198 0
1059 1198 1197 0
1060 1061 1199 0
1060 1199 1198 0
1061 1062 1200 0
1061 1200 1199 0
1062 1063 1201 0
1062 1201 1200 0
1063 1064 1202 0
1063 1202 1201 0
1064 1065 1203 0
1064 1203 1202 0
1065 1066 1204 0
1065 1204 1203 0
1066 1067 1205 0
1066 1205 1204 0
1067 1068 1206 0
1067 1206 1205 0
1068 1069 1207 0
1068 1207 1206 0
1069 1070 1208 0
1069 1208 1207 0
1070 1071 1209 0
1070 1209 1208 0
1071 1072 1210 0
1071 1210 1209 0
1072 1073 1211 0
1072 1211 1210 0
1073 1074 1212 0
1073 1212 1211 0
1074 1075 1213 0
1074 1213 1212 0
1075 1076 1214 0
1075 1214 1213 0
1076 1077 1215 0
1076 1215 1214 0
1077 1078 1216 0
1077 1216 1215 0
1078 1079 1217 0
1078 1217 1216 0
1079 1080 1218 0
1079 1218 1217 0
1080 1081 1219 0
1080 1219 1218 0
1081 1082 1220 0
1081 1220 1219 0
1082 1083 1221 0
1082 1221 1220 0
1083 1084 1222 0
1083 1222 1221 0
1084 1085 1223 0
1084 1223 1222 0
1085 1086 1224 0
1085 1224 1223 0
1086 1087 1225 0
1086 1225 1224 0
1087 1088 1226 0
1087 1226 1225 0
1088 1089 1227 0
1088 1227 1226 0
1089 1090 1228 0
1089 1228 1227 0
1090 1091 1229 0
1090 1229 1228 0
1091 1092 1230 0
1091 1230 1229 0
1092 1093 1231 0
1092 1231 1230 0
1093 1094 1232 0
1093 1232 1231 0
1094 1095 1233 0
1094 1233 1232 0
1095 1096 1234 0
1095 1234 1233 0
1096 1097 1235 0
1096 1235 1234 0
1097 1098 1236 0
1097 1236 1235 0
1098 1099 1237 0
1098 1237 1236 0
1099 1100 1238 0
1099 1238 1237 0
1100 1101 1239 0
1100 1239 1238 0
1101 1102 1240 0
1101 1240 1239 0
1102 1103 1241 0
1102 1241 1240 0
1103 1104 1242 0
1103 1242 1241 0
1105 1106 1244 0
1105 1244 1243 0
1106 1107 1245 0
1106 1245 1244 0
1107 1108 1246 0
1107 1246 1245 0
1108 1109 1247 0
1108 1247 1246 0
1109 1110 1248 0
1109 1248 1247 0
1110 1111 1249 0
1110 1249 1248 0
1111 1112 1250 0
1111 1250 1249 0
1112 1113 1251 0
1112 1251 1250 0
1113 1114 1252 0
1113 1252 1251 0
1114 1115 1253 0
1114 1253 1252 0
1115 1116 1254 0
1115 1254 1253 0
1116 1117 1255 0
1116 1255 1254 0
1117 1118 1256 0
1117 1256 1255 0
1118 1119 1257 0
1118 1257 1256 0
1119 1120 1258 0
1119 1258 1257 0
1120 1121 1259 0
1120 1259 1258 0
1121 1122 1260 0
1121 1260 1259 0
1122 1123 1261 0
1122 1261 1260 0
1123 1124 1262 0
1123 1262 1261 0
1124 1125 1263 0
1124 1263 1262 0
1125 1126 1264 0
1125 1264 1263 0
1126 1127 1265 0
1126 1265 1264 0
1127 1128 1266 0
1127 1266 1265 0
1128 1129 1267 0
1128 1267 1266 0
1129 1130 1268 0
1129 1268 1267 0
1130 1131 1269 0
1130 1269 1268 0
1131 1132 1270 0
1131 1270 1269 0
1132 1133 1271 0
1132 1271 1270 0
1133 1134 1272 0
1133 1272 1271 0
1134 1135 1273 0
1134 1273 1272 0
1135 1136 1274 0
1135 1274 1273 0
1136 1137 1275 0
1136 1275 1274 0
1137 1138 1276 0
1137 1276 1275 0
1138 1139 1277 0
1138 1277 1276 0
1139 1140 1278 0
1139 1278 1277 0
1140 1141 1279 0
1140 1279 1278 0
1141 1142 1280 0
1141 1280 1279 0
1142 1143 1281 0
1142 1281 1280 0
1143 1144 1282 0
1143 1282 1281 0
1144 1145 1283 0
1144 1283 1282 0
1145 1146 1284 0
1145 1284 1283 0
1146 1147 1285 0
1146 1285 1284 0
1147 1148 1286 0
1147 1286 1285 0
1148 1149 1287 0
1148 1287 1286 0
1149 1150 1288 0
1149 1288 1287 0
1150 1151 1289 0
1150 1289 1288 0
1151 1152 1290 0
1151 1290 1289 0
1152 1153 1291 0
1152 1291 1290 0
1153 1154 1292 0
1153 1292 1291 0
1154 1155 1293 0
1154 1293 1292 0
1155 1156 1294 0
1155 1294 1293 0
1156 1157 1295 0
1156 1295 1294 0
1157 1158 1296 0
1157 1296 1295 0
1158 1159 1297 0
1158 1297 1296 0
1159 1160 1298 0
1159 1298 1297 0
1160 1161 1299 0
1160 1299 1298 0
1161 1162 1300 0
1161 1300 1299 0
1162 1163 1301 0
1162 1301 1300 0
1163 1164 1302 0
1163 1302 1301 0
1164 1165 1303 0
1164 1303 1302 0
1165 1166 1304 0
1165 1304 1303 0
1166 1167 1305 0
1166 1305 1304 0
1167 1168 1306 0
1167 1306 1305 0
1168 1169 1307 0
1168 1307 1306 0
1169 1170 1308 0
1169 1308 1307 0
1170 1171 1309 0
1170 1309 1308 0
1171 1172 1310 0
1171 1310 1309 0
1172 1173 1311 0
1172 1311 1310 0
1173 1174 1312 0
1173 1312 1311 0
1174 1175 1313 0
1174 1313 1312 0
1175 1176 1314 0
1175 1314 1313 0
1176 1177 1315 0
1176 1315 1314 0
1177 1178 1316 0
1177 1316 1315 0
1178 1179 1317 0
1178 1317 1316 0
1179 1180 1318 0
1179 1318 1317 0
1180 1181 1319 0
1180 1319 1318 0
1181 1182 1320 0
1181 1320 1319 0
1182 1183 1321 0
1182 1321 1320 0
1183 1184 1322 0
1183 1322 1321 0
1184 1185 1323 0
1184 1323 1322 0
1185 1186 1324 0
1185 1324 1323 0
1186 1187 1325 0
1186 1325 1324 0
1187 1188 1326 0
1187 1326 1325 0
1188 1189 1327 0
1188 1327 1326 0
1189 1190 1328 0
1189 1328 1327 0
1190 1191 1329 0
1190 1329 1328 0
1191 1192 1330 0
1191 1330 1329 0
1192 1193 1331 0
1192 1331 1330 0
1193 1194 1332 0
1193 1332 1331 0
1194 1195 1333 0
1194 1333 1332 0
1195 1196 1334 0
1195 1334 1333 0
1196 1197 1335 0
1196 1335 1334 0
1197 1198 1336 0
1197 1336 1335 0
1198 1199 1337 0
1198 1337 1336 0
1199 1200 1338 0
1199 1338 1337 0
1200 1201 1339 0
1200 1339 1338 0
1201 1202 1340 0
1201 1340 1339 0
1202 1203 1341 0
1202 1341 1340 0
1203 1204 1342 0
1203 1342 1341 0
1204 1205 1343 0
1204 1343 1342 0
1205 1206 1344 0
1205 1344 1343 0
1206 1207 1345 0
1206 1345 1344 0
1207 1208 1346 0
1207 1346 1345 0
1208 1209 1347 0
1208 1347 1346 0
1209 1210 1348 0
1209 1348 1347 0
1210 1211 1349 0
1210 1349 1348 0
1211 1212 1350 0
1211 1350 1349 0
1212 1213 1351 0
1212 1351 1350 0
1213 1214 1352 0
1213 1352 1351 0
1214 1215 1353 0
1214 1353 1352 0
1215 1216 1354 0
1215 1354 1353 0
1216 1217 1355 0
1216 1355 1354 0
1217 1218 1356 0
1217 1356 1355 0
1218 1219 1357 0
1218 1357 1356 0
1219 1220 1358 0
1219 1358 1357 0
1220 1221 1359 0
1220 1359 1358 0
1221 1222 1360 0
1221 1360 1359 0
1222 1223 1361 0
1222 1361 1360 0
1223 1224 1362 0
1223 1362 1361 0
1224 1225 1363 0
1224 1363 1362 0
1225 1226 1364 0
1225 1364 1363 0
1226 1227 1365 0
1226 1365 1364 0
1227 1228 1366 0
1227 1366 1365 0
1228 1229 1367 0
1228 1367 1366 0
1229 1230 1368 0
1229 1368 1367 0
1230 1231 1369 0
1230 1369 1368 0
1231 1232 1370 0
1231 1370 1369 0
1232 1233 1371 0
1232 1371 1370 0
1233 1234 1372 0
1233 1372 1371 0
1234 1235 1373 0
1234 1373 1372 0
1235 1236 1374 0
1235 1374 1373 0
1236 1237 1375 0
1236 1375 1374 0
1237 1238 1376 0
1237 1376 1375 0
1238 1239 1377 0
1238 1377 1376 0
1239 1240 1378 0
1239 1378 1377 0
1240 1241 1379 0
1240 1379 1378 0
1241 1242 1380 0
1241 1380 1379 0
1243 1244 1382 0
1243 1382 1381 0
1244 1245 1383 0
1244 1383 1382 0
1245 1246 1384 0
1245 1384 1383 0
1246 1247 1385 0
1246 1385 1384 0
1247 1248 1386 0
1247 1386 1385 0
1248 1249 1387 0
1248 1387 1386 0
1249 1250 1388 0
1249 1388 1387 0
1250 1251 1389 0
1250 1389 1388 0
1251 1252 1390 0
1251 1390 1389 0
1252 1253 1391 0
1252 1391 1390 0
1253 1254 1392 0
1253 1392 1391 0
1254 1255 1393 0
1254 1393 1392 0
1255 1256 1394 0
1255 1394 1393 0
1256 1257 1395 0
1256 1395 1394 0
1257 1258 1396 0
1257 1396 1395 0
1258 1259 1397 0
1258 1397 1396 0
1259 1260 1398 0
1259 1398 1397 0
1260 1261 1399 0
1260 1399 1398 0
1261 1262 1400 0
1261 1400 1399 0
1262 1263 1401 0
1262 1401 1400 0
1263 1264 1402 0
1263 1402 1401 0
1264 1265 1403 0
1264 1403 1402 0
1265 1266 1404 0
1265 1404 1403 0
1266 1267 1405 0
1266 1405 1404 0
1267 1268 1406 0
1267 1406 1405 0
1268 1269 1407 0
1268 1407 1406 0
1269 1270 1408 0
1269 1408 1407 0
1270 1271 1409 0
1270 1409 1408 0
1271 1272 1410 0
1271 1410 1409 0
1272 1273 1411 0
1272 1411 1410 0
1273 1274 1412 0
1273 1412 1411 0
1274 1275 1413 0
1274 1413 1412 0
1275 1276 1414 0
1275 1414 1413 0
1276 1277 1415 0
1276 1415 1414 0
1277 1278 1416 0
1277 1416 1415 0
1278 1279 1417 0
1278 1417 1416 0
1279 1280 1418 0
1279 1418 1417 0
1280 1281 1419 0
1280 1419 1418 0
1281 1282 1420 0
1281 1420 1419 0
1282 1283 1421 0
1282 1421 1420 0
1283 1284 1422 0
1283 1422 1421 0
1284 1285 1423 0
1284 1423 1422 0
1285 1286 1424 0
1285 1424 1423 0
1286 1287 1425 0
1286 1425 1424 0
1287 1288 1426 0
1287 1426 1425 0
1288 1289 1427 0
1288 1427 1426 0
1289 1290 1428 0
1289 1428 1427 0
1290 1291 1429 0
1290 1429 1428 0
1291 1292 1430 0
1291 1430 1429 0
1292 1293 1431 0
1292 1431 1430 0
1293 1294 1432 0
1293 1432 1431 0
1294 1295 1433 0
1294 1433 1432 0
1295 1296 1434 0
1295 1434 1433 0
1296 1297 1435 0
1296 1435 1434 0
1297 1298 1436 0
1297 1436 1435 0
1298 1299 1437 0
1298 1437 1436 0
1299 1300 1438 0
1299 1438 1437 0
1300 1301 1439 0
1300 1439 1438 0
1301 1302 1440 0
1301 1440 1439 0
1302 1303 1441 0
1302 1441 1440 0
1303 1304 1442 0
1303 1442 1441 0
1304 1305 1443 0
1304 1443 1442 0
1305 1306 1444 0
1305 1444 1443 0
1306 1307 1445 0
1306 1445 1444 0
1307 1308 1446 0
1307 1446 1445 0
1308 1309 1447 0
1308 1447 1446 0
1309 1310 1448 0
1309 1448 1447 0
1310 1311 1449 0
1310 1449 1448 0
1311 1312 1450 0
1311 1450 1449 0
1312 1313 1451 0
1312 1451 1450 0
1313 1314 1452 0
1313 1452 1451 0
1314 1315 1453 0
1314 1453 1452 0
1315 1316 1454 0
1315 1454 1453 0
1316 1317 1455 0
1316 1455 1454 0
1317 1318 1456 0
1317 1456 1455 0
1318 1319 1457 0
1318 1457 1456 0
1319 1320 1458 0
1319 1458 1457 0
1320 1321 1459 0
1320 1459 1458 0
1321 1322 1460 0
1321 1460 1459 0
1322 1323 1461 0
1322 1461 1460 0
1323 1324 1462 0
1323 1462 1461 0
1324 1325 1463 0
1324 1463 1462 0
1325 1326 1464 0
1325 1464 1463 0
1326 1327 1465 0
1326 1465 1464 0
1327 1328 1466 0
1327 1466 1465 0
1328 1329 1467 0
1328 1467 1466 0
1329 1330 1468 0
1329 1468 1467 0
1330 1331 1469 0
1330 1469 1468 0
1331 1332 1470 0
1331 1470 1469 0
1332 1333 1471 0
1332 1471 1470 0
1333 1334 1472 0
1333 1472 1471 0
1334 1335 1473 0
1334 1473 1472 0
1335 1336 1474 0
1335 1474 1473 0
1336 1337 1475 0
1336 1475 1474 0
1337 1338 1476 0
1337 1476 1475 0
1338 1339 1477 0
1338 1477 1476 0
1339 1340 1478 0
1339 1478 1477 0
1340 1341 1479 0
1340 1479 1478 0
1341 1342 1480 0
1341 1480 1479 0
1342 1343 1481 0
1342 1481 1480 0
1343 1344 1482 0
1343 1482 1481 0
1344 1345 1483 0
1344 1483 1482 0
1345 1346 1484 0
1345 1484 1483 0
1346 1347 1485 0
1346 1485 1484 0
1347 1348 1486 0
1347 1486 1485 0
1348 1349 1487 0
1348 1487 1486 0
1349 1350 1488 0
1349 1488 1487 0
1350 1351 1489 0
1350 1489 1488 0
1351 1352 1490 0
1351 1490 1489 0
1352 1353 1491 0
1352 1491 1490 0
1353 1354 1492 0
1353 1492 1491 0
1354 1355 1493 0
1354 1493 1492 0
1355 1356 1494 0
1355 1494 1493 0
1356 1357 1495 0
1356 1495 1494 0
1357 1358 1496 0
1357 1496 1495 0
1358 1359 1497 0
1358 1497 1496 0
1359 1360 1498 0
1359 1498 1497 0
1360 1361 1499 0
1360 1499 1498 0
1361 1362 1500 0
1361 1500 1499 0
1362 1363 1501 0
1362 1501 1500 0
1363 1364 1502 0
1363 1502 1501 0
1364 1365 1503 0
1364 1503 1502 0
1365 1366 1504 0
1365 1504 1503 0
1366 1367 1505 0
1366 1505 1504 0
1367 1368 1506 0
1367 1506 1505 0
1368 1369 1507 0
1368 1507 1506 0
1369 1370 1508 0
1369 1508 1507 0
1370 1371 1509 0
1370 1509 1508 0
1371 1372 1510 0
1371 1510 1509 0
1372 1373 1511 0
1372 1511 1510 0
1373 1374 1512 0
1373 1512 1511 0
1374 1375 1513 0
1374 1513 1512 0
1375 1376 1514 0
1375 1514 1513 0
1376 1377 1515 0
1376 1515 1514 0
1377 1378 1516 0
1377 1516 1515 0
1378 1379 1517 0
1378 1517 1516 0
1379 1380 1518 0
1379 1518 1517 0
1381 1382 1520 0
1381 1520 1519 0
1382 1383 1521 0
1382 1521 1520 0
1383 1384 1522 0
1383 1522 1521 0
1384 1385 1523 0
1384 1523 1522 0
1385 1386 1524 0
1385 1524 1523 0
1386 1387 1525 0
1386 1525 1524 0
1387 1388 1526 0
1387 1526 1525 0
1388 1389 1527 0
1388 1527 1526 0
1389 1390 1528 0
1389 1528 1527 0
1390 1391 1529 0
1390 1529 1528 0
1391 1392 1530 0
1391 1530 1529 0
1392 1393 1531 0
1392 1531 1530 0
1393 1394 1532 0
1393 1532 1531 0
1394 1395 1533 0
1394 1533 1532 0
1395 1396 1534 0
1395 1534 1533 0
1396 1397 1535 0
1396 1535 1534 0
1397 1398 1536 0
1397 1536 1535 0
1398 1399 1537 0
1398 1537 1536 0
1399 1400 1538 0
1399 1538 1537 0
1400 1401 1539 0
1400 1539 1538 0
1401 1402 1540 0
1401 1540 1539 0
1402 1403 1541 0
1402 1541 1540 0
1403 1404 1542 0
1403 1542 1541 0
1404 1405 1543 0
1404 1543 1542 0
1405 1406 1544 0
1405 1544 1543 0
1406 1407 1545 0
1406 1545 1544 0
1407 1408 1546 0
1407 1546 1545 0
1408 1409 1547 0
1408 1547 1546 0
1409 1410 1548 0
1409 1548 1547 0
1410 1411 1549 0
1410 1549 1548 0
1411 1412 1550 0
1411 1550 1549 0
1412 1413 1551 0
1412 1551 1550 0
1413 1414 1552 0
1413 1552 1551 0
1414 1415 1553 0
1414 1553 1552 0
1415 1416 1554 0
1415 1554 1553 0
1416 1417 1555 0
1416 1555 1554 0
1417 1418 1556 0
1417 1556 1555 0
1418 1419 1557 0
1418 1557 1556 0
1419 1420 1558 0
1419 1558 1557 0
1420 1421 1559 0
1420 1559 1558 0
1421 1422 1560 0
1421 1560 1559 0
1422 1423 1561 0
1422 1561 1560 0
1423 1424 1562 0
1423 1562 1561 0
1424 1425 1563 0
1424 1563 1562 0
1425 1426 1564 0
1425 1564 1563 0
1426 1427 1565 0
1426 1565 1564 0
1427 1428 1566 0
1427 1566 1565 0
1428 1429 1567 0
1428 1567 1566 0
1429 1430 1568 0
1429 1568 1567 0
1430 1431 1569 0
1430 1569 1568 0
1431 1432 1570 0
1431 1570 1569 0
1432 1433 1571 0
1432 1571 1570 0
1433 1434 1572 0
1433 1572 1571 0
1434 1435 1573 0
1434 1573 1572 0
1435 1436 1574 0
1435 1574 1573 0
1436 1437 1575 0
1436 1575 1574 0
1437 1438 1576 0
1437 1576 1575 0
1438 1439 1577 0
1438 1577 1576 0
1439 1440 1578 0
1439 1578 1577 0
1440 1441 1579 0
1440 1579 1578 0
1441 1442 1580 0
1441 1580 1579 0
1442 1443 1581 0
1442 1581 1580 0
1443 1444 1582 0
1443 1582 1581 0
1444 1445 1583 0
1444 1583 1582 0
1445 1446 1584 0
1445 1584 1583 0
1446 1447 1585 0
1446 1585 1584 0
1447 1448 1586 0
1447 1586 1585 0
1448 1449 1587 0
1448 1587 1586 0
1449 1450 1588 0
1449 1588 1587 0
1450 1451 1589 0
1450 1589 1588 0
1451 1452 1590 0
1451 1590 1589 0
1452 1453 1591 0
1452 1591 1590 0
1453 1454 1592 0
1453 1592 1591 0
1454 1455 1593 0
1454 1593 1592 0
1455 1456 1594 0
1455 1594 1593 0
1456 1457 1595 0
1456 1595 1594 0
1457 1458 1596 0
1457 1596 1595 0
1458 1459 1597 0
1458 1597 1596 0
1459 1460 1598 0
1459 1598 1597 0
1460 1461 1599 0
1460 1599 1598 0
1461 1462 1600 0
1461 1600 1599 0
1462 1463 1601 0
1462 1601 1600 0
1463 1464 1602 0
1463 1602 1601 0
1464 1465 1603 0
1464 1603 1602 0
1465 1466 1604 0
1465 1604 1603 0
1466 1467 1605 0
1466 1605 1604 0
1467 1468 1606 0
1467 1606 1605 0
1468 1469 1607 0
1468 1607 1606 0
1469 1470 1608 0
1469 1608 1607 0
1470 1471 1609 0
1470 1609 1608 0
1471 1472 1610 0
1471 1610 1609 0
1472 1473 1611 0
1472 1611 1610 0
1473 1474 1612 0
1473 1612 1611 0
1474 1475 1613 0
1474 1613 1612 0
1475 1476 1614 0
1475 1614 1613 0
1476 1477 1615 0
1476 1615 1614 0
1477 1478 1616 0
1477 1616 1615 0
1478 1479 1617 0
1478 1617 1616 0
1479 1480 1618 0
1479 1618 1617 0
1480 1481 1619 0
1480 1619 1618 0
1481 1482 1620 0
1481 1620 1619 0
1482 1483 1621 0
1482 1621 1620 0
1483 1484 1622 0
1483 1622 1621 0
1484 1485 1623 0
1484 1623 1622 0
1485 1486 1624 0
1485 1624 1623 0
1486 1487 1625 0
1486 1625 1624 0
1487 1488 1626 0
1487 1626 1625 0
1488 1489 1627 0
1488 1627 1626 0
1489 1490 1628 0
1489 1628 1627 0
1490 1491 1629 0
1490 1629 1628 0
1491 1492 1630 0
1491 1630 1629 0
1492 1493 1631 0
1492 1631 1630 0
1493 1494 1632 0
1493 1632 1631 0
1494 1495 1633 0
1494 1633 1632 0
1495 1496 1634 0
1495 1634 1633 0
1496 1497 1635 0
1496 1635 1634 0
1497 1498 1636 0
1497 1636 1635 0
1498 1499 1637 0
1498 1637 1636 0
1499 1500 1638 0
1499 1638 1637 0
1500 1501 1639 0
1500 1639 1638 0
1501 1502 1640 0
1501 1640 1639 0
1502 1503 1641 0
1502 1641 1640 0
1503 1504 1642 0
1503 1642 1641 0
1504 1505 1643 0
1504 1643 1642 0
1505 1506 1644 0
1505 1644 1643 0
1506 1507 1645 0
1506 1645 1644 0
1507 1508 1646 0
1507 1646 1645 0
1508 1509 1647 0
1508 1647 1646 0
1509 1510 1648 0
1509 1648 1647 0
1510 1511 1649 0
1510 1649 1648 0
1511 1512 1650 0
1511 1650 1649 0
1512 1513 1651 0
1512 1651 1650 0
1513 1514 1652 0
1513 1652 1651 0
1514 1515 1653 0
1514 1653 1652 0
1515 1516 1654 0
1515 1654 1653 0
1516 1517 1655 0
1516 1655 1654 0
1517 1518 1656 0
1517 1656 1655 0
1519 1520 1658 0
1519 1658 1657 0
1520 1521 1659 0
1520 1659 1658 0
1521 1522 1660 0
1521 1660 1659 0
1522 1523 1661 0
1522 1661 1660 0
1523 1524 1662 0
1523 1662 1661 0
1524 1525 1663 0
1524 1663 1662 0
1525 1526 1664 0
1525 1664 1663 0
1526 1527 1665 0
1526 1665 1664 0
1527 1528 1666 0
1527 1666 1665 0
1528 1529 1667 0
1528 1667 1666 0
1529 1530 1668 0
1529 1668 1667 0
1530 1531 1669 0
1530 1669 1668 0
1531 1532 1670 0
1531 1670 1669 0
1532 1533 1671 0
1532 1671 1670 0
1533 1534 1672 0
1533 1672 1671 0
1534 1535 1673 0
1534 1673 1672 0
1535 1536 1674 0
1535 1674 1673 0
1536 1537 1675 0
1536 1675 1674 0
1537 1538 1676 0
1537 1676 1675 0
1538 1539 1677 0
1538 1677 1676 0
1539 1540 1678 0
1539 1678 1677 0
1540 1541 1679 0
1540 1679 1678 0
1541 1542 1680 0
1541 1680 1679 0
1542 1543 1681 0
1542 1681 1680 0
1543 1544 1682 0
1543 1682 1681 0
1544 1545 1683 0
1544 1683 1682 0
1545 1546 1684 0
1545 1684 1683 0
1546 1547 1685 0
1546 1685 1684 0
1547 1548 1686 0
1547 1686 1685 0
1548 1549 1687 0
1548 1687 1686 0
1549 1550 1688 0
1549 1688 1687 0
1550 1551 1689 0
1550 1689 1688 0
1551 1552 1690 0
1551 1690 1689 0
1552 1553 1691 0
1552 1691 1690 0
1553 1554 1692 0
1553 1692 1691 0
1554 1555 1693 0
1554 1693 1692 0
1555 1556 1694 0
1555 1694 1693 0
1556 1557 1695 0
1556 1695 1694 0
1557 1558 1696 0
1557 1696 1695 0
1558 1559 1697 0
1558 1697 1696 0
1559 1560 1698 0
1559 1698 1697 0
1560 1561 1699 0
1560 1699 1698 0
1561 1562 1700 0
1561 1700 1699 0
1562 1563 1701 0
1562 1701 1700 0
1563 1564 1702 0
1563 1702 1701 0
1564 1565 1703 0
1564 1703 1702 0
1565 1566 1704 0
1565 1704 1703 0
1566 1567 1705 0
1566 1705 1704 0
1567 1568 1706 0
1567 1706 1705 0
1568 1569 1707 0
1568 1707 1706 0
1569 1570 1708 0
1569 1708 1707 0
1570 1571 1709 0
1570 1709 1708 0
1571 1572 1710 0
1571 1710 1709 0
1572 1573 1711 0
1572 1711 1710 0
1573 1574 1712 0
1573 1712 1711 0
1574 1575 1713 0
1574 1713 1712 0
1575 1576 1714 0
1575 1714 1713 0
1576 1577 1715 0
1576 1715 1714 0
1577 1578 1716 0
1577 1716 1715 0
1578 1579 1717 0
1578 1717 1716 0
1579 1580 1718 0
1579 1718 1717 0
1580 1581 1719 0
1580 1719 1718 0
1581 1582 1720 0
1581 1720 1719 0
1582 1583 1721 0
1582 1721 1720 0
1583 1584 1722 0
1583 1722 1721 0
1584 1585 1723 0
1584 1723 1722 0
1585 1586 1724 0
1585 1724 1723 0
1586 1587 1725 0
1586 1725 1724 0
1587 1588 1726 0
1587 1726 1725 0
1588 1589 1727 0
1588 1727 1726 0
1589 1590 1728 0
1589 1728 1727 0
1590 1591 1729 0
1590 1729 1728 0
1591 1592 1730 0
1591 1730 1729 0
1592 1593 1731 0
1592 1731 1730 0
1593 1594 1732 0
1593 1732 1731 0
1594 1595 1733 0
1594 1733 1732 0
1595 1596 1734 0
1595 1734 1733 0
1596 1597 1735 0
1596 1735 1734 0
1597 1598 1736 0
1597 1736 1735 0
1598 1599 1737 0
1598 1737 1736 0
1599 1600 1738 0
1599 1738 1737 0
1600 1601 1739 0
1600 1739 1738 0
1601 1602 1740 0
1601 1740 1739 0
1602 1603 1741 0
1602 1741 1740 0
1603 1604 1742 0
1603 1742 1741 0
1604 1605 1743 0
1604 1743 1742 0
1605 1606 1744 0
1605 1744 1743 0
1606 1607 1745 0
1606 1745 1744 0
1607 1608 1746 0
1607 1746 1745 0
1608 1609 1747 0
1608 1747 1746 0
1609 1610 1748 0
1609 1748 1747 0
1610 1611 1749 0
1610 1749 1748 0
1611 1612 1750 0
1611 1750 1749 0
1612 1613 1751 0
1612 1751 1750 0
1613 1614 1752 0
1613 1752 1751 0
1614 1615 1753 0
1614 1753 1752 0
1615 1616 1754 0
1615 1754 1753 0
1616 1617 1755 0
1616 1755 1754 0
1617 1618 1756 0
1617 1756 1755 0
1618 1619 1757 0
1618 1757 1756 0
1619 1620 1758 0
1619 1758 1757 0
1620 1621 1759 0
1620 1759 1758 0
1621 1622 1760 0
1621 1760 1759 0
1622 1623 1761 0
1622 1761 1760 0
1623 1624 1762 0
1623 1762 1761 0
1624 1625 1763 0
1624 1763 1762 0
1625 1626 1764 0
1625 1764 1763 0
1626 1627 1765 0
1626 1765 1764 0
1627 1628 1766 0
1627 1766 1765 0
1628 1629 1767 0
1628 1767 1766 0
1629 1630 1768 0
1629 1768 1767 0
1630 1631 1769 0
1630 1769 1768 0
1631 1632 1770 0
1631 1770 1769 0
1632 1633 1771 0
1632 1771 1770 0
1633 1634 1772 0
1633 1772 1771 0
1634 1635 1773 0
1634 1773 1772 0
1635 1636 1774 0
1635 1774 1773 0
1636 1637 1775 0
1636 1775 1774 0
1637 1638 1776 0
1637 1776 1775 0
1638 1639 1777 0
1638 1777 1776 0
1639 1640 1778 0
1639 1778 1777 0
1640 1641 1779 0
1640 1779 1778 0
1641 1642 1780 0
1641 1780 1779 0
1642 1643 1781 0
1642 1781 1780 0
1643 1644 1782 0
1643 1782 1781 0
1644 1645 1783 0
1644 1783 1782 0
1645 1646 1784 0
1645 1784 1783 0
1646 1647 1785 0
1646 1785 1784 0
1647 1648 1786 0
1647 1786 1785 0
1648 1649 1787 0
1648 1787 1786 0
1649 1650 1788 0
1649 1788 1787 0
1650 1651 1789 0
1650 1789 1788 0
1651 1652 1790 0
1651 1790 1789 0
1652 1653 1791 0
1652 1791 1790 0
1653 1654 1792 0
1653 1792 1791 0
1654 1655 1793 0
1654 1793 1792 0
1655 1656 1794 0
1655 1794 1793 0
1657 1658 1796 0
1657 1796 1795 0
1658 1659 1797 0
1658 1797 1796 0
1659 1660 1798 0
1659 1798 1797 0
1660 1661 1799 0
1660 1799 1798 0
1661 1662 1800 0
1661 1800 1799 0
1662 1663 1801 0
1662 1801 1800 0
1663 1664 1802 0
1663 1802 1801 0
1664 1665 1803 0
1664 1803 1802 0
1665 1666 1804 0
1665 1804 1803 0
1666 1667 1805 0
1666 1805 1804 0
1667 1668 1806 0
1667 1806 1805 0
1668 1669 1807 0
1668 1807 1806 0
1669 1670 1808 0
1669 1808 1807 0
1670 1671 1809 0
1670 1809 1808 0
1671 1672 1810 0
1671 1810 1809 0
1672 1673 1811 0
1672 1811 1810 0
1673 1674 1812 0
1673 1812 1811 0
1674 1675 1813 0
1674 1813 1812 0
1675 1676 1814 0
1675 1814 1813 0
1676 1677 1815 0
1676 1815 1814 0
1677 1678 1816 0
1677 1816 1815 0
1678 1679 1817 0
1678 1817 1816 0
1679 1680 1818 0
1679 1818 1817 0
1680 1681 1819 0
1680 1819 1818 0
1681 1682 1820 0
1681 1820 1819 0
1682 1683 1821 0
1682 1821 1820 0
1683 1684 1822 0
1683 1822 1821 0
1684 1685 1823 0
1684 1823 1822 0
1685 1686 1824 0
1685 1824 1823 0
1686 1687 1825 0
1686 1825 1824 0
1687 1688 1826 0
1687 1826 1825 0
1688 1689 1827 0
1688 1827 1826 0
1689 1690 1828 0
1689 1828 1827 0
1690 1691 1829 0
1690 1829 1828 0
1691 1692 1830 0
1691 1830 1829 0
1692 1693 1831 0
1692 1831 1830 0
1693 1694 1832 0
1693 1832 1831 0
1694 1695 1833 0
1694 1833 1832 0
1695 1696 1834 0
1695 1834 1833 0
1696 1697 1835 0
1696 1835 1834 0
1697 1698 1836 0
1697 1836 1835 0
1698 1699 1837 0
1698 1837 1836 0
1699 1700 1838 0
1699 1838 1837 0
1700 1701 1839 0
1700 1839 1838 0
1701 1702 1840 0
1701 1840 1839 0
1702 1703 1841 0
1702 1841 1840 0
1703 1704 1842 0
1703 1842 1841 0
1704 1705 1843 0
1704 1843 1842 0
1705 1706 1844 0
1705 1844 1843 0
1706 1707 1845 0
1706 1845 1844 0
1707 1708 1846 0
1707 1846 1845 0
1708 1709 1847 0
1708 1847 1846 0
1709 1710 1848 0
1709 1848 1847 0
1710 1711 1849 0
1710 1849 1848 0
1711 1712 1850 0
1711 1850 1849 0
1712 1713 1851 0
1712 1851 1850 0
1713 1714 1852 0
1713 1852 1851 0
1714 1715 1853 0
1714 1853 1852 0
1715 1716 1854 0
1715 1854 1853 0
1716 1717 1855 0
1716 1855 1854 0
1717 1718 1856 0
1717 1856 1855 0
1718 1719 1857 0
1718 1857 1856 0
1719 1720 1858 0
1719 1858 1857 0
1720 1721 1859 0
1720 1859 1858 0
1721 1722 1860 0
1721 1860 1859 0
1722 1723 1861 0
1722 1861 1860 0
1723 1724 1862 0
1723 1862 1861 0
1724 1725 1863 0
1724 1863 1862 0
1725 1726 1864 0
1725 1864 1863 0
1726 1727 1865 0
1726 1865 1864 0
1727 1728 1866 0
1727 1866 1865 0
1728 1729 1867 0
1728 1867 1866 0
1729 1730 1868 0
1729 1868 1867 0
1730 1731 1869 0
1730 1869 1868 0
1731 1732 1870 0
1731 1870 1869 0
1732 1733 1871 0
1732 1871 1870 0
1733 1734 1872 0
1733 1872 1871 0
1734 1735 1873 0
1734 1873 1872 0
1735 1736 1874 0
1735 1874 1873 0
1736 1737 1875 0
1736 1875 1874 0
1737 1738 1876 0
1737 1876 1875 0
1738 1739 1877 0
1738 1877 1876 0
1739 1740 1878 0
1739 1878 1877 0
1740 1741 1879 0
1740 1879 1878 0
1741 1742 1880 0
1741 1880 1879 0
1742 1743 1881 0
1742 1881 1880 0
1743 1744 1882 0
1743 1882 1881 0
1744 1745 1883 0
1744 1883 1882 0
1745 1746 1884 0
1745 1884 1883 0
1746 1747 1885 0
1746 1885 1884 0
1747 1748 1886 0
1747 1886 1885 0
1748 1749 1887 0
1748 1887 1886 0
1749 1750 1888 0
1749 1888 1887 0
1750 1751 1889 0
1750 1889 1888 0
1751 1752 1890 0
1751 1890 1889 0
1752 1753 1891 0
1752 1891 1890 0
1753 1754 1892 0
1753 1892 1891 0
1754 1755 1893 0
1754 1893 1892 0
1755 1756 1894 0
1755 1894 1893 0
1756 1757 1895 0
1756 1895 1894 0
1757 1758 1896 0
1757 1896 1895 0
1758 1759 1897 0
1758 1897 1896 0
1759 1760 1898 0
1759 1898 1897 0
1760 1761 1899 0
1760 1899 1898 0
1761 1762 1900 0
1761 1900 1899 0
1762 1763 1901 0
1762 1901 1900 0
1763 1764 1902 0
1763 1902 1901 0
1764 1765 1903 0
1764 1903 1902 0
1765 1766 1904 0
1765 1904 1903 0
1766 1767 1905 0
1766 1905 1904 0
1767 1768 1906 0
1767 1906 1905 0
1768 1769 1907 0
1768 1907 1906 0
1769 1770 1908 0
1769 1908 1907 0
1770 1771 1909 0
1770 1909 1908 0
1771 1772 1910 0
1771 1910 1909 0
1772 1773 1911 0
1772 1911 1910 0
1773 1774 1912 0
1773 1912 1911 0
1774 1775 1913 0
1774 1913 1912 0
1775 1776 1914 0
1775 1914 1913 0
1776 1777 1915 0
1776 1915 1914 0
1777 1778 1916 0
1777 1916 1915 0
1778 1779 1917 0
1778 1917 1916 0
1779 1780 1918 0
1779 1918 1917 0
1780 1781 1919 0
1780 1919 1918 0
1781 1782 1920 0
1781 1920 1919 0
1782 1783 1921 0
1782 1921 1920 0
1783 1784 1922 0
1783 1922 1921 0
1784 1785 1923 0
1784 1923 1922 0
1785 1786 1924 0
1785 1924 1923 0
1786 1787 1925 0
1786 1925 1924 0
1787 1788 1926 0
1787 1926 1925 0
1788 1789 1927 0
1788 1927 1926 0
1789 1790 1928 0
1789 1928 1927 0
1790 1791 1929 0
1790 1929 1928 0
1791 1792 1930 0
1791 1930 1929 0
1792 1793 1931 0
1792 1931 1930 0
1793 1794 1932 0
1793 1932 1931 0
1795 1796 1934 0
1795 1934 1933 0
1796 1797 1935 0
1796 1935 1934 0
1797 1798 1936 0
1797 1936 1935 0
1798 1799 1937 0
1798 1937 1936 0
1799 1800 1938 0
1799 1938 1937 0
1800 1801 1939 0
1800 1939 1938 0
1801 1802 1940 0
1801 1940 1939 0
1802 1803 1941 0
1802 1941 1940 0
1803 1804 1942 0
1803 1942 1941 0
1804 1805 1943 0
1804 1943 1942 0
1805 1806 1944 0
1805 1944 1943 0
1806 1807 1945 0
1806 1945 1944 0
1807 1808 1946 0
1807 1946 1945 0
1808 1809 1947 0
1808 1947 1946 0
1809 1810 1948 0
1809 1948 1947 0
1810 1811 1949 0
1810 1949 1948 0
1811 1812 1950 0
1811 1950 1949 0
1812 1813 1951 0
1812 1951 1950 0
1813 1814 1952 0
1813 1952 1951 0
1814 1815 1953 0
1814 1953 1952 0
1815 1816 1954 0
1815 1954 1953 0
1816 1817 1955 0
1816 1955 1954 0
1817 1818 1956 0
1817 1956 1955 0
1818 1819 1957 0
1818 1957 1956 0
1819 1820 1958 0
1819 1958 1957 0
1820 1821 1959 0
1820 1959 1958 0
1821 1822 1960 0
1821 1960 1959 0
1822 1823 1961 0
1822 1961 1960 0
1823 1824 1962 0
1823 1962 1961 0
1824 1825 1963 0
1824 1963 1962 0
1825 1826 1964 0
1825 1964 1963 0
1826 1827 1965 0
1826 1965 1964 0
1827 1828 1966 0
1827 1966 1965 0
1828 1829 1967 0
1828 1967 1966 0
1829 1830 1968 0
1829 1968 1967 0
1830 1831 1969 0
1830 1969 1968 0
1831 1832 1970 0
1831 1970 1969 0
1832 1833 1971 0
1832 1971 1970 0
1833 1834 1972 0
1833 1972 1971 0
1834 1835 1973 0
1834 1973 1972 0
1835 1836 1974 0
1835 1974 1973 0
1836 1837 1975 0
1836 1975 1974 0
1837 1838 1976 0
1837 1976 1975 0
1838 1839 1977 0
1838 1977 1976 0
1839 1840 1978 0
1839 1978 1977 0
1840 1841 1979 0
1840 1979 1978 0
1841 1842 1980 0
1841 1980 1979 0
1842 1843 1981 0
1842 1981 1980 0
1843 1844 1982 0
1843 1982 1981 0
1844 1845 1983 0
1844 1983 1982 0
1845 1846 1984 0
1845 1984 1983 0
1846 1847 1985 0
1846 1985 1984 0
1847 1848 1986 0
1847 1986 1985 0
1848 1849 1987 0
1848 1987 1986 0
1849 1850 1988 0
1849 1988 1987 0
1850 1851 1989 0
1850 1989 1988 0
1851 1852 1990 0
1851 1990 1989 0
1852 1853 1991 0
1852 1991 1990 0
1853 1854 1992 0
1853 1992 1991 0
1854 1855 1993 0
1854 1993 1992 0
1855 1856 1994 0
1855 1994 1993 0
1856 1857 1995 0
1856 1995 1994 0
1857 1858 1996 0
1857 1996 1995 0
1858 1859 1997 0
1858 1997 1996 0
1859 1860 1998 0
1859 1998 1997 0
1860 1861 1999 0
1860 1999 1998 0
1861 1862 2000 0
1861 2000 1999 0
1862 1863 2001 0
1862 2001 2000 0
1863 1864 2002 0
1863 2002 2001 0
1864 1865 2003 0
1864 2003 2002 0
1865 1866 2004 0
1865 2004 2003 0
1866 1867 2005 0
1866 2005 2004 0
1867 1868 2006 0
1867 2006 2005 0
1868 1869 2007 0
1868 2007 2006 0
1869 1870 2008 0
1869 2008 2007 0
1870 1871 2009 0
1870 2009 2008 0
1871 1872 2010 0
1871 2010 2009 0
1872 1873 2011 0
1872 2011 2010 0
1873 1874 2012 0
1873 2012 2011 0
1874 1875 2013 0
1874 2013 2012 0
1875 1876 2014 0
1875 2014 2013 0
1876 1877 2015 0
1876 2015 2014 0
1877 1878 2016 0
1877 2016 2015 0
1878 1879 2017 0
1878 2017 2016 0
1879 1880 2018 0
1879 2018 2017 0
1880 1881 2019 0
1880 2019 2018 0
1881 1882 2020 0
1881 2020 2019 0
1882 1883 2021 0
1882 2021 2020 0
1883 1884 2022 0
1883 2022 2021 0
1884 1885 2023 0
1884 2023 2022 0
1885 1886 2024 0
1885 2024 2023 0
1886 1887 2025 0
1886 2025 2024 0
1887 1888 2026 0
1887 2026 2025 0
1888 1889 2027 0
1888 2027 2026 0
1889 1890 2028 0
1889 2028 2027 0
1890 1891 2029 0
1890 2029 2028 0
1891 1892 2030 0
1891 2030 2029 0
1892 1893 2031 0
1892 2031 2030 0
1893 1894 2032 0
1893 2032 2031 0
1894 1895 2033 0
1894 2033 2032 0
1895 1896 2034 0
1895 2034 2033 0
1896 1897 2035 0
1896 2035 2034 0
1897 1898 2036 0
1897 2036 2035 0
1898 1899 2037 0
1898 2037 2036 0
1899 1900 2038 0
1899 2038 2037 0
1900 1901 2039 0
1900 2039 2038 0
1901 1902 2040 0
1901 2040 2039 0
1902 1903 2041 0
1902 2041 2040 0
1903 1904 2042 0
1903 2042 2041 0
1904 1905 2043 0
1904 2043 2042 0
1905 1906 2044 0
1905 2044 2043 0
1906 1907 2045 0
1906 2045 2044 0
1907 1908 2046 0
1907 2046 2045 0
1908 1909 2047 0
1908 2047 2046 0
1909 1910 2048 0
1909 2048 2047 0
1910 1911 2049 0
1910 2049 2048 0
1911 1912 2050 0
1911 2050 2049 0
1912 1913 2051 0
1912 2051 2050 0
1913 1914 2052 0
1913 2052 2051 0
1914 1915 2053 0
1914 2053 2052 0
1915 1916 2054 0
1915 2054 2053 0
1916 1917 2055 0
1916 2055 2054 0
1917 1918 2056 0
1917 2056 2055 0
1918 1919 2057 0
1918 2057 2056 0
1919 1920 2058 0
1919 2058 2057 0
1920 1921 2059 0
1920 2059 2058 0
1921 1922 2060 0
1921 2060 2059 0
1922 1923 2061 0
1922 2061 2060 0
1923 1924 2062 0
1923 2062 2061 0
1924 1925 2063 0
1924 2063 2062 0
1925 1926 2064 0
1925 2064 2063 0
1926 1927 2065 0
1926 2065 2064 0
1927 1928 2066 0
1927 2066 2065 0
1928 1929 2067 0
1928 2067 2066 0
1929 1930 2068 0
1929 2068 2067 0
1930 1931 2069 0
1930 2069 2068 0
1931 1932 2070 0
1931 2070 2069 0
1933 1934 2072 0
1933 2072 2071 0
1934 1935 2073 0
1934 2073 2072 0
1935 1936 2074 0
1935 2074 2073 0
1936 1937 2075 0
1936 2075 2074 0
1937 1938 2076 0
1937 2076 2075 0
1938 1939 2077 0
1938 2077 2076 0
1939 1940 2078 0
1939 2078 2077 0
1940 1941 2079 0
1940 2079 2078 0
1941 1942 2080 0
1941 2080 2079 0
1942 1943 2081 0
1942 2081 2080 0
1943 1944 2082 0
1943 2082 2081 0
1944 1945 2083 0
1944 2083 2082 0
1945 1946 2084 0
1945 2084 2083 0
1946 1947 2085 0
1946 2085 2084 0
1947 1948 2086 0
1947 2086 2085 0
1948 1949 2087 0
1948 2087 2086 0
1949 1950 2088 0
1949 2088 2087 0
1950 1951 2089 0
1950 2089 2088 0
1951 1952 2090 0
1951 2090 2089 0
1952 1953 2091 0
1952 2091 2090 0
1953 1954 2092 0
1953 2092 2091 0
1954 1955 2093 0
1954 2093 2092 0
1955 1956 2094 0
1955 2094 2093 0
1956 1957 2095 0
1956 2095 2094 0
1957 1958 2096 0
1957 2096 2095 0
1958 1959 2097 0
1958 2097 2096 0
1959 1960 2098 0
1959 2098 2097 0
1960 1961 2099 0
1960 2099 2098 0
1961 1962 2100 0
1961 2100 2099 0
1962 1963 2101 0
1962 2101 2100 0
1963 1964 2102 0
1963 2102 2101 0
1964 1965 2103 0
1964 2103 2102 0
1965 1966 2104 0
1965 2104 2103 0
1966 1967 2105 0
1966 2105 2104 0
1967 1968 2106 0
1967 2106 2105 0
1968 1969 2107 0
1968 2107 2106 0
1969 1970 2108 0
1969 2108 2107 0
1970 1971 2109 0
1970 2109 2108 0
1971 1972 2110 0
1971 2110 2109 0
1972 1973 2111 0
1972 2111 2110 0
1973 1974 2112 0
1973 2112 2111 0
1974 1975 2113 0
1974 2113 2112 0
1975 1976 2114 0
1975 2114 2113 0
1976 1977 2115 0
1976 2115 2114 0
1977 1978 2116 0
1977 2116 2115 0
1978 1979 2117 0
1978 2117 2116 0
1979 1980 2118 0
1979 2118 2117 0
1980 1981 2119 0
1980 2119 2118 0
1981 1982 2120 0
1981 2120 2119 0
1982 1983 2121 0
1982 2121 2120 0
1983 1984 2122 0
1983 2122 2121 0
1984 1985 2123 0
1984 2123 2122 0
1985 1986 2124 0
1985 2124 2123 0
1986 1987 2125 0
1986 2125 2124 0
1987 1988 2126 0
1987 2126 2125 0
1988 1989 2127 0
1988 2127 2126 0
1989 1990 2128 0
1989 2128 2127 0
1990 1991 2129 0
1990 2129 2128 0
1991 1992 2130 0
1991 2130 2129 0
1992 1993 2131 0
1992 2131 2130 0
1993 1994 2132 0
1993 2132 2131 0
1994 1995 2133 0
1994 2133 2132 0
1995 1996 2134 0
1995 2134 2133 0
1996 1997 2135 0
1996 2135 2134 0
1997 1998 2136 0
1997 2136 2135 0
1998 1999 2137 0
1998 2137 2136 0
1999 2000 2138 0
1999 2138 2137 0
2000 2001 2139 0
2000 2139 2138 0
2001 2002 2140 0
2001 2140 2139 0
2002 2003 2141 0
2002 2141 2140 0
2003 2004 2142 0
2003 2142 2141 0
2004 2005 2143 0
2004 2143 2142 0
2005 2006 2144 0
2005 2144 2143 0
2006 2007 2145 0
2006 2145 2144 0
2007 2008 2146 0
2007 2146 2145 0
2008 2009 2147 0
2008 2147 2146 0
2009 2010 2148 0
2009 2148 2147 0
2010 2011 2149 0
2010 2149 2148 0
2011 2012 2150 0
2011 2150 2149 0
2012 2013 2151 0
2012 2151 2150 0
2013 2014 2152 0
2013 2152 2151 0
2014 2015 2153 0
2014 2153 2152 0
2015 2016 2154 0
2015 2154 2153 0
2016 2017 2155 0
2016 2155 2154 0
2017 2018 2156 0
2017 2156 2155 0
2018 2019 2157 0
2018 2157 2156 0
2019 2020 2158 0
2019 2158 2157 0
2020 2021 2159 0
2020 2159 2158 0
2021 2022 2160 0
2021 2160 2159 0
2022 2023 2161 0
2022 2161 2160 0
2023 2024 2162 0
2023 2162 2161 0
2024 2025 2163 0
2024 2163 2162 0
2025 2026 2164 0
2025 2164 2163 0
2026 2027 2165 0
2026 2165 2164 0
2027 2028 2166 0
2027 2166 2165 0
2028 2029 2167 0
2028 2167 2166 0
2029 2030 2168 0
2029 2168 2167 0
2030 2031 2169 0
2030 2169 2168 0
2031 2032 2170 0
2031 2170 2169 0
2032 2033 2171 0
2032 2171 2170 0
2033 2034 2172 0
2033 2172 2171 0
2034 2035 2173 0
2034 2173 2172 0
2035 2036 2174 0
2035 2174 2173 0
2036 2037 2175 0
2036 2175 2174 0
2037 2038 2176 0
2037 2176 2175 0
2038 2039 2177 0
2038 2177 2176 0
2039 2040 2178 0
2039 2178 2177 0
2040 2041 2179 0
2040 2179 2178 0
2041 2042 2180 0
2041 2180 2179 0
2042 2043 2181 0
2042 2181 2180 0
2043 2044 2182 0
2043 2182 2181 0
2044 2045 2183 0
2044 2183 2182 0
2045 2046 2184 0
2045 2184 2183 0
2046 2047 2185 0
2046 2185 2184 0
2047 2048 2186 0
2047 2186 2185 0
2048 2049 2187 0
2048 2187 2186 0
2049 2050 2188 0
2049 2188 2187 0
2050 2051 2189 0
2050 2189 2188 0
2051 2052 2190 0
2051 2190 2189 0
2052 2053 2191 0
2052 2191 2190 0
2053 2054 2192 0
2053 2192 2191 0
2054 2055 2193 0
2054 2193 2192 0
2055 2056 2194 0
2055 2194 2193 0
2056 2057 2195 0
2056 2195 2194 0
2057 2058 2196 0
2057 2196 2195 0
2058 2059 2197 0
2058 2197 2196 0
2059 2060 2198 0
2059 2198 2197 0
2060 2061 2199 0
2060 2199 2198 0
2061 2062 2200 0
2061 2200 2199 0
2062 2063 2201 0
2062 2201 2200 0
2063 2064 2202 0
2063 2202 2201 0
2064 2065 2203 0
2064 2203 2202 0
2065 2066 2204 0
2065 2204 2203 0
2066 2067 2205 0
2066 2205 2204 0
2067 2068 2206 0
2067 2206 2205 0
2068 2069 2207 0
2068 2207 2206 0
2069 2070 2208 0
2069 2208 2207 0
2071 2072 2210 0
2071 2210 2209 0
2072 2073 2211 0
2072 2211 2210 0
2073 2074 2212 0
2073 2212 2211 0
2074 2075 2213 0
2074 2213 2212 0
2075 2076 2214 0
2075 2214 2213 0
2076 2077 2215 0
2076 2215 2214 0
2077 2078 2216 0
2077 2216 2215 0
2078 2079 2217 0
2078 2217 2216 0
2079 2080 2218 0
2079 2218 2217 0
2080 2081 2219 0
2080 2219 2218 0
2081 2082 2220 0
2081 2220 2219 0
2082 2083 2221 0
2082 2221 2220 0
2083 2084 2222 0
2083 2222 2221 0
2084 2085 2223 0
2084 2223 2222 0
2085 2086 2224 0
2085 2224 2223 0
2086 2087 2225 0
2086 2225 2224 0
2087 2088 2226 0
2087 2226 2225 0
2088 2089 2227 0
2088 2227 2226 0
2089 2090 2228 0
2089 2228 2227 0
2090 2091 2229 0
2090 2229 2228 0
2091 2092 2230 0
2091 2230 2229 0
2092 2093 2231 0
2092 2231 2230 0
2093 2094 2232 0
2093 2232 2231 0
2094 2095 2233 0
2094 2233 2232 0
2095 2096 2234 0
2095 2234 2233 0
2096 2097 2235 0
2096 2235 2234 0
2097 2098 2236 0
2097 2236 2235 0
2098 2099 2237 0
2098 2237 2236 0
2099 2100 2238 0
2099 2238 2237 0
2100 2101 2239 0
2100 2239 2238 0
2101 2102 2240 0
2101 2240 2239 0
2102 2103 2241 0
2102 2241 2240 0
2103 2104 2242 0
2103 2242 2241 0
2104 2105 2243 0
2104 2243 2242 0
2105 2106 2244 0
2105 2244 2243 0
2106 2107 2245 0
2106 2245 2244 0
2107 2108 2246 0
2107 2246 2245 0
2108 2109 2247 0
2108 2247 2246 0
2109 2110 2248 0
2109 2248 2247 0
2110 2111 2249 0
2110 2249 2248 0
2111 2112 2250 0
2111 2250 2249 0
2112 2113 2251 0
2112 2251 2250 0
2113 2114 2252 0
2113 2252 2251 0
2114 2115 2253 0
2114 2253 2252 0
2115 2116 2254 0
2115 2254 2253 0
2116 2117 2255 0
2116 2255 2254 0
2117 2118 2256 0
2117 2256 2255 0
2118 2119 2257 0
2118 2257 2256 0
2119 2120 2258 0
2119 2258 2257 0
2120 2121 2259 0
2120 2259 2258 0
2121 2122 2260 0
2121 2260 2259 0
2122 2123 2261 0
2122 2261 2260 0
2123 2124 2262 0
2123 2262 2261 0
2124 2125 2263 0
2124 2263 2262 0
2125 2126 2264 0
2125 2264 2263 0
2126 2127 2265 0
2126 2265 2264 0
2127 2128 2266 0
2127 2266 2265 0
2128 2129 2267 0
2128 2267 2266 0
2129 2130 2268 0
2129 2268 2267 0
2130 2131 2269 0
2130 2269 2268 0
2131 2132 2270 0
2131 2270 2269 0
2132 2133 2271 0
2132 2271 2270 0
2133 2134 2272 0
2133 2272 2271 0
2134 2135 2273 0
2134 2273 2272 0
2135 2136 2274 0
2135 2274 2273 0
2136 2137 2275 0
2136 2275 2274 0
2137 2138 2276 0
2137 2276 2275 0
2138 2139 2277 0
2138 2277 2276 0
2139 2140 2278 0
2139 2278 2277 0
2140 2141 2279 0
2140 2279 2278 0
2141 2142 2280 0
2141 2280 2279 0
2142 2143 2281 0
2142 2281 2280 0
2143 2144 2282 0
2143 2282 2281 0
2144 2145 2283 0
2144 2283 2282 0
2145 2146 2284 0
2145 2284 2283 0
2146 2147 2285 0
2146 2285 2284 0
2147 2148 2286 0
2147 2286 2285 0
2148 2149 2287 0
2148 2287 2286 0
2149 2150 2288 0
2149 2288 2287 0
2150 2151 2289 0
2150 2289 2288 0
2151 2152 2290 0
2151 2290 2289 0
2152 2153 2291 0
2152 2291 2290 0
2153 2154 2292 0
2153 2292 2291 0
2154 2155 2293 0
2154 2293 2292 0
2155 2156 2294 0
2155 2294 2293 0
2156 2157 2295 0
2156 2295 2294 0
2157 2158 2296 0
2157 2296 2295 0
2158 2159 2297 0
2158 2297 2296 0
2159 2160 2298 0
2159 2298 2297 0
2160 2161 2299 0
2160 2299 2298 0
2161 2162 2300 0
2161 2300 2299 0
2162 2163 2301 0
2162 2301 2300 0
2163 2164 2302 0
2163 2302 2301 0
2164 2165 2303 0
2164 2303 2302 0
2165 2166 2304 0
2165 2304 2303 0
2166 2167 2305 0
2166 2305 2304 0
2167 2168 2306 0
2167 2306 2305 0
2168 2169 2307 0
2168 2307 2306 0
2169 2170 2308 0
2169 2308 2307 0
2170 2171 2309 0
2170 2309 2308 0
2171 2172 2310 0
2171 2310 2309 0
2172 2173 2311 0
2172 2311 2310 0
2173 2174 2312 0
2173 2312 2311 0
2174 2175 2313 0
2174 2313 2312 0
2175 2176 2314 0
2175 2314 2313 0
2176 2177 2315 0
2176 2315 2314 0
2177 2178 2316 0
2177 2316 2315 0
2178 2179 2317 0
2178 2317 2316 0
2179 2180 2318 0
2179 2318 2317 0
2180 2181 2319 0
2180 2319 2318 0
2181 2182 2320 0
2181 2320 2319 0
2182 2183 2321 0
2182 2321 2320 0
2183 2184 2322 0
2183 2322 2321 0
2184 2185 2323 0
2184 2323 2322 0
2185 2186 2324 0
2185 2324 2323 0
2186 2187 2325 0
2186 2325 2324 0
2187 2188 2326 0
2187 2326 2325 0
2188 2189 2327 0
2188 2327 2326 0
2189 2190 2328 0
2189 2328 2327 0
2190 2191 2329 0
2190 2329 2328 0
2191 2192 2330 0
2191 2330 2329 0
2192 2193 2331 0
2192 2331 2330 0
2193 2194 2332 0
2193 2332 2331 0
2194 2195 2333 0
2194 2333 2332 0
2195 2196 2334 0
2195 2334 2333 0
2196 2197 2335 0
2196 2335 2334 0
2197 2198 2336 0
2197 2336 2335 0
2198 2199 2337 0
2198 2337 2336 0
2199 2200 2338 0
2199 2338 2337 0
2200 2201 2339 0
2200 2339 2338 0
2201 2202 2340 0
2201 2340 2339 0
2202 2203 2341 0
2202 2341 2340 0
2203 2204 2342 0
2203 2342 2341 0
2204 2205 2343 0
2204 2343 2342 0
2205 2206 2344 0
2205 2344 2343 0
2206 2207 2345 0
2206 2345 2344 0
2207 2208 2346 0
2207 2346 2345 0
2209 2210 2348 0
2209 2348 2347 0
2210 2211 2349 0
2210 2349 2348 0
2211 2212 2350 0
2211 2350 2349 0
2212 2213 2351 0
2212 2351 2350 0
2213 2214 2352 0
2213 2352 2351 0
2214 2215 2353 0
2214 2353 2352 0
2215 2216 2354 0
2215 2354 2353 0
2216 2217 2355 0
2216 2355 2354 0
2217 2218 2356 0
2217 2356 2355 0
2218 2219 2357 0
2218 2357 2356 0
2219 2220 2358 0
2219 2358 2357 0
2220 2221 2359 0
2220 2359 2358 0
2221 2222 2360 0
2221 2360 2359 0
2222 2223 2361 0
2222 2361 2360 0
2223 2224 2362 0
2223 2362 2361 0
2224 2225 2363 0
2224 2363 2362 0
2225 2226 2364 0
2225 2364 2363 0
2226 2227 2365 0
2226 2365 2364 0
2227 2228 2366 0
2227 2366 2365 0
2228 2229 2367 0
2228 2367 2366 0
2229 2230 2368 0
2229 2368 2367 0
2230 2231 2369 0
2230 2369 2368 0
2231 2232 2370 0
2231 2370 2369 0
2232 2233 2371 0
2232 2371 2370 0
2233 2234 2372 0
2233 2372 2371 0
2234 2235 2373 0
2234 2373 2372 0
2235 2236 2374 0
2235 2374 2373 0
2236 2237 2375 0
2236 2375 2374 0
2237 2238 2376 0
2237 2376 2375 0
2238 2239 2377 0
2238 2377 2376 0
2239 2240 2378 0
2239 2378 2377 0
2240 2241 2379 0
2240 2379 2378 0
2241 2242 2380 0
2241 2380 2379 0
2242 2243 2381 0
2242 2381 2380 0
2243 2244 2382 0
2243 2382 2381 0
2244 2245 2383 0
2244 2383 2382 0
2245 2246 2384 0
2245 2384 2383 0
2246 2247 2385 0
2246 2385 2384 0
2247 2248 2386 0
2247 2386 2385 0
2248 2249 2387 0
2248 2387 2386 0
2249 2250 2388 0
2249 2388 2387 0
2250 2251 2389 0
2250 2389 2388 0
2251 2252 2390 0
2251 2390 2389 0
2252 2253 2391 0
2252 2391 2390 0
2253 2254 2392 0
2253 2392 2391 0
2254 2255 2393 0
2254 2393 2392 0
2255 2256 2394 0
2255 2394 2393 0
2256 2257 2395 0
2256 2395 2394 0
2257 2258 2396 0
2257 2396 2395 0
2258 2259 2397 0
2258 2397 2396 0
2259 2260 2398 0
2259 2398 2397 0
2260 2261 2399 0
2260 2399 2398 0
2261 2262 2400 0
2261 2400 2399 0
2262 2263 2401 0
2262 2401 2400 0
2263 2264 2402 0
2263 2402 2401 0
2264 2265 2403 0
2264 2403 2402 0
2265 2266 2404 0
2265 2404 2403 0
2266 2267 2405 0
2266 2405 2404 0
2267 2268 2406 0
2267 2406 2405 0
2268 2269 2407 0
2268 2407 2406 0
2269 2270 2408 0
2269 2408 2407 0
2270 2271 2409 0
2270 2409 2408 0
2271 2272 2410 0
2271 2410 2409 0
2272 2273 2411 0
2272 2411 2410 0
2273 2274 2412 0
2273 2412 2411 0
2274 2275 2413 0
2274 2413 2412 0
2275 2276 2414 0
2275 2414 2413 0
2276 2277 2415 0
2276 2415 2414 0
2277 2278 2416 0
2277 2416 2415 0
2278 2279 2417 0
2278 2417 2416 0
2279 2280 2418 0
2279 2418 2417 0
2280 2281 2419 0
2280 2419 2418 0
2281 2282 2420 0
2281 2420 2419 0
2282 2283 2421 0
2282 2421 2420 0
2283 2284 2422 0
2283 2422 2421 0
2284 2285 2423 0
2284 2423 2422 0
2285 2286 2424 0
2285 2424 2423 0
2286 2287 2425 0
2286 2425 2424 0
2287 2288 2426 0
2287 2426 2425 0
2288 2289 2427 0
2288 2427 2426 0
2289 2290 2428 0
2289 2428 2427 0
2290 2291 2429 0
2290 2429 2428 0
2291 2292 2430 0
2291 2430 2429 0
2292 2293 2431 0
2292 2431 2430 0
2293 2294 2432 0
2293 2432 2431 0
2294 2295 2433 0
2294 2433 2432 0
2295 2296 2434 0
2295 2434 2433 0
2296 2297 2435 0
2296 2435 2434 0
2297 2298 2436 0
2297 2436 2435 0
2298 2299 2437 0
2298 2437 2436 0
2299 2300 2438 0
2299 2438 2437 0
2300 2301 2439 0
2300 2439 2438 0
2301 2302 2440 0
2301 2440 2439 0
2302 2303 2441 0
2302 2441 2440 0
2303 2304 2442 0
2303 2442 2441 0
2304 2305 2443 0
2304 2443 2442 0
2305 2306 2444 0
2305 2444 2443 0
2306 2307 2445 0
2306 2445 2444 0
2307 2308 2446 0
2307 2446 2445 0
2308 2309 2447 0
2308 2447 2446 0
2309 2310 2448 0
2309 2448 2447 0
2310 2311 2449 0
2310 2449 2448 0
2311 2312 2450 0
2311 2450 2449 0
2312 2313 2451 0
2312 2451 2450 0
2313 2314 2452 0
2313 2452 2451 0
2314 2315 2453 0
2314 2453 2452 0
2315 2316 2454 0
2315 2454 2453 0
2316 2317 2455 0
2316 2455 2454 0
2317 2318 2456 0
2317 2456 2455 0
2318 2319 2457 0
2318 2457 2456 0
2319 2320 2458 0
2319 2458 2457 0
2320 2321 2459 0
2320 2459 2458 0
2321 2322 2460 0
2321 2460 2459 0
2322 2323 2461 0
2322 2461 2460 0
2323 2324 2462 0
2323 2462 2461 0
2324 2325 2463 0
2324 2463 2462 0
2325 2326 2464 0
2325 2464 2463 0
2326 2327 2465 0
2326 2465 2464 0
2327 2328 2466 0
2327 2466 2465 0
2328 2329 2467 0
2328 2467 2466 0
2329 2330 2468 0
2329 2468 2467 0
2330 2331 2469 0
2330 2469 2468 0
2331 2332 2470 0
2331 2470 2469 0
2332 2333 2471 0
2332 2471 2470 0
2333 2334 2472 0
2333 2472 2471 0
2334 2335 2473 0
2334 2473 2472 0
2335 2336 2474 0
2335 2474 2473 0
2336 2337 2475 0
2336 2475 2474 0
2337 2338 2476 0
2337 2476 2475 0
2338 2339 2477 0
2338 2477 2476 0
2339 2340 2478 0
2339 2478 2477 0
2340 2341 2479 0
2340 2479 2478 0
2341 2342 2480 0
2341 2480 2479 0
2342 2343 2481 0
2342 2481 2480 0
2343 2344 2482 0
2343 2482 2481 0
2344 2345 2483 0
2344 2483 2482 0
2345 2346 2484 0
2345 2484 2483 0
2347 2348 2486 0
2347 2486 2485 0
2348 2349 2487 0
2348 2487 2486 0
2349 2350 2488 0
2349 2488 2487 0
2350 2351 2489 0
2350 2489 2488 0
2351 2352 2490 0
2351 2490 2489 0
2352 2353 2491 0
2352 2491 2490 0
2353 2354 2492 0
2353 2492 2491 0
2354 2355 2493 0
2354 2493 2492 0
2355 2356 2494 0
2355 2494 2493 0
2356 2357 2495 0
2356 2495 2494 0
2357 2358 2496 0
2357 2496 2495 0
2358 2359 2497 0
2358 2497 2496 0
2359 2360 2498 0
2359 2498 2497 0
2360 2361 2499 0
2360 2499 2498 0
2361 2362 2500 0
2361 2500 2499 0
2362 2363 2501 0
2362 2501 2500 0
2363 2364 2502 0
2363 2502 2501 0
2364 2365 2503 0
2364 2503 2502 0
2365 2366 2504 0
2365 2504 2503 0
2366 2367 2505 0
2366 2505 2504 0
2367 2368 2506 0
2367 2506 2505 0
2368 2369 2507 0
2368 2507 2506 0
2369 2370 2508 0
2369 2508 2507 0
2370 2371 2509 0
2370 2509 2508 0
2371 2372 2510 0
2371 2510 2509 0
2372 2373 2511 0
2372 2511 2510 0
2373 2374 2512 0
2373 2512 2511 0
2374 2375 2513 0
2374 2513 2512 0
2375 2376 2514 0
2375 2514 2513 0
2376 2377 2515 0
2376 2515 2514 0
2377 2378 2516 0
2377 2516 2515 0
2378 2379 2517 0
2378 2517 2516 0
2379 2380 2518 0
2379 2518 2517 0
2380 2381 2519 0
2380 2519 2518 0
2381 2382 2520 0
2381 2520 2519 0
2382 2383 2521 0
2382 2521 2520 0
2383 2384 2522 0
2383 2522 2521 0
2384 2385 2523 0
2384 2523 2522 0
2385 2386 2524 0
2385 2524 2523 0
2386 2387 2525 0
2386 2525 2524 0
2387 2388 2526 0
2387 2526 2525 0
2388 2389 2527 0
2388 2527 2526 0
2389 2390 2528 0
2389 2528 2527 0
2390 2391 2529 0
2390 2529 2528 0
2391 2392 2530 0
2391 2530 2529 0
2392 2393 2531 0
2392 2531 2530 0
2393 2394 2532 0
2393 2532 2531 0
2394 2395 2533 0
2394 2533 2532 0
2395 2396 2534 0
2395 2534 2533 0
2396 2397 2535 0
2396 2535 2534 0
2397 2398 2536 0
2397 2536 2535 0
2398 2399 2537 0
2398 2537 2536 0
2399 2400 2538 0
2399 2538 2537 0
2400 2401 2539 0
2400 2539 2538 0
2401 2402 2540 0
2401 2540 2539 0
2402 2403 2541 0
2402 2541 2540 0
2403 2404 2542 0
2403 2542 2541 0
2404 2405 2543 0
2404 2543 2542 0
2405 2406 2544 0
2405 2544 2543 0
2406 2407 2545 0
2406 2545 2544 0
2407 2408 2546 0
2407 2546 2545 0
2408 2409 2547 0
2408 2547 2546 0
2409 2410 2548 0
2409 2548 2547 0
2410 2411 2549 0
2410 2549 2548 0
2411 2412 2550 0
2411 2550 2549 0
2412 2413 2551 0
2412 2551 2550 0
2413 2414 2552 0
2413 2552 2551 0
2414 2415 2553 0
2414 2553 2552 0
2415 2416 2554 0
2415 2554 2553 0
2416 2417 2555 0
2416 2555 2554 0
2417 2418 2556 0
2417 2556 2555 0
2418 2419 2557 0
2418 2557 2556 0
2419 2420 2558 0
2419 2558 2557 0
2420 2421 2559 0
2420 2559 2558 0
2421 2422 2560 0
2421 2560 2559 0
2422 2423 2561 0
2422 2561 2560 0
2423 2424 2562 0
2423 2562 2561 0
2424 2425 2563 0
2424 2563 2562 0
2425 2426 2564 0
2425 2564 2563 0
2426 2427 2565 0
2426 2565 2564 0
2427 2428 2566 0
2427 2566 2565 0
2428 2429 2567 0
2428 2567 2566 0
2429 2430 2568 0
2429 2568 2567 0
2430 2431 2569 0
2430 2569 2568 0
2431 2432 2570 0
2431 2570 2569 0
2432 2433 2571 0
2432 2571 2570 0
2433 2434 2572 0
2433 2572 2571 0
2434 2435 2573 0
2434 2573 2572 0
2435 2436 2574 0
2435 2574 2573 0
2436 2437 2575 0
2436 2575 2574 0
2437 2438 2576 0
2437 2576 2575 0
2438 2439 2577 0
2438 2577 2576 0
2439 2440 2578 0
2439 2578 2577 0
2440 2441 2579 0
2440 2579 2578 0
2441 2442 2580 0
2441 2580 2579 0
2442 2443 2581 0
2442 2581 2580 0
2443 2444 2582 0
2443 2582 2581 0
2444 2445 2583 0
2444 2583 2582 0
2445 2446 2584 0
2445 2584 2583 0
2446 2447 2585 0
2446 2585 2584 0
2447 2448 2586 0
2447 2586 2585 0
2448 2449 2587 0
2448 2587 2586 0
2449 2450 2588 0
2449 2588 2587 0
2450 2451 2589 0
2450 2589 2588 0
2451 2452 2590 0
2451 2590 2589 0
2452 2453 2591 0
2452 2591 2590 0
2453 2454 2592 0
2453 2592 2591 0
2454 2455 2593 0
2454 2593 2592 0
2455 2456 2594 0
2455 2594 2593 0
2456 2457 2595 0
2456 2595 2594 0
2457 2458 2596 0
2457 2596 2595 0
2458 2459 2597 0
2458 2597 2596 0
2459 2460 2598 0
2459 2598 2597 0
2460 2461 2599 0
2460 2599 2598 0
2461 2462 2600 0
2461 2600 2599 0
2462 2463 2601 0
2462 2601 2600 0
2463 2464 2602 0
2463 2602 2601 0
2464 2465 2603 0
2464 2603 2602 0
2465 2466 2604 0
2465 2604 2603 0
2466 2467 2605 0
2466 2605 2604 0
2467 2468 2606 0
2467 2606 2605 0
2468 2469 2607 0
2468 2607 2606 0
2469 2470 2608 0
2469 2608 2607 0
2470 2471 2609 0
2470 2609 2608 0
2471 2472 2610 0
2471 2610 2609 0
2472 2473 2611 0
2472 2611 2610 0
2473 2474 2612 0
2473 2612 2611 0
2474 2475 2613 0
2474 2613 2612 0
2475 2476 2614 0
2475 2614 2613 0
2476 2477 2615 0
2476 2615 2614 0
2477 2478 2616 0
2477 2616 2615 0
2478 2479 2617 0
2478 2617 2616 0
2479 2480 2618 0
2479 2618 2617 0
2480 2481 2619 0
2480 2619 2618 0
2481 2482 2620 0
2481 2620 2619 0
2482 2483 2621 0
2482 2621 2620 0
2483 2484 2622 0
2483 2622 2621 0
2485 2486 2624 0
2485 2624 2623 0
2486 2487 2625 0
2486 2625 2624 0
2487 2488 2626 0
2487 2626 2625 0
2488 2489 2627 0
2488 2627 2626 0
2489 2490 2628 0
2489 2628 2627 0
2490 2491 2629 0
2490 2629 2628 0
2491 2492 2630 0
2491 2630 2629 0
2492 2493 2631 0
2492 2631 2630 0
2493 2494 2632 0
2493 2632 2631 0
2494 2495 2633 0
2494 2633 2632 0
2495 2496 2634 0
2495 2634 2633 0
2496 2497 2635 0
2496 2635 2634 0
2497 2498 2636 0
2497 2636 2635 0
2498 2499 2637 0
2498 2637 2636 0
2499 2500 2638 0
2499 2638 2637 0
2500 2501 2639 0
2500 2639 2638 0
2501 2502 2640 0
2501 2640 2639 0
2502 2503 2641 0
2502 2641 2640 0
2503 2504 2642 0
2503 2642 2641 0
2504 2505 2643 0
2504 2643 2642 0
2505 2506 2644 0
2505 2644 2643 0
2506 2507 2645 0
2506 2645 2644 0
2507 2508 2646 0
2507 2646 2645 0
2508 2509 2647 0
2508 2647 2646 0
2509 2510 2648 0
2509 2648 2647 0
2510 2511 2649 0
2510 2649 2648 0
2511 2512 2650 0
2511 2650 2649 0
2512 2513 2651 0
2512 2651 2650 0
2513 2514 2652 0
2513 2652 2651 0
2514 2515 2653 0
2514 2653 2652 0
2515 2516 2654 0
2515 2654 2653 0
2516 2517 2655 0
2516 2655 2654 0
2517 2518 2656 0
2517 2656 2655 0
2518 2519 2657 0
2518 2657 2656 0
2519 2520 2658 0
2519 2658 2657 0
2520 2521 2659 0
2520 2659 2658 0
2521 2522 2660 0
2521 2660 2659 0
2522 2523 2661 0
2522 2661 2660 0
2523 2524 2662 0
2523 2662 2661 0
2524 2525 2663 0
2524 2663 2662 0
2525 2526 2664 0
2525 2664 2663 0
2526 2527 2665 0
2526 2665 2664 0
2527 2528 2666 0
2527 2666 2665 0
2528 2529 2667 0
2528 2667 2666 0
2529 2530 2668 0
2529 2668 2667 0
2530 2531 2669 0
2530 2669 2668 0
2531 2532 2670 0
2531 2670 2669 0
2532 2533 2671 0
2532 2671 2670 0
2533 2534 2672 0
2533 2672 2671 0
2534 2535 2673 0
2534 2673 2672 0
2535 2536 2674 0
2535 2674 2673 0
2536 2537 2675 0
2536 2675 2674 0
2537 2538 2676 0
2537 2676 2675 0
2538 2539 2677 0
2538 2677 2676 0
2539 2540 2678 0
2539 2678 2677 0
2540 2541 2679 0
2540 2679 2678 0
2541 2542 2680 0
2541 2680 2679 0
2542 2543 2681 0
2542 2681 2680 0
2543 2544 2682 0
2543 2682 2681 0
2544 2545 2683 0
2544 2683 2682 0
2545 2546 2684 0
2545 2684 2683 0
2546 2547 2685 0
2546 2685 2684 0
2547 2548 2686 0
2547 2686 2685 0
2548 2549 2687 0
2548 2687 2686 0
2549 2550 2688 0
2549 2688 2687 0
2550 2551 2689 0
2550 2689 2688 0
2551 2552 2690 0
2551 2690 2689 0
2552 2553 2691 0
2552 2691 2690 0
2553 2554 2692 0
2553 2692 2691 0
2554 2555 2693 0
2554 2693 2692 0
2555 2556 2694 0
2555 2694 2693 0
2556 2557 2695 0
2556 2695 2694 0
2557 2558 2696 0
2557 2696 2695 0
2558 2559 2697 0
2558 2697 2696 0
2559 2560 2698 0
2559 2698 2697 0
2560 2561 2699 0
2560 2699 2698 0
2561 2562 2700 0
2561 2700 2699 0
2562 2563 2701 0
2562 2701 2700 0
2563 2564 2702 0
2563 2702 2701 0
2564 2565 2703 0
2564 2703 2702 0
2565 2566 2704 0
2565 2704 2703 0
2566 2567 2705 0
2566 2705 2704 0
2567 2568 2706 0
2567 2706 2705 0
2568 2569 2707 0
2568 2707 2706 0
2569 2570 2708 0
2569 2708 2707 0
2570 2571 2709 0
2570 2709 2708 0
2571 2572 2710 0
2571 2710 2709 0
2572 2573 2711 0
2572 2711 2710 0
2573 2574 2712 0
2573 2712 2711 0
2574 2575 2713 0
2574 2713 2712 0
2575 2576 2714 0
2575 2714 2713 0
2576 2577 2715 0
2576 2715 2714 0
2577 2578 2716 0
2577 2716 2715 0
2578 2579 2717 0
2578 2717 2716 0
2579 2580 2718 0
2579 2718 2717 0
2580 2581 2719 0
2580 2719 2718 0
2581 2582 2720 0
2581 2720 2719 0
2582 2583 2721 0
2582 2721 2720 0
2583 2584 2722 0
2583 2722 2721 0
2584 2585 2723 0
2584 2723 2722 0
2585 2586 2724 0
2585 2724 2723 0
2586 2587 2725 0
2586 2725 2724 0
2587 2588 2726 0
2587 2726 2725 0
2588 2589 2727 0
2588 2727 2726 0
2589 2590 2728 0
2589 2728 2727 0
2590 2591 2729 0
2590 2729 2728 0
2591 2592 2730 0
2591 2730 2729 0
2592 2593 2731 0
2592 2731 2730 0
2593 2594 2732 0
2593 2732 2731 0
2594 2595 2733 0
2594 2733 2732 0
2595 2596 2734 0
2595 2734 2733 0
2596 2597 2735 0
2596 2735 2734 0
2597 2598 2736 0
2597 2736 2735 0
2598 2599 2737 0
2598 2737 2736 0
2599 2600 2738 0
2599 2738 2737 0
2600 2601 2739 0
2600 2739 2738 0
2601 2602 2740 0
2601 2740 2739 0
2602 2603 2741 0
2602 2741 2740 0
2603 2604 2742 0
2603 2742 2741 0
2604 2605 2743 0
2604 2743 2742 0
2605 2606 2744 0
2605 2744 2743 0
2606 2607 2745 0
2606 2745 2744 0
2607 2608 2746 0
2607 2746 2745 0
2608 2609 2747 0
2608 2747 2746 0
2609 2610 2748 0
2609 2748 2747 0
2610 2611 2749 0
2610 2749 2748 0
2611 2612 2750 0
2611 2750 2749 0
2612 2613 2751 0
2612 2751 2750 0
2613 2614 2752 0
2613 2752 2751 0
2614 2615 2753 0
2614 2753 2752 0
2615 2616 2754 0
2615 2754 2753 0
2616 2617 2755 0
2616 2755 2754 0
2617 2618 2756 0
2617 2756 2755 0
2618 2619 2757 0
2618 2757 2756 0
2619 2620 2758 0
2619 2758 2757 0
2620 2621 2759 0
2620 2759 2758 0
2621 2622 2760 0
2621 2760 2759 0
2623 2624 2762 0
2623 2762 2761 0
2624 2625 2763 0
2624 2763 2762 0
2625 2626 2764 0
2625 2764 2763 0
2626 2627 2765 0
2626 2765 2764 0
2627 2628 2766 0
2627 2766 2765 0
2628 2629 2767 0
2628 2767 2766 0
2629 2630 2768 0
2629 2768 2767 0
2630 2631 2769 0
2630 2769 2768 0
2631 2632 2770 0
2631 2770 2769 0
2632 2633 2771 0
2632 2771 2770 0
2633 2634 2772 0
2633 2772 2771 0
2634 2635 2773 0
2634 2773 2772 0
2635 2636 2774 0
2635 2774 2773 0
2636 2637 2775 0
2636 2775 2774 0
2637 2638 2776 0
2637 2776 2775 0
2638 2639 2777 0
2638 2777 2776 0
2639 2640 2778 0
2639 2778 2777 0
2640 2641 2779 0
2640 2779 2778 0
2641 2642 2780 0
2641 2780 2779 0
2642 2643 2781 0
2642 2781 2780 0
2643 2644 2782 0
2643 2782 2781 0
2644 2645 2783 0
2644 2783 2782 0
2645 2646 2784 0
2645 2784 2783 0
2646 2647 2785 0
2646 2785 2784 0
2647 2648 2786 0
2647 2786 2785 0
2648 2649 2787 0
2648 2787 2786 0
2649 2650 2788 0
2649 2788 2787 0
2650 2651 2789 0
2650 2789 2788 0
2651 2652 2790 0
2651 2790 2789 0
2652 2653 2791 0
2652 2791 2790 0
2653 2654 2792 0
2653 2792 2791 0
2654 2655 2793 0
2654 2793 2792 0
2655 2656 2794 0
2655 2794 2793 0
2656 2657 2795 0
2656 2795 2794 0
2657 2658 2796 0
2657 2796 2795 0
2658 2659 2797 0
2658 2797 2796 0
2659 2660 2798 0
2659 2798 2797 0
2660 2661 2799 0
2660 2799 2798 0
2661 2662 2800 0
2661 2800 2799 0
2662 2663 2801 0
2662 2801 2800 0
2663 2664 2802 0
2663 2802 2801 0
2664 2665 2803 0
2664 2803 2802 0
2665 2666 2804 0
2665 2804 2803 0
2666 2667 2805 0
2666 2805 2804 0
2667 2668 2806 0
2667 2806 2805 0
2668 2669 2807 0
2668 2807 2806 0
2669 2670 2808 0
2669 2808 2807 0
2670 2671 2809 0
2670 2809 2808 0
2671 2672 2810 0
2671 2810 2809 0
2672 2673 2811 0
2672 2811 2810 0
2673 2674 2812 0
2673 2812 2811 0
2674 2675 2813 0
2674 2813 2812 0
2675 2676 2814 0
2675 2814 2813 0
2676 2677 2815 0
2676 2815 2814 0
2677 2678 2816 0
2677 2816 2815 0
2678 2679 2817 0
2678 2817 2816 0
2679 2680 2818 0
2679 2818 2817 0
2680 2681 2819 0
2680 2819 2818 0
2681 2682 2820 0
2681 2820 2819 0
2682 2683 2821 0
2682 2821 2820 0
2683 2684 2822 0
2683 2822 2821 0
2684 2685 2823 0
2684 2823 2822 0
2685 2686 2824 0
2685 2824 2823 0
2686 2687 2825 0
2686 2825 2824 0
2687 2688 2826 0
2687 2826 2825 0
2688 2689 2827 0
2688 2827 2826 0
2689 2690 2828 0
2689 2828 2827 0
2690 2691 2829 0
2690 2829 2828 0
2691 2692 2830 0
2691 2830 2829 0
2692 2693 2831 0
2692 2831 2830 0
2693 2694 2832 0
2693 2832 2831 0
2694 2695 2833 0
2694 2833 2832 0
2695 2696 2834 0
2695 2834 2833 0
2696 2697 2835 0
2696 2835 2834 0
2697 2698 2836 0
2697 2836 2835 0
2698 2699 2837 0
2698 2837 2836 0
2699 2700 2838 0
2699 2838 2837 0
2700 2701 2839 0
2700 2839 2838 0
2701 2702 2840 0
2701 2840 2839 0
2702 2703 2841 0
2702 2841 2840 0
2703 2704 2842 0
2703 2842 2841 0
2704 2705 2843 0
2704 2843 2842 0
2705 2706 2844 0
2705 2844 2843 0
2706 2707 2845 0
2706 2845 2844 0
2707 2708 2846 0
2707 2846 2845 0
2708 2709 2847 0
2708 2847 2846 0
2709 2710 2848 0
2709 2848 2847 0
2710 2711 2849 0
2710 2849 2848 0
2711 2712 2850 0
2711 2850 2849 0
2712 2713 2851 0
2712 2851 2850 0
2713 2714 2852 0
2713 2852 2851 0
2714 2715 2853 0
2714 2853 2852 0
2715 2716 2854 0
2715 2854 2853 0
2716 2717 2855 0
2716 2855 2854 0
2717 2718 2856 0
2717 2856 2855 0
2718 2719 2857 0
2718 2857 2856 0
2719 2720 2858 0
2719 2858 2857 0
2720 2721 2859 0
2720 2859 2858 0
2721 2722 2860 0
2721 2860 2859 0
2722 2723 2861 0
2722 2861 2860 0
2723 2724 2862 0
2723 2862 2861 0
2724 2725 2863 0
2724 2863 2862 0
2725 2726 2864 0
2725 2864 2863 0
2726 2727 2865 0
2726 2865 2864 0
2727 2728 2866 0
2727 2866 2865 0
2728 2729 2867 0
2728 2867 2866 0
2729 2730 2868 0
2729 2868 2867 0
2730 2731 2869 0
2730 2869 2868 0
2731 2732 2870 0
2731 2870 2869 0
2732 2733 2871 0
2732 2871 2870 0
2733 2734 2872 0
2733 2872 2871 0
2734 2735 2873 0
2734 2873 2872 0
2735 2736 2874 0
2735 2874 2873 0
2736 2737 2875 0
2736 2875 2874 0
2737 2738 2876 0
2737 2876 2875 0
2738 2739 2877 0
2738 2877 2876 0
2739 2740 2878 0
2739 2878 2877 0
2740 2741 2879 0
2740 2879 2878 0
2741 2742 2880 0
2741 2880 2879 0
2742 2743 2881 0
2742 2881 2880 0
2743 2744 2882 0
2743 2882 2881 0
2744 2745 2883 0
2744 2883 2882 0
2745 2746 2884 0
2745 2884 2883 0
2746 2747 2885 0
2746 2885 2884 0
2747 2748 2886 0
2747 2886 2885 0
2748 2749 2887 0
2748 2887 2886 0
2749 2750 2888 0
2749 2888 2887 0
2750 2751 2889 0
2750 2889 2888 0
2751 2752 2890 0
2751 2890 2889 0
2752 2753 2891 0
2752 2891 2890 0
2753 2754 2892 0
2753 2892 2891 0
2754 2755 2893 0
2754 2893 2892 0
2755 2756 2894 0
2755 2894 2893 0
2756 2757 2895 0
2756 2895 2894 0
2757 2758 2896 0
2757 2896 2895 0
2758 2759 2897 0
2758 2897 2896 0
2759 2760 2898 0
2759 2898 2897 0
2761 2762 2900 0
2761 2900 2899 0
2762 2763 2901 0
2762 2901 2900 0
2763 2764 2902 0
2763 2902 2901 0
2764 2765 2903 0
2764 2903 2902 0
2765 2766 2904 0
2765 2904 2903 0
2766 2767 2905 0
2766 2905 2904 0
2767 2768 2906 0
2767 2906 2905 0
2768 2769 2907 0
2768 2907 2906 0
2769 2770 2908 0
2769 2908 2907 0
2770 2771 2909 0
2770 2909 2908 0
2771 2772 2910 0
2771 2910 2909 0
2772 2773 2911 0
2772 2911 2910 0
2773 2774 2912 0
2773 2912 2911 0
2774 2775 2913 0
2774 2913 2912 0
2775 2776 2914 0
2775 2914 2913 0
2776 2777 2915 0
2776 2915 2914 0
2777 2778 2916 0
2777 2916 2915 0
2778 2779 2917 0
2778 2917 2916 0
2779 2780 2918 0
2779 2918 2917 0
2780 2781 2919 0
2780 2919 2918 0
2781 2782 2920 0
2781 2920 2919 0
2782 2783 2921 0
2782 2921 2920 0
2783 2784 2922 0
2783 2922 2921 0
2784 2785 2923 0
2784 2923 2922 0
2785 2786 2924 0
2785 2924 2923 0
2786 2787 2925 0
2786 2925 2924 0
2787 2788 2926 0
2787 2926 2925 0
2788 2789 2927 0
2788 2927 2926 0
2789 2790 2928 0
2789 2928 2927 0
2790 2791 2929 0
2790 2929 2928 0
2791 2792 2930 0
2791 2930 2929 0
2792 2793 2931 0
2792 2931 2930 0
2793 2794 2932 0
2793 2932 2931 0
2794 2795 2933 0
2794 2933 2932 0
2795 2796 2934 0
2795 2934 2933 0
2796 2797 2935 0
2796 2935 2934 0
2797 2798 2936 0
2797 2936 2935 0
2798 2799 2937 0
2798 2937 2936 0
2799 2800 2938 0
2799 2938 2937 0
2800 2801 2939 0
2800 2939 2938 0
2801 2802 2940 0
2801 2940 2939 0
2802 2803 2941 0
2802 2941 2940 0
2803 2804 2942 0
2803 2942 2941 0
2804 2805 2943 0
2804 2943 2942 0
2805 2806 2944 0
2805 2944 2943 0
2806 2807 2945 0
2806 2945 2944 0
2807 2808 2946 0
2807 2946 2945 0
2808 2809 2947 0
2808 2947 2946 0
2809 2810 2948 0
2809 2948 2947 0
2810 2811 2949 0
2810 2949 2948 0
2811 2812 2950 0
2811 2950 2949 0
2812 2813 2951 0
2812 2951 2950 0
2813 2814 2952 0
2813 2952 2951 0
2814 2815 2953 0
2814 2953 2952 0
2815 2816 2954 0
2815 2954 2953 0
2816 2817 2955 0
2816 2955 2954 0
2817 2818 2956 0
2817 2956 2955 0
2818 2819 2957 0
2818 2957 2956 0
2819 2820 2958 0
2819 2958 2957 0
2820 2821 2959 0
2820 2959 2958 0
2821 2822 2960 0
2821 2960 2959 0
2822 2823 2961 0
2822 2961 2960 0
2823 2824 2962 0
2823 2962 2961 0
2824 2825 2963 0
2824 2963 2962 0
2825 2826 2964 0
2825 2964 2963 0
2826 2827 2965 0
2826 2965 2964 0
2827 2828 2966 0
2827 2966 2965 0
2828 2829 2967 0
2828 2967 2966 0
2829 2830 2968 0
2829 2968 2967 0
2830 2831 2969 0
2830 2969 2968 0
2831 2832 2970 0
2831 2970 2969 0
2832 2833 2971 0
2832 2971 2970 0
2833 2834 2972 0
2833 2972 2971 0
2834 2835 2973 0
2834 2973 2972 0
2835 2836 2974 0
2835 2974 2973 0
2836 2837 2975 0
2836 2975 2974 0
2837 2838 2976 0
2837 2976 2975 0
2838 2839 2977 0
2838 2977 2976 0
2839 2840 2978 0
2839 2978 2977 0
2840 2841 2979 0
2840 2979 2978 0
2841 2842 2980 0
2841 2980 2979 0
2842 2843 2981 0
2842 2981 2980 0
2843 2844 2982 0
2843 2982 2981 0
2844 2845 2983 0
2844 2983 2982 0
2845 2846 2984 0
2845 2984 2983 0
2846 2847 2985 0
2846 2985 2984 0
2847 2848 2986 0
2847 2986 2985 0
2848 2849 2987 0
2848 2987 2986 0
2849 2850 2988 0
2849 2988 2987 0
2850 2851 2989 0
2850 2989 2988 0
2851 2852 2990 0
2851 2990 2989 0
2852 2853 2991 0
2852 2991 2990 0
2853 2854 2992 0
2853 2992 2991 0
2854 2855 2993 0
2854 2993 2992 0
2855 2856 2994 0
2855 2994 2993 0
2856 2857 2995 0
2856 2995 2994 0
2857 2858 2996 0
2857 2996 2995 0
2858 2859 2997 0
2858 2997 2996 0
2859 2860 2998 0
2859 2998 2997 0
2860 2861 2999 0
2860 2999 2998 0
2861 2862 3000 0
2861 3000 2999 0
2862 2863 3001 0
2862 3001 3000 0
2863 2864 3002 0
2863 3002 3001 0
2864 2865 3003 0
2864 3003 3002 0
2865 2866 3004 0
2865 3004 3003 0
2866 2867 3005 0
2866 3005 3004 0
2867 2868 3006 0
2867 3006 3005 0
2868 2869 3007 0
2868 3007 3006 0
2869 2870 3008 0
2869 3008 3007 0
2870 2871 3009 0
2870 3009 3008 0
2871 2872 3010 0
2871 3010 3009 0
2872 2873 3011 0
2872 3011 3010 0
2873 2874 3012 0
2873 3012 3011 0
2874 2875 3013 0
2874 3013 3012 0
2875 2876 3014 0
2875 3014 3013 0
2876 2877 3015 0
2876 3015 3014 0
2877 2878 3016 0
2877 3016 3015 0
2878 2879 3017 0
2878 3017 3016 0
2879 2880 3018 0
2879 3018 3017 0
2880 2881 3019 0
2880 3019 3018 0
2881 2882 3020 0
2881 3020 3019 0
2882 2883 3021 0
2882 3021 3020 0
2883 2884 3022 0
2883 3022 3021 0
2884 2885 3023 0
2884 3023 3022 0
2885 2886 3024 0
2885 3024 3023 0
2886 2887 3025 0
2886 3025 3024 0
2887 2888 3026 0
2887 3026 3025 0
2888 2889 3027 0
2888 3027 3026 0
2889 2890 3028 0
2889 3028 3027 0
2890 2891 3029 0
2890 3029 3028 0
2891 2892 3030 0
2891 3030 3029 0
2892 2893 3031 0
2892 3031 3030 0
2893 2894 3032 0
2893 3032 3031 0
2894 2895 3033 0
2894 3033 3032 0
2895 2896 3034 0
2895 3034 3033 0
2896 2897 3035 0
2896 3035 3034 0
2897 2898 3036 0
2897 3036 3035 0
2899 2900 3038 0
2899 3038 3037 0
2900 2901 3039 0
2900 3039 3038 0
2901 2902 3040 0
2901 3040 3039 0
2902 2903 3041 0
2902 3041 3040 0
2903 2904 3042 0
2903 3042 3041 0
2904 2905 3043 0
2904 3043 3042 0
2905 2906 3044 0
2905 3044 3043 0
2906 2907 3045 0
2906 3045 3044 0
2907 2908 3046 0
2907 3046 3045 0
2908 2909 3047 0
2908 3047 3046 0
2909 2910 3048 0
2909 3048 3047 0
2910 2911 3049 0
2910 3049 3048 0
2911 2912 3050 0
2911 3050 3049 0
2912 2913 3051 0
2912 3051 3050 0
2913 2914 3052 0
2913 3052 3051 0
2914 2915 3053 0
2914 3053 3052 0
2915 2916 3054 0
2915 3054 3053 0
2916 2917 3055 0
2916 3055 3054 0
2917 2918 3056 0
2917 3056 3055 0
2918 2919 3057 0
2918 3057 3056 0
2919 2920 3058 0
2919 3058 3057 0
2920 2921 3059 0
2920 3059 3058 0
2921 2922 3060 0
2921 3060 3059 0
2922 2923 3061 0
2922 3061 3060 0
2923 2924 3062 0
2923 3062 3061 0
2924 2925 3063 0
2924 3063 3062 0
2925 2926 3064 0
2925 3064 3063 0
2926 2927 3065 0
2926 3065 3064 0
2927 2928 3066 0
2927 3066 3065 0
2928 2929 3067 0
2928 3067 3066 0
2929 2930 3068 0
2929 3068 3067 0
2930 2931 3069 0
2930 3069 3068 0
2931 2932 3070 0
2931 3070 3069 0
2932 2933 3071 0
2932 3071 3070 0
2933 2934 3072 0
2933 3072 3071 0
2934 2935 3073 0
2934 3073 3072 0
2935 2936 3074 0
2935 3074 3073 0
2936 2937 3075 0
2936 3075 3074 0
2937 2938 3076 0
2937 3076 3075 0
2938 2939 3077 0
2938 3077 3076 0
2939 2940 3078 0
2939 3078 3077 0
2940 2941 3079 0
2940 3079 3078 0
2941 2942 3080 0
2941 3080 3079 0
2942 2943 3081 0
2942 3081 3080 0
2943 2944 3082 0
2943 3082 3081 0
2944 2945 3083 0
2944 3083 3082 0
2945 2946 3084 0
2945 3084 3083 0
2946 2947 3085 0
2946 3085 3084 0
2947 2948 3086 0
2947 3086 3085 0
2948 2949 3087 0
2948 3087 3086 0
2949 2950 3088 0
2949 3088 3087 0
2950 2951 3089 0
2950 3089 3088 0
2951 2952 3090 0
2951 3090 3089 0
2952 2953 3091 0
2952 3091 3090 0
2953 2954 3092 0
2953 3092 3091 0
2954 2955 3093 0
2954 3093 3092 0
2955 2956 3094 0
2955 3094 3093 0
2956 2957 3095 0
2956 3095 3094 0
2957 2958 3096 0
2957 3096 3095 0
2958 2959 3097 0
2958 3097 3096 0
2959 2960 3098 0
2959 3098 3097 0
2960 2961 3099 0
2960 3099 3098 0
2961 2962 3100 0
2961 3100 3099 0
2962 2963 3101 0
2962 3101 3100 0
2963 2964 3102 0
2963 3102 3101 0
2964 2965 3103 0
2964 3103 3102 0
2965 2966 3104 0
2965 3104 3103 0
2966 2967 3105 0
2966 3105 3104 0
2967 2968 3106 0
2967 3106 3105 0
2968 2969 3107 0
2968 3107 3106 0
2969 2970 3108 0
2969 3108 3107 0
2970 2971 3109 0
2970 3109 3108 0
2971 2972 3110 0
2971 3110 3109 0
2972 2973 3111 0
2972 3111 3110 0
2973 2974 3112 0
2973 3112 3111 0
2974 2975 3113 0
2974 3113 3112 0
2975 2976 3114 0
2975 3114 3113 0
2976 2977 3115 0
2976 3115 3114 0
2977 2978 3116 0
2977 3116 3115 0
2978 2979 3117 0
2978 3117 3116 0
2979 2980 3118 0
2979 3118 3117 0
2980 2981 3119 0
2980 3119 3118 0
2981 2982 3120 0
2981 3120 3119 0
2982 2983 3121 0
2982 3121 3120 0
2983 2984 3122 0
2983 3122 3121 0
2984 2985 3123 0
2984 3123 3122 0
2985 2986 3124 0
2985 3124 3123 0
2986 2987 3125 0
2986 3125 3124 0
2987 2988 3126 0
2987 3126 3125 0
2988 2989 3127 0
2988 3127 3126 0
2989 2990 3128 0
2989 3128 3127 0
2990 2991 3129 0
2990 3129 3128 0
2991 2992 3130 0
2991 3130 3129 0
2992 2993 3131 0
2992 3131 3130 0
2993 2994 3132 0
2993 3132 3131 0
2994 2995 3133 0
2994 3133 3132 0
2995 2996 3134 0
2995 3134 3133 0
2996 2997 3135 0
2996 3135 3134 0
2997 2998 3136 0
2997 3136 3135 0
2998 2999 3137 0
2998 3137 3136 0
2999 3000 3138 0
2999 3138 3137 0
3000 3001 3139 0
3000 3139 3138 0
3001 3002 3140 0
3001 3140 3139 0
3002 3003 3141 0
3002 3141 3140 0
3003 3004 3142 0
3003 3142 3141 0
3004 3005 3143 0
3004 3143 3142 0
3005 3006 3144 0
3005 3144 3143 0
3006 3007 3145 0
3006 3145 3144 0
3007 3008 3146 0
3007 3146 3145 0
3008 3009 3147 0
3008 3147 3146 0
3009 3010 3148 0
3009 3148 3147 0
3010 3011 3149 0
3010 3149 3148 0
3011 3012 3150 0
3011 3150 3149 0
3012 3013 3151 0
3012 3151 3150 0
3013 3014 3152 0
3013 3152 3151 0
3014 3015 3153 0
3014 3153 3152 0
3015 3016 3154 0
3015 3154 3153 0
3016 3017 3155 0
3016 3155 3154 0
3017 3018 3156 0
3017 3156 3155 0
3018 3019 3157 0
3018 3157 3156 0
3019 3020 3158 0
3019 3158 3157 0
3020 3021 3159 0
3020 3159 3158 0
3021 3022 3160 0
3021 3160 3159 0
3022 3023 3161 0
3022 3161 3160 0
3023 3024 3162 0
3023 3162 3161 0
3024 3025 3163 0
3024 3163 3162 0
3025 3026 3164 0
3025 3164 3163 0
3026 3027 3165 0
3026 3165 3164 0
3027 3028 3166 0
3027 3166 3165 0
3028 3029 3167 0
3028 3167 3166 0
3029 3030 3168 0
3029 3168 3167 0
3030 3031 3169 0
3030 3169 3168 0
3031 3032 3170 0
3031 3170 3169 0
3032 3033 3171 0
3032 3171 3170 0
3033 3034 3172 0
3033 3172 3171 0
3034 3035 3173 0
3034 3173 3172 0
3035 3036 3174 0
3035 3174 3173 0
3037 3038 3176 0
3037 3176 3175 0
3038 3039 3177 0
3038 3177 3176 0
3039 3040 3178 0
3039 3178 3177 0
3040 3041 3179 0
3040 3179 3178 0
3041 3042 3180 0
3041 3180 3179 0
3042 3043 3181 0
3042 3181 3180 0
3043 3044 3182 0
3043 3182 3181 0
3044 3045 3183 0
3044 3183 3182 0
3045 3046 3184 0
3045 3184 3183 0
3046 3047 3185 0
3046 3185 3184 0
3047 3048 3186 0
3047 3186 3185 0
3048 3049 3187 0
3048 3187 3186 0
3049 3050 3188 0
3049 3188 3187 0
3050 3051 3189 0
3050 3189 3188 0
3051 3052 3190 0
3051 3190 3189 0
3052 3053 3191 0
3052 3191 3190 0
3053 3054 3192 0
3053 3192 3191 0
3054 3055 3193 0
3054 3193 3192 0
3055 3056 3194 0
3055 3194 3193 0
3056 3057 3195 0
3056 3195 3194 0
3057 3058 3196 0
3057 3196 3195 0
3058 3059 3197 0
3058 3197 3196 0
3059 3060 3198 0
3059 3198 3197 0
3060 3061 3199 0
3060 3199 3198 0
3061 3062 3200 0
3061 3200 3199 0
3062 3063 3201 0
3062 3201 3200 0
3063 3064 3202 0
3063 3202 3201 0
3064 3065 3203 0
3064 3203 3202 0
3065 3066 3204 0
3065 3204 3203 0
3066 3067 3205 0
3066 3205 3204 0
3067 3068 3206 0
3067 3206 3205 0
3068 3069 3207 0
3068 3207 3206 0
3069 3070 3208 0
3069 3208 3207 0
3070 3071 3209 0
3070 3209 3208 0
3071 3072 3210 0
3071 3210 3209 0
3072 3073 3211 0
3072 3211 3210 0
3073 3074 3212 0
3073 3212 3211 0
3074 3075 3213 0
3074 3213 3212 0
3075 3076 3214 0
3075 3214 3213 0
3076 3077 3215 0
3076 3215 3214 0
3077 3078 3216 0
3077 3216 3215 0
3078 3079 3217 0
3078 3217 3216 0
3079 3080 3218 0
3079 3218 3217 0
3080 3081 3219 0
3080 3219 3218 0
3081 3082 3220 0
3081 3220 3219 0
3082 3083 3221 0
3082 3221 3220 0
3083 3084 3222 0
3083 3222 3221 0
3084 3085 3223 0
3084 3223 3222 0
3085 3086 3224 0
3085 3224 3223 0
3086 3087 3225 0
3086 3225 3224 0
3087 3088 3226 0
3087 3226 3225 0
3088 3089 3227 0
3088 3227 3226 0
3089 3090 3228 0
3089 3228 3227 0
3090 3091 3229 0
3090 3229 3228 0
3091 3092 3230 0
3091 3230 3229 0
3092 3093 3231 0
3092 3231 3230 0
3093 3094 3232 0
3093 3232 3231 0
3094 3095 3233 0
3094 3233 3232 0
3095 3096 3234 0
3095 3234 3233 0
3096 3097 3235 0
3096 3235 3234 0
3097 3098 3236 0
3097 3236 3235 0
3098 3099 3237 0
3098 3237 3236 0
3099 3100 3238 0
3099 3238 3237 0
3100 3101 3239 0
3100 3239 3238 0
3101 3102 3240 0
3101 3240 3239 0
3102 3103 3241 0
3102 3241 3240 0
3103 3104 3242 0
3103 3242 3241 0
3104 3105 3243 0
3104 3243 3242 0
3105 3106 3244 0
3105 3244 3243 0
3106 3107 3245 0
3106 3245 3244 0
3107 3108 3246 0
3107 3246 3245 0
3108 3109 3247 0
3108 3247 3246 0
3109 3110 3248 0
3109 3248 3247 0
3110 3111 3249 0
3110 3249 3248 0
3111 3112 3250 0
3111 3250 3249 0
3112 3113 3251 0
3112 3251 3250 0
3113 3114 3252 0
3113 3252 3251 0
3114 3115 3253 0
3114 3253 3252 0
3115 3116 3254 0
3115 3254 3253 0
3116 3117 3255 0
3116 3255 3254 0
3117 3118 3256 0
3117 3256 3255 0
3118 3119 3257 0
3118 3257 3256 0
3119 3120 3258 0
3119 3258 3257 0
3120 3121 3259 0
3120 3259 3258 0
3121 3122 3260 0
3121 3260 3259 0
3122 3123 3261 0
3122 3261 3260 0
3123 3124 3262 0
3123 3262 3261 0
3124 3125 3263 0
3124 3263 3262 0
3125 3126 3264 0
3125 3264 3263 0
3126 3127 3265 0
3126 3265 3264 0
3127 3128 3266 0
3127 3266 3265 0
3128 3129 3267 0
3128 3267 3266 0
3129 3130 3268 0
3129 3268 3267 0
3130 3131 3269 0
3130 3269 3268 0
3131 3132 3270 0
3131 3270 3269 0
3132 3133 3271 0
3132 3271 3270 0
3133 3134 3272 0
3133 3272 3271 0
3134 3135 3273 0
3134 3273 3272 0
3135 3136 3274 0
3135 3274 3273 0
3136 3137 3275 0
3136 3275 3274 0
3137 3138 3276 0
3137 3276 3275 0
3138 3139 3277 0
3138 3277 3276 0
3139 3140 3278 0
3139 3278 3277 0
3140 3141 3279 0
3140 3279 3278 0
3141 3142 3280 0
3141 3280 3279 0
3142 3143 3281 0
3142 3281 3280 0
3143 3144 3282 0
3143 3282 3281 0
3144 3145 3283 0
3144 3283 3282 0
3145 3146 3284 0
3145 3284 3283 0
3146 3147 3285 0
3146 3285 3284 0
3147 3148 3286 0
3147 3286 3285 0
3148 3149 3287 0
3148 3287 3286 0
3149 3150 3288 0
3149 3288 3287 0
3150 3151 3289 0
3150 3289 3288 0
3151 3152 3290 0
3151 3290 3289 0
3152 3153 3291 0
3152 3291 3290 0
3153 3154 3292 0
3153 3292 3291 0
3154 3155 3293 0
3154 3293 3292 0
3155 3156 3294 0
3155 3294 3293 0
3156 3157 3295 0
3156 3295 3294 0
3157 3158 3296 0
3157 3296 3295 0
3158 3159 3297 0
3158 3297 3296 0
3159 3160 3298 0
3159 3298 3297 0
3160 3161 3299 0
3160 3299 3298 0
3161 3162 3300 0
3161 3300 3299 0
3162 3163 3301 0
3162 3301 3300 0
3163 3164 3302 0
3163 3302 3301 0
3164 3165 3303 0
3164 3303 3302 0
3165 3166 3304 0
3165 3304 3303 0
3166 3167 3305 0
3166 3305 3304 0
3167 3168 3306 0
3167 3306 3305 0
3168 3169 3307 0
3168 3307 3306 0
3169 3170 3308 0
3169 3308 3307 0
3170 3171 3309 0
3170 3309 3308 0
3171 3172 3310 0
3171 3310 3309 0
3172 3173 3311 0
3172 3311 3310 0
3173 3174 3312 0
3173 3312 3311 0
3175 3176 3314 0
3175 3314 3313 0
3176 3177 3315 0
3176 3315 3314 0
3177 3178 3316 0
3177 3316 3315 0
3178 3179 3317 0
3178 3317 3316 0
3179 3180 3318 0
3179 3318 3317 0
3180 3181 3319 0
3180 3319 3318 0
3181 3182 3320 0
3181 3320 3319 0
3182 3183 3321 0
3182 3321 3320 0
3183 3184 3322 0
3183 3322 3321 0
3184 3185 3323 0
3184 3323 3322 0
3185 3186 3324 0
3185 3324 3323 0
3186 3187 3325 0
3186 3325 3324 0
3187 3188 3326 0
3187 3326 3325 0
3188 3189 3327 0
3188 3327 3326 0
3189 3190 3328 0
3189 3328 3327 0
3190 3191 3329 0
3190 3329 3328 0
3191 3192 3330 0
3191 3330 3329 0
3192 3193 3331 0
3192 3331 3330 0
3193 3194 3332 0
3193 3332 3331 0
3194 3195 3333 0
3194 3333 3332 0
3195 3196 3334 0
3195 3334 3333 0
3196 3197 3335 0
3196 3335 3334 0
3197 3198 3336 0
3197 3336 3335 0
3198 3199 3337 0
3198 3337 3336 0
3199 3200 3338 0
3199 3338 3337 0
3200 3201 3339 0
3200 3339 3338 0
3201 3202 3340 0
3201 3340 3339 0
3202 3203 3341 0
3202 3341 3340 0
3203 3204 3342 0
3203 3342 3341 0
3204 3205 3343 0
3204 3343 3342 0
3205 3206 3344 0
3205 3344 3343 0
3206 3207 3345 0
3206 3345 3344 0
3207 3208 3346 0
3207 3346 3345 0
3208 3209 3347 0
3208 3347 3346 0
3209 3210 3348 0
3209 3348 3347 0
3210 3211 3349 0
3210 3349 3348 0
3211 3212 3350 0
3211 3350 3349 0
3212 3213 3351 0
3212 3351 3350 0
3213 3214 3352 0
3213 3352 3351 0
3214 3215 3353 0
3214 3353 3352 0
3215 3216 3354 0
3215 3354 3353 0
3216 3217 3355 0
3216 3355 3354 0
3217 3218 3356 0
3217 3356 3355 0
3218 3219 3357 0
3218 3357 3356 0
3219 3220 3358 0
3219 3358 3357 0
3220 3221 3359 0
3220 3359 3358 0
3221 3222 3360 0
3221 3360 3359 0
3222 3223 3361 0
3222 3361 3360 0
3223 3224 3362 0
3223 3362 3361 0
3224 3225 3363 0
3224 3363 3362 0
3225 3226 3364 0
3225 3364 3363 0
3226 3227 3365 0
3226 3365 3364 0
3227 3228 3366 0
3227 3366 3365 0
3228 3229 3367 0
3228 3367 3366 0
3229 3230 3368 0
3229 3368 3367 0
3230 3231 3369 0
3230 3369 3368 0
3231 3232 3370 0
3231 3370 3369 0
3232 3233 3371 0
3232 3371 3370 0
3233 3234 3372 0
3233 3372 3371 0
3234 3235 3373 0
3234 3373 3372 0
3235 3236 3374 0
3235 3374 3373 0
3236 3237 3375 0
3236 3375 3374 0
3237 3238 3376 0
3237 3376 3375 0
3238 3239 3377 0
3238 3377 3376 0
3239 3240 3378 0
3239 3378 3377 0
3240 3241 3379 0
3240 3379 3378 0
3241 3242 3380 0
3241 3380 3379 0
3242 3243 3381 0
3242 3381 3380 0
3243 3244 3382 0
3243 3382 3381 0
3244 3245 3383 0
3244 3383 3382 0
3245 3246 3384 0
3245 3384 3383 0
3246 3247 3385 0
3246 3385 3384 0
3247 3248 3386 0
3247 3386 3385 0
3248 3249 3387 0
3248 3387 3386 0
3249 3250 3388 0
3249 3388 3387 0
3250 3251 3389 0
3250 3389 3388 0
3251 3252 3390 0
3251 3390 3389 0
3252 3253 3391 0
3252 3391 3390 0
3253 3254 3392 0
3253 3392 3391 0
3254 3255 3393 0
3254 3393 3392 0
3255 3256 3394 0
3255 3394 3393 0
3256 3257 3395 0
3256 3395 3394 0
3257 3258 3396 0
3257 3396 3395 0
3258 3259 3397 0
3258 3397 3396 0
3259 3260 3398 0
3259 3398 3397 0
3260 3261 3399 0
3260 3399 3398 0
3261 3262 3400 0
3261 3400 3399 0
3262 3263 3401 0
3262 3401 3400 0
3263 3264 3402 0
3263 3402 3401 0
3264 3265 3403 0
3264 3403 3402 0
3265 3266 3404 0
3265 3404 3403 0
3266 3267 3405 0
3266 3405 3404 0
3267 3268 3406 0
3267 3406 3405 0
3268 3269 3407 0
3268 3407 3406 0
3269 3270 3408 0
3269 3408 3407 0
3270 3271 3409 0
3270 3409 3408 0
3271 3272 3410 0
3271 3410 3409 0
3272 3273 3411 0
3272 3411 3410 0
3273 3274 3412 0
3273 3412 3411 0
3274 3275 3413 0
3274 3413 3412 0
3275 3276 3414 0
3275 3414 3413 0
3276 3277 3415 0
3276 3415 3414 0
3277 3278 3416 0
3277 3416 3415 0
3278 3279 3417 0
3278 3417 3416 0
3279 3280 3418 0
3279 3418 3417 0
3280 3281 3419 0
3280 3419 3418 0
3281 3282 3420 0
3281 3420 3419 0
3282 3283 3421 0
3282 3421 3420 0
3283 3284 3422 0
3283 3422 3421 0
3284 3285 3423 0
3284 3423 3422 0
3285 3286 3424 0
3285 3424 3423 0
3286 3287 3425 0
3286 3425 3424 0
3287 3288 3426 0
3287 3426 3425 0
3288 3289 3427 0
3288 3427 3426 0
3289 3290 3428 0
3289 3428 3427 0
3290 3291 3429 0
3290 3429 3428 0
3291 3292 3430 0
3291 3430 3429 0
3292 3293 3431 0
3292 3431 3430 0
3293 3294 3432 0
3293 3432 3431 0
3294 3295 3433 0
3294 3433 3432 0
3295 3296 3434 0
3295 3434 3433 0
3296 3297 3435 0
3296 3435 3434 0
3297 3298 3436 0
3297 3436 3435 0
3298 3299 3437 0
3298 3437 3436 0
3299 3300 3438 0
3299 3438 3437 0
3300 3301 3439 0
3300 3439 3438 0
3301 3302 3440 0
3301 3440 3439 0
3302 3303 3441 0
3302 3441 3440 0
3303 3304 3442 0
3303 3442 3441 0
3304 3305 3443 0
3304 3443 3442 0
3305 3306 3444 0
3305 3444 3443 0
3306 3307 3445 0
3306 3445 3444 0
3307 3308 3446 0
3307 3446 3445 0
3308 3309 3447 0
3308 3447 3446 0
3309 3310 3448 0
3309 3448 3447 0
3310 3311 3449 0
3310 3449 3448 0
3311 3312 3450 0
3311 3450 3449 0
3313 3314 3452 0
3313 3452 3451 0
3314 3315 3453 0
3314 3453 3452 0
3315 3316 3454 0
3315 3454 3453 0
3316 3317 3455 0
3316 3455 3454 0
3317 3318 3456 0
3317 3456 3455 0
3318 3319 3457 0
3318 3457 3456 0
3319 3320 3458 0
3319 3458 3457 0
3320 3321 3459 0
3320 3459 3458 0
3321 3322 3460 0
3321 3460 3459 0
3322 3323 3461 0
3322 3461 3460 0
3323 3324 3462 0
3323 3462 3461 0
3324 3325 3463 0
3324 3463 3462 0
3325 3326 3464 0
3325 3464 3463 0
3326 3327 3465 0
3326 3465 3464 0
3327 3328 3466 0
3327 3466 3465 0
3328 3329 3467 0
3328 3467 3466 0
3329 3330 3468 0
3329 3468 3467 0
3330 3331 3469 0
3330 3469 3468 0
3331 3332 3470 0
3331 3470 3469 0
3332 3333 3471 0
3332 3471 3470 0
3333 3334 3472 0
3333 3472 3471 0
3334 3335 3473 0
3334 3473 3472 0
3335 3336 3474 0
3335 3474 3473 0
3336 3337 3475 0
3336 3475 3474 0
3337 3338 3476 0
3337 3476 3475 0
3338 3339 3477 0
3338 3477 3476 0
3339 3340 3478 0
3339 3478 3477 0
3340 3341 3479 0
3340 3479 3478 0
3341 3342 3480 0
3341 3480 3479 0
3342 3343 3481 0
3342 3481 3480 0
3343 3344 3482 0
3343 3482 3481 0
3344 3345 3483 0
3344 3483 3482 0
3345 3346 3484 0
3345 3484 3483 0
3346 3347 3485 0
3346 3485 3484 0
3347 3348 3486 0
3347 3486 3485 0
3348 3349 3487 0
3348 3487 3486 0
3349 3350 3488 0
3349 3488 3487 0
3350 3351 3489 0
3350 3489 3488 0
3351 3352 3490 0
3351 3490 3489 0
3352 3353 3491 0
3352 3491 3490 0
3353 3354 3492 0
3353 3492 3491 0
3354 3355 3493 0
3354 3493 3492 0
3355 3356 3494 0
3355 3494 3493 0
3356 3357 3495 0
3356 3495 3494 0
3357 3358 3496 0
3357 3496 3495 0
3358 3359 3497 0
3358 3497 3496 0
3359 3360 3498 0
3359 3498 3497 0
3360 3361 3499 0
3360 3499 3498 0
3361 3362 3500 0
3361 3500 3499 0
3362 3363 3501 0
3362 3501 3500 0
3363 3364 3502 0
3363 3502 3501 0
3364 3365 3503 0
3364 3503 3502 0
3365 3366 3504 0
3365 3504 3503 0
3366 3367 3505 0
3366 3505 3504 0
3367 3368 3506 0
3367 3506 3505 0
3368 3369 3507 0
3368 3507 3506 0
3369 3370 3508 0
3369 3508 3507 0
3370 3371 3509 0
3370 3509 3508 0
3371 3372 3510 0
3371 3510 3509 0
3372 3373 3511 0
3372 3511 3510 0
3373 3374 3512 0
3373 3512 3511 0
3374 3375 3513 0
3374 3513 3512 0
3375 3376 3514 0
3375 3514 3513 0
3376 3377 3515 0
3376 3515 3514 0
3377 3378 3516 0
3377 3516 3515 0
3378 3379 3517 0
3378 3517 3516 0
3379 3380 3518 0
3379 3518 3517 0
3380 3381 3519 0
3380 3519 3518 0
3381 3382 3520 0
3381 3520 3519 0
3382 3383 3521 0
3382 3521 3520 0
3383 3384 3522 0
3383 3522 3521 0
3384 3385 3523 0
3384 3523 3522 0
3385 3386 3524 0
3385 3524 3523 0
3386 3387 3525 0
3386 3525 3524 0
3387 3388 3526 0
3387 3526 3525 0
3388 3389 3527 0
3388 3527 3526 0
3389 3390 3528 0
3389 3528 3527 0
3390 3391 3529 0
3390 3529 3528 0
3391 3392 3530 0
3391 3530 3529 0
3392 3393 3531 0
3392 3531 3530 0
3393 3394 3532 0
3393 3532 3531 0
3394 3395 3533 0
3394 3533 3532 0
3395 3396 3534 0
3395 3534 3533 0
3396 3397 3535 0
3396 3535 3534 0
3397 3398 3536 0
3397 3536 3535 0
3398 3399 3537 0
3398 3537 3536 0
3399 3400 3538 0
3399 3538 3537 0
3400 3401 3539 0
3400 3539 3538 0
3401 3402 3540 0
3401 3540 3539 0
3402 3403 3541 0
3402 3541 3540 0
3403 3404 3542 0
3403 3542 3541 0
3404 3405 3543 0
3404 3543 3542 0
3405 3406 3544 0
3405 3544 3543 0
3406 3407 3545 0
3406 3545 3544 0
3407 3408 3546 0
3407 3546 3545 0
3408 3409 3547 0
3408 3547 3546 0
3409 3410 3548 0
3409 3548 3547 0
3410 3411 3549 0
3410 3549 3548 0
3411 3412 3550 0
3411 3550 3549 0
3412 3413 3551 0
3412 3551 3550 0
3413 3414 3552 0
3413 3552 3551 0
3414 3415 3553 0
3414 3553 3552 0
3415 3416 3554 0
3415 3554 3553 0
3416 3417 3555 0
3416 3555 3554 0
3417 3418 3556 0
3417 3556 3555 0
3418 3419 3557 0
3418 3557 3556 0
3419 3420 3558 0
3419 3558 3557 0
3420 3421 3559 0
3420 3559 3558 0
3421 3422 3560 0
3421 3560 3559 0
3422 3423 3561 0
3422 3561 3560 0
3423 3424 3562 0
3423 3562 3561 0
3424 3425 3563 0
3424 3563 3562 0
3425 3426 3564 0
3425 3564 3563 0
3426 3427 3565 0
3426 3565 3564 0
3427 3428 3566 0
3427 3566 3565 0
3428 3429 3567 0
3428 3567 3566 0
3429 3430 3568 0
3429 3568 3567 0
3430 3431 3569 0
3430 3569 3568 0
3431 3432 3570 0
3431 3570 3569 0
3432 3433 3571 0
3432 3571 3570 0
3433 3434 3572 0
3433 3572 3571 0
3434 3435 3573 0
3434 3573 3572 0
3435 3436 3574 0
3435 3574 3573 0
3436 3437 3575 0
3436 3575 3574 0
3437 3438 3576 0
3437 3576 3575 0
3438 3439 3577 0
3438 3577 3576 0
3439 3440 3578 0
3439 3578 3577 0
3440 3441 3579 0
3440 3579 3578 0
3441 3442 3580 0
3441 3580 3579 0
3442 3443 3581 0
3442 3581 3580 0
3443 3444 3582 0
3443 3582 3581 0
3444 3445 3583 0
3444 3583 3582 0
3445 3446 3584 0
3445 3584 3583 0
3446 3447 3585 0
3446 3585 3584 0
3447 3448 3586 0
3447 3586 3585 0
3448 3449 3587 0
3448 3587 3586 0
3449 3450 3588 0
3449 3588 3587 0
3451 3452 3590 0
3451 3590 3589 0
3452 3453 3591 0
3452 3591 3590 0
3453 3454 3592 0
3453 3592 3591 0
3454 3455 3593 0
3454 3593 3592 0
3455 3456 3594 0
3455 3594 3593 0
3456 3457 3595 0
3456 3595 3594 0
3457 3458 3596 0
3457 3596 3595 0
3458 3459 3597 0
3458 3597 3596 0
3459 3460 3598 0
3459 3598 3597 0
3460 3461 3599 0
3460 3599 3598 0
3461 3462 3600 0
3461 3600 3599 0
3462 3463 3601 0
3462 3601 3600 0
3463 3464 3602 0
3463 3602 3601 0
3464 3465 3603 0
3464 3603 3602 0
3465 3466 3604 0
3465 3604 3603 0
3466 3467 3605 0
3466 3605 3604 0
3467 3468 3606 0
3467 3606 3605 0
3468 3469 3607 0
3468 3607 3606 0
3469 3470 3608 0
3469 3608 3607 0
3470 3471 3609 0
3470 3609 3608 0
3471 3472 3610 0
3471 3610 3609 0
3472 3473 3611 0
3472 3611 3610 0
3473 3474 3612 0
3473 3612 3611 0
3474 3475 3613 0
3474 3613 3612 0
3475 3476 3614 0
3475 3614 3613 0
3476 3477 3615 0
3476 3615 3614 0
3477 3478 3616 0
3477 3616 3615 0
3478 3479 3617 0
3478 3617 3616 0
3479 3480 3618 0
3479 3618 3617 0
3480 3481 3619 0
3480 3619 3618 0
3481 3482 3620 0
3481 3620 3619 0
3482 3483 3621 0
3482 3621 3620 0
3483 3484 3622 0
3483 3622 3621 0
3484 3485 3623 0
3484 3623 3622 0
3485 3486 3624 0
3485 3624 3623 0
3486 3487 3625 0
3486 3625 3624 0
3487 3488 3626 0
3487 3626 3625 0
3488 3489 3627 0
3488 3627 3626 0
3489 3490 3628 0
3489 3628 3627 0
3490 3491 3629 0
3490 3629 3628 0
3491 3492 3630 0
3491 3630 3629 0
3492 3493 3631 0
3492 3631 3630 0
3493 3494 3632 0
3493 3632 3631 0
3494 3495 3633 0
3494 3633 3632 0
3495 3496 3634 0
3495 3634 3633 0
3496 3497 3635 0
3496 3635 3634 0
3497 3498 3636 0
3497 3636 3635 0
3498 3499 3637 0
3498 3637 3636 0
3499 3500 3638 0
3499 3638 3637 0
3500 3501 3639 0
3500 3639 3638 0
3501 3502 3640 0
3501 3640 3639 0
3502 3503 3641 0
3502 3641 3640 0
3503 3504 3642 0
3503 3642 3641 0
3504 3505 3643 0
3504 3643 3642 0
3505 3506 3644 0
3505 3644 3643 0
3506 3507 3645 0
3506 3645 3644 0
3507 3508 3646 0
3507 3646 3645 0
3508 3509 3647 0
3508 3647 3646 0
3509 3510 3648 0
3509 3648 3647 0
3510 3511 3649 0
3510 3649 3648 0
3511 3512 3650 0
3511 3650 3649 0
3512 3513 3651 0
3512 3651 3650 0
3513 3514 3652 0
3513 3652 3651 0
3514 3515 3653 0
3514 3653 3652 0
3515 3516 3654 0
3515 3654 3653 0
3516 3517 3655 0
3516 3655 3654 0
3517 3518 3656 0
3517 3656 3655 0
3518 3519 3657 0
3518 3657 3656 0
3519 3520 3658 0
3519 3658 3657 0
3520 3521 3659 0
3520 3659 3658 0
3521 3522 3660 0
3521 3660 3659 0
3522 3523 3661 0
3522 3661 3660 0
3523 3524 3662 0
3523 3662 3661 0
3524 3525 3663 0
3524 3663 3662 0
3525 3526 3664 0
3525 3664 3663 0
3526 3527 3665 0
3526 3665 3664 0
3527 3528 3666 0
3527 3666 3665 0
3528 3529 3667 0
3528 3667 3666 0
3529 3530 3668 0
3529 3668 3667 0
3530 3531 3669 0
3530 3669 3668 0
3531 3532 3670 0
3531 3670 3669 0
3532 3533 3671 0
3532 3671 3670 0
3533 3534 3672 0
3533 3672 3671 0
3534 3535 3673 0
3534 3673 3672 0
3535 3536 3674 0
3535 3674 3673 0
3536 3537 3675 0
3536 3675 3674 0
3537 3538 3676 0
3537 3676 3675 0
3538 3539 3677 0
3538 3677 3676 0
3539 3540 3678 0
3539 3678 3677 0
3540 3541 3679 0
3540 3679 3678 0
3541 3542 3680 0
3541 3680 3679 0
3542 3543 3681 0
3542 3681 3680 0
3543 3544 3682 0
3543 3682 3681 0
3544 3545 3683 0
3544 3683 3682 0
3545 3546 3684 0
3545 3684 3683 0
3546 3547 3685 0
3546 3685 3684 0
3547 3548 3686 0
3547 3686 3685 0
3548 3549 3687 0
3548 3687 3686 0
3549 3550 3688 0
3549 3688 3687 0
3550 3551 3689 0
3550 3689 3688 0
3551 3552 3690 0
3551 3690 3689 0
3552 3553 3691 0
3552 3691 3690 0
3553 3554 3692 0
3553 3692 3691 0
3554 3555 3693 0
3554 3693 3692 0
3555 3556 3694 0
3555 3694 3693 0
3556 3557 3695 0
3556 3695 3694 0
3557 3558 3696 0
3557 3696 3695 0
3558 3559 3697 0
3558 3697 3696 0
3559 3560 3698 0
3559 3698 3697 0
3560 3561 3699 0
3560 3699 3698 0
3561 3562 3700 0
3561 3700 3699 0
3562 3563 3701 0
3562 3701 3700 0
3563 3564 3702 0
3563 3702 3701 0
3564 3565 3703 0
3564 3703 3702 0
3565 3566 3704 0
3565 3704 3703 0
3566 3567 3705 0
3566 3705 3704 0
3567 3568 3706 0
3567 3706 3705 0
3568 3569 3707 0
3568 3707 3706 0
3569 3570 3708 0
3569 3708 3707 0
3570 3571 3709 0
3570 3709 3708 0
3571 3572 3710 0
3571 3710 3709 0
3572 3573 3711 0
3572 3711 3710 0
3573 3574 3712 0
3573 3712 3711 0
3574 3575 3713 0
3574 3713 3712 0
3575 3576 3714 0
3575 3714 3713 0
3576 3577 3715 0
3576 3715 3714 0
3577 3578 3716 0
3577 3716 3715 0
3578 3579 3717 0
3578 3717 3716 0
3579 3580 3718 0
3579 3718 3717 0
3580 3581 3719 0
3580 3719 3718 0
3581 3582 3720 0
3581 3720 3719 0
3582 3583 3721 0
3582 3721 3720 0
3583 3584 3722 0
3583 3722 3721 0
3584 3585 3723 0
3584 3723 3722 0
3585 3586 3724 0
3585 3724 3723 0
3586 3587 3725 0
3586 3725 3724 0
3587 3588 3726 0
3587 3726 3725 0
3589 3590 3728 0
3589 3728 3727 0
3590 3591 3729 0
3590 3729 3728 0
3591 3592 3730 0
3591 3730 3729 0
3592 3593 3731 0
3592 3731 3730 0
3593 3594 3732 0
3593 3732 3731 0
3594 3595 3733 0
3594 3733 3732 0
3595 3596 3734 0
3595 3734 3733 0
3596 3597 3735 0
3596 3735 3734 0
3597 3598 3736 0
3597 3736 3735 0
3598 3599 3737 0
3598 3737 3736 0
3599 3600 3738 0
3599 3738 3737 0
3600 3601 3739 0
3600 3739 3738 0
3601 3602 3740 0
3601 3740 3739 0
3602 3603 3741 0
3602 3741 3740 0
3603 3604 3742 0
3603 3742 3741 0
3604 3605 3743 0
3604 3743 3742 0
3605 3606 3744 0
3605 3744 3743 0
3606 3607 3745 0
3606 3745 3744 0
3607 3608 3746 0
3607 3746 3745 0
3608 3609 3747 0
3608 3747 3746 0
3609 3610 3748 0
3609 3748 3747 0
3610 3611 3749 0
3610 3749 3748 0
3611 3612 3750 0
3611 3750 3749 0
3612 3613 3751 0
3612 3751 3750 0
3613 3614 3752 0
3613 3752 3751 0
3614 3615 3753 0
3614 3753 3752 0
3615 3616 3754 0
3615 3754 3753 0
3616 3617 3755 0
3616 3755 3754 0
3617 3618 3756 0
3617 3756 3755 0
3618 3619 3757 0
3618 3757 3756 0
3619 3620 3758 0
3619 3758 3757 0
3620 3621 3759 0
3620 3759 3758 0
3621 3622 3760 0
3621 3760 3759 0
3622 3623 3761 0
3622 3761 3760 0
3623 3624 3762 0
3623 3762 3761 0
3624 3625 3763 0
3624 3763 3762 0
3625 3626 3764 0
3625 3764 3763 0
3626 3627 3765 0
3626 3765 3764 0
3627 3628 3766 0
3627 3766 3765 0
3628 3629 3767 0
3628 3767 3766 0
3629 3630 3768 0
3629 3768 3767 0
3630 3631 3769 0
3630 3769 3768 0
3631 3632 3770 0
3631 3770 3769 0
3632 3633 3771 0
3632 3771 3770 0
3633 3634 3772 0
3633 3772 3771 0
3634 3635 3773 0
3634 3773 3772 0
3635 3636 3774 0
3635 3774 3773 0
3636 3637 3775 0
3636 3775 3774 0
3637 3638 3776 0
3637 3776 3775 0
3638 3639 3777 0
3638 3777 3776 0
3639 3640 3778 0
3639 3778 3777 0
3640 3641 3779 0
3640 3779 3778 0
3641 3642 3780 0
3641 3780 3779 0
3642 3643 3781 0
3642 3781 3780 0
3643 3644 3782 0
3643 3782 3781 0
3644 3645 3783 0
3644 3783 3782 0
3645 3646 3784 0
3645 3784 3783 0
3646 3647 3785 0
3646 3785 3784 0
3647 3648 3786 0
3647 3786 3785 0
3648 3649 3787 0
3648 3787 3786 0
3649 3650 3788 0
3649 3788 3787 0
3650 3651 3789 0
3650 3789 3788 0
3651 3652 3790 0
3651 3790 3789 0
3652 3653 3791 0
3652 3791 3790 0
3653 3654 3792 0
3653 3792 3791 0
3654 3655 3793 0
3654 3793 3792 0
3655 3656 3794 0
3655 3794 3793 0
3656 3657 3795 0
3656 3795 3794 0
3657 3658 3796 0
3657 3796 3795 0
3658 3659 3797 0
3658 3797 3796 0
3659 3660 3798 0
3659 3798 3797 0
3660 3661 3799 0
3660 3799 3798 0
3661 3662 3800 0
3661 3800 3799 0
3662 3663 3801 0
3662 3801 3800 0
3663 3664 3802 0
3663 3802 3801 0
3664 3665 3803 0
3664 3803 3802 0
3665 3666 3804 0
3665 3804 3803 0
3666 3667 3805 0
3666 3805 3804 0
3667 3668 3806 0
3667 3806 3805 0
3668 3669 3807 0
3668 3807 3806 0
3669 3670 3808 0
3669 3808 3807 0
3670 3671 3809 0
3670 3809 3808 0
3671 3672 3810 0
3671 3810 3809 0
3672 3673 3811 0
3672 3811 3810 0
3673 3674 3812 0
3673 3812 3811 0
3674 3675 3813 0
3674 3813 3812 0
3675 3676 3814 0
3675 3814 3813 0
3676 3677 3815 0
3676 3815 3814 0
3677 3678 3816 0
3677 3816 3815 0
3678 3679 3817 0
3678 3817 3816 0
3679 3680 3818 0
3679 3818 3817 0
3680 3681 3819 0
3680 3819 3818 0
3681 3682 3820 0
3681 3820 3819 0
3682 3683 3821 0
3682 3821 3820 0
3683 3684 3822 0
3683 3822 3821 0
3684 3685 3823 0
3684 3823 3822 0
3685 3686 3824 0
3685 3824 3823 0
3686 3687 3825 0
3686 3825 3824 0
3687 3688 3826 0
3687 3826 3825 0
3688 3689 3827 0
3688 3827 3826 0
3689 3690 3828 0
3689 3828 3827 0
3690 3691 3829 0
3690 3829 3828 0
3691 3692 3830 0
3691 3830 3829 0
3692 3693 3831 0
3692 3831 3830 0
3693 3694 3832 0
3693 3832 3831 0
3694 3695 3833 0
3694 3833 3832 0
3695 3696 3834 0
3695 3834 3833 0
3696 3697 3835 0
3696 3835 3834 0
3697 3698 3836 0
3697 3836 3835 0
3698 3699 3837 0
3698 3837 3836 0
3699 3700 3838 0
3699 3838 3837 0
3700 3701 3839 0
3700 3839 3838 0
3701 3702 3840 0
3701 3840 3839 0
3702 3703 3841 0
3702 3841 3840 0
3703 3704 3842 0
3703 3842 3841 0
3704 3705 3843 0
3704 3843 3842 0
3705 3706 3844 0
3705 3844 3843 0
3706 3707 3845 0
3706 3845 3844 0
3707 3708 3846 0
3707 3846 3845 0
3708 3709 3847 0
3708 3847 3846 0
3709 3710 3848 0
3709 3848 3847 0
3710 3711 3849 0
3710 3849 3848 0
3711 3712 3850 0
3711 3850 3849 0
3712 3713 3851 0
3712 3851 3850 0
3713 3714 3852 0
3713 3852 3851 0
3714 3715 3853 0
3714 3853 3852 0
3715 3716 3854 0
3715 3854 3853 0
3716 3717 3855 0
3716 3855 3854 0
3717 3718 3856 0
3717 3856 3855 0
3718 3719 3857 0
3718 3857 3856 0
3719 3720 3858 0
3719 3858 3857 0
3720 3721 3859 0
3720 3859 3858 0
3721 3722 3860 0
3721 3860 3859 0
3722 3723 3861 0
3722 3861 3860 0
3723 3724 3862 0
3723 3862 3861 0
3724 3725 3863 0
3724 3863 3862 0
3725 3726 3864 0
3725 3864 3863 0
3727 3728 3866 0
3727 3866 3865 0
3728 3729 3867 0
3728 3867 3866 0
3729 3730 3868 0
3729 3868 3867 0
3730 3731 3869 0
3730 3869 3868 0
3731 3732 3870 0
3731 3870 3869 0
3732 3733 3871 0
3732 3871 3870 0
3733 3734 3872 0
3733 3872 3871 0
3734 3735 3873 0
3734 3873 3872 0
3735 3736 3874 0
3735 3874 3873 0
3736 3737 3875 0
3736 3875 3874 0
3737 3738 3876 0
3737 3876 3875 0
3738 3739 3877 0
3738 3877 3876 0
3739 3740 3878 0
3739 3878 3877 0
3740 3741 3879 0
3740 3879 3878 0
3741 3742 3880 0
3741 3880 3879 0
3742 3743 3881 0
3742 3881 3880 0
3743 3744 3882 0
3743 3882 3881 0
3744 3745 3883 0
3744 3883 3882 0
3745 3746 3884 0
3745 3884 3883 0
3746 3747 3885 0
3746 3885 3884 0
3747 3748 3886 0
3747 3886 3885 0
3748 3749 3887 0
3748 3887 3886 0
3749 3750 3888 0
3749 3888 3887 0
3750 3751 3889 0
3750 3889 3888 0
3751 3752 3890 0
3751 3890 3889 0
3752 3753 3891 0
3752 3891 3890 0
3753 3754 3892 0
3753 3892 3891 0
3754 3755 3893 0
3754 3893 3892 0
3755 3756 3894 0
3755 3894 3893 0
3756 3757 3895 0
3756 3895 3894 0
3757 3758 3896 0
3757 3896 3895 0
3758 3759 3897 0
3758 3897 3896 0
3759 3760 3898 0
3759 3898 3897 0
3760 3761 3899 0
3760 3899 3898 0
3761 3762 3900 0
3761 3900 3899 0
3762 3763 3901 0
3762 3901 3900 0
3763 3764 3902 0
3763 3902 3901 0
3764 3765 3903 0
3764 3903 3902 0
3765 3766 3904 0
3765 3904 3903 0
3766 3767 3905 0
3766 3905 3904 0
3767 3768 3906 0
3767 3906 3905 0
3768 3769 3907 0
3768 3907 3906 0
3769 3770 3908 0
3769 3908 3907 0
3770 3771 3909 0
3770 3909 3908 0
3771 3772 3910 0
3771 3910 3909 0
3772 3773 3911 0
3772 3911 3910 0
3773 3774 3912 0
3773 3912 3911 0
3774 3775 3913 0
3774 3913 3912 0
3775 3776 3914 0
3775 3914 3913 0
3776 3777 3915 0
3776 3915 3914 0
3777 3778 3916 0
3777 3916 3915 0
3778 3779 3917 0
3778 3917 3916 0
3779 3780 3918 0
3779 3918 3917 0
3780 3781 3919 0
3780 3919 3918 0
3781 3782 3920 0
3781 3920 3919 0
3782 3783 3921 0
3782 3921 3920 0
3783 3784 3922 0
3783 3922 3921 0
3784 3785 3923 0
3784 3923 3922 0
3785 3786 3924 0
3785 3924 3923 0
3786 3787 3925 0
3786 3925 3924 0
3787 3788 3926 0
3787 3926 3925 0
3788 3789 3927 0
3788 3927 3926 0
3789 3790 3928 0
3789 3928 3927 0
3790 3791 3929 0
3790 3929 3928 0
3791 3792 3930 0
3791 3930 3929 0
3792 3793 3931 0
3792 3931 3930 0
3793 3794 3932 0
3793 3932 3931 0
3794 3795 3933 0
3794 3933 3932 0
3795 3796 3934 0
3795 3934 3933 0
3796 3797 3935 0
3796 3935 3934 0
3797 3798 3936 0
3797 3936 3935 0
3798 3799 3937 0
3798 3937 3936 0
3799 3800 3938 0
3799 3938 3937 0
3800 3801 3939 0
3800 3939 3938 0
3801 3802 3940 0
3801 3940 3939 0
3802 3803 3941 0
3802 3941 3940 0
3803 3804 3942 0
3803 3942 3941 0
3804 3805 3943 0
3804 3943 3942 0
3805 3806 3944 0
3805 3944 3943 0
3806 3807 3945 0
3806 3945 3944 0
3807 3808 3946 0
3807 3946 3945 0
3808 3809 3947 0
3808 3947 3946 0
3809 3810 3948 0
3809 3948 3947 0
3810 3811 3949 0
3810 3949 3948 0
3811 3812 3950 0
3811 3950 3949 0
3812 3813 3951 0
3812 3951 3950 0
3813 3814 3952 0
3813 3952 3951 0
3814 3815 3953 0
3814 3953 3952 0
3815 3816 3954 0
3815 3954 3953 0
3816 3817 3955 0
3816 3955 3954 0
3817 3818 3956 0
3817 3956 3955 0
3818 3819 3957 0
3818 3957 3956 0
3819 3820 3958 0
3819 3958 3957 0
3820 3821 3959 0
3820 3959 3958 0
3821 3822 3960 0
3821 3960 3959 0
3822 3823 3961 0
3822 3961 3960 0
3823 3824 3962 0
3823 3962 3961 0
3824 3825 3963 0
3824 3963 3962 0
3825 3826 3964 0
3825 3964 3963 0
3826 3827 3965 0
3826 3965 3964 0
3827 3828 3966 0
3827 3966 3965 0
3828 3829 3967 0
3828 3967 3966 0
3829 3830 3968 0
3829 3968 3967 0
3830 3831 3969 0
3830 3969 3968 0
3831 3832 3970 0
3831 3970 3969 0
3832 3833 3971 0
3832 3971 3970 0
3833 3834 3972 0
3833 3972 3971 0
3834 3835 3973 0
3834 3973 3972 0
3835 3836 3974 0
3835 3974 3973 0
3836 3837 3975 0
3836 3975 3974 0
3837 3838 3976 0
3837 3976 3975 0
3838 3839 3977 0
3838 3977 3976 0
3839 3840 3978 0
3839 3978 3977 0
3840 3841 3979 0
3840 3979 3978 0
3841 3842 3980 0
3841 3980 3979 0
3842 3843 3981 0
3842 3981 3980 0
3843 3844 3982 0
3843 3982 3981 0
3844 3845 3983 0
3844 3983 3982 0
3845 3846 3984 0
3845 3984 3983 0
3846 3847 3985 0
3846 3985 3984 0
3847 3848 3986 0
3847 3986 3985 0
3848 3849 3987 0
3848 3987 3986 0
3849 3850 3988 0
3849 3988 3987 0
3850 3851 3989 0
3850 3989 3988 0
3851 3852 3990 0
3851 3990 3989 0
3852 3853 3991 0
3852 3991 3990 0
3853 3854 3992 0
3853 3992 3991 0
3854 3855 3993 0
3854 3993 3992 0
3855 3856 3994 0
3855 3994 3993 0
3856 3857 3995 0
3856 3995 3994 0
3857 3858 3996 0
3857 3996 3995 0
3858 3859 3997 0
3858 3997 3996 0
3859 3860 3998 0
3859 3998 3997 0
3860 3861 3999 0
3860 3999 3998 0
3861 3862 4000 0
3861 4000 3999 0
3862 3863 4001 0
3862 4001 4000 0
3863 3864 4002 0
3863 4002 4001 0
3865 3866 4004 0
3865 4004 4003 0
3866 3867 4005 0
3866 4005 4004 0
3867 3868 4006 0
3867 4006 4005 0
3868 3869 4007 0
3868 4007 4006 0
3869 3870 4008 0
3869 4008 4007 0
3870 3871 4009 0
3870 4009 4008 0
3871 3872 4010 0
3871 4010 4009 0
3872 3873 4011 0
3872 4011 4010 0
3873 3874 4012 0
3873 4012 4011 0
3874 3875 4013 0
3874 4013 4012 0
3875 3876 4014 0
3875 4014 4013 0
3876 3877 4015 0
3876 4015 4014 0
3877 3878 4016 0
3877 4016 4015 0
3878 3879 4017 0
3878 4017 4016 0
3879 3880 4018 0
3879 4018 4017 0
3880 3881 4019 0
3880 4019 4018 0
3881 3882 4020 0
3881 4020 4019 0
3882 3883 4021 0
3882 4021 4020 0
3883 3884 4022 0
3883 4022 4021 0
3884 3885 4023 0
3884 4023 4022 0
3885 3886 4024 0
3885 4024 4023 0
3886 3887 4025 0
3886 4025 4024 0
3887 3888 4026 0
3887 4026 4025 0
3888 3889 4027 0
3888 4027 4026 0
3889 3890 4028 0
3889 4028 4027 0
3890 3891 4029 0
3890 4029 4028 0
3891 3892 4030 0
3891 4030 4029 0
3892 3893 4031 0
3892 4031 4030 0
3893 3894 4032 0
3893 4032 4031 0
3894 3895 4033 0
3894 4033 4032 0
3895 3896 4034 0
3895 4034 4033 0
3896 3897 4035 0
3896 4035 4034 0
3897 3898 4036 0
3897 4036 4035 0
3898 3899 4037 0
3898 4037 4036 0
3899 3900 4038 0
3899 4038 4037 0
3900 3901 4039 0
3900 4039 4038 0
3901 3902 4040 0
3901 4040 4039 0
3902 3903 4041 0
3902 4041 4040 0
3903 3904 4042 0
3903 4042 4041 0
3904 3905 4043 0
3904 4043 4042 0
3905 3906 4044 0
3905 4044 4043 0
3906 3907 4045 0
3906 4045 4044 0
3907 3908 4046 0
3907 4046 4045 0
3908 3909 4047 0
3908 4047 4046 0
3909 3910 4048 0
3909 4048 4047 0
3910 3911 4049 0
3910 4049 4048 0
3911 3912 4050 0
3911 4050 4049 0
3912 3913 4051 0
3912 4051 4050 0
3913 3914 4052 0
3913 4052 4051 0
3914 3915 4053 0
3914 4053 4052 0
3915 3916 4054 0
3915 4054 4053 0
3916 3917 4055 0
3916 4055 4054 0
3917 3918 4056 0
3917 4056 4055 0
3918 3919 4057 0
3918 4057 4056 0
3919 3920 4058 0
3919 4058 4057 0
3920 3921 4059 0
3920 4059 4058 0
3921 3922 4060 0
3921 4060 4059 0
3922 3923 4061 0
3922 4061 4060 0
3923 3924 4062 0
3923 4062 4061 0
3924 3925 4063 0
3924 4063 4062 0
3925 3926 4064 0
3925 4064 4063 0
3926 3927 4065 0
3926 4065 4064 0
3927 3928 4066 0
3927 4066 4065 0
3928 3929 4067 0
3928 4067 4066 0
3929 3930 4068 0
3929 4068 4067 0
3930 3931 4069 0
3930 4069 4068 0
3931 3932 4070 0
3931 4070 4069 0
3932 3933 4071 0
3932 4071 4070 0
3933 3934 4072 0
3933 4072 4071 0
3934 3935 4073 0
3934 4073 4072 0
3935 3936 4074 0
3935 4074 4073 0
3936 3937 4075 0
3936 4075 4074 0
3937 3938 4076 0
3937 4076 4075 0
3938 3939 4077 0
3938 4077 4076 0
3939 3940 4078 0
3939 4078 4077 0
3940 3941 4079 0
3940 4079 4078 0
3941 3942 4080 0
3941 4080 4079 0
3942 3943 4081 0
3942 4081 4080 0
3943 3944 4082 0
3943 4082 4081 0
3944 3945 4083 0
3944 4083 4082 0
3945 3946 4084 0
3945 4084 4083 0
3946 3947 4085 0
3946 4085 4084 0
3947 3948 4086 0
3947 4086 4085 0
3948 3949 4087 0
3948 4087 4086 0
3949 3950 4088 0
3949 4088 4087 0
3950 3951 4089 0
3950 4089 4088 0
3951 3952 4090 0
3951 4090 4089 0
3952 3953 4091 0
3952 4091 4090 0
3953 3954 4092 0
3953 4092 4091 0
3954 3955 4093 0
3954 4093 4092 0
3955 3956 4094 0
3955 4094 4093 0
3956 3957 4095 0
3956 4095 4094 0
3957 3958 4096 0
3957 4096 4095 0
3958 3959 4097 0
3958 4097 4096 0
3959 3960 4098 0
3959 4098 4097 0
3960 3961 4099 0
3960 4099 4098 0
3961 3962 4100 0
3961 4100 4099 0
3962 3963 4101 0
3962 4101 4100 0
3963 3964 4102 0
3963 4102 4101 0
3964 3965 4103 0
3964 4103 4102 0
3965 3966 4104 0
3965 4104 4103 0
3966 3967 4105 0
3966 4105 4104 0
3967 3968 4106 0
3967 4106 4105 0
3968 3969 4107 0
3968 4107 4106 0
3969 3970 4108 0
3969 4108 4107 0
3970 3971 4109 0
3970 4109 4108 0
3971 3972 4110 0
3971 4110 4109 0
3972 3973 4111 0
3972 4111 4110 0
3973 3974 4112 0
3973 4112 4111 0
3974 3975 4113 0
3974 4113 4112 0
3975 3976 4114 0
3975 4114 4113 0
3976 3977 4115 0
3976 4115 4114 0
3977 3978 4116 0
3977 4116 4115 0
3978 3979 4117 0
3978 4117 4116 0
3979 3980 4118 0
3979 4118 4117 0
3980 3981 4119 0
3980 4119 4118 0
3981 3982 4120 0
3981 4120 4119 0
3982 3983 4121 0
3982 4121 4120 0
3983 3984 4122 0
3983 4122 4121 0
3984 3985 4123 0
3984 4123 4122 0
3985 3986 4124 0
3985 4124 4123 0
3986 3987 4125 0
3986 4125 4124 0
3987 3988 4126 0
3987 4126 4125 0
3988 3989 4127 0
3988 4127 4126 0
3989 3990 4128 0
3989 4128 4127 0
3990 3991 4129 0
3990 4129 4128 0
3991 3992 4130 0
3991 4130 4129 0
3992 3993 4131 0
3992 4131 4130 0
3993 3994 4132 0
3993 4132 4131 0
3994 3995 4133 0
3994 4133 4132 0
3995 3996 4134 0
3995 4134 4133 0
3996 3997 4135 0
3996 4135 4134 0
3997 3998 4136 0
3997 4136 4135 0
3998 3999 4137 0
3998 4137 4136 0
3999 4000 4138 0
3999 4138 4137 0
4000 4001 4139 0
4000 4139 4138 0
4001 4002 4140 0
4001 4140 4139 0
4003 4004 4142 0
4003 4142 4141 0
4004 4005 4143 0
4004 4143 4142 0
4005 4006 4144 0
4005 4144 4143 0
4006 4007 4145 0
4006 4145 4144 0
4007 4008 4146 0
4007 4146 4145 0
4008 4009 4147 0
4008 4147 4146 0
4009 4010 4148 0
4009 4148 4147 0
4010 4011 4149 0
4010 4149 4148 0
4011 4012 4150 0
4011 4150 4149 0
4012 4013 4151 0
4012 4151 4150 0
4013 4014 4152 0
4013 4152 4151 0
4014 4015 4153 0
4014 4153 4152 0
4015 4016 4154 0
4015 4154 4153 0
4016 4017 4155 0
4016 4155 4154 0
4017 4018 4156 0
4017 4156 4155 0
4018 4019 4157 0
4018 4157 4156 0
4019 4020 4158 0
4019 4158 4157 0
4020 4021 4159 0
4020 4159 4158 0
4021 4022 4160 0
4021 4160 4159 0
4022 4023 4161 0
4022 4161 4160 0
4023 4024 4162 0
4023 4162 4161 0
4024 4025 4163 0
4024 4163 4162 0
4025 4026 4164 0
4025 4164 4163 0
4026 4027 4165 0
4026 4165 4164 0
4027 4028 4166 0
4027 4166 4165 0
4028 4029 4167 0
4028 4167 4166 0
4029 4030 4168 0
4029 4168 4167 0
4030 4031 4169 0
4030 4169 4168 0
4031 4032 4170 0
4031 4170 4169 0
4032 4033 4171 0
4032 4171 4170 0
4033 4034 4172 0
4033 4172 4171 0
4034 4035 4173 0
4034 4173 4172 0
4035 4036 4174 0
4035 4174 4173 0
4036 4037 4175 0
4036 4175 4174 0
4037 4038 4176 0
4037 4176 4175 0
4038 4039 4177 0
4038 4177 4176 0
4039 4040 4178 0
4039 4178 4177 0
4040 4041 4179 0
4040 4179 4178 0
4041 4042 4180 0
4041 4180 4179 0
4042 4043 4181 0
4042 4181 4180 0
4043 4044 4182 0
4043 4182 4181 0
4044 4045 4183 0
4044 4183 4182 0
4045 4046 4184 0
4045 4184 4183 0
4046 4047 4185 0
4046 4185 4184 0
4047 4048 4186 0
4047 4186 4185 0
4048 4049 4187 0
4048 4187 4186 0
4049 4050 4188 0
4049 4188 4187 0
4050 4051 4189 0
4050 4189 4188 0
4051 4052 4190 0
4051 4190 4189 0
4052 4053 4191 0
4052 4191 4190 0
4053 4054 4192 0
4053 4192 4191 0
4054 4055 4193 0
4054 4193 4192 0
4055 4056 4194 0
4055 4194 4193 0
4056 4057 4195 0
4056 4195 4194 0
4057 4058 4196 0
4057 4196 4195 0
4058 4059 4197 0
4058 4197 4196 0
4059 4060 4198 0
4059 4198 4197 0
4060 4061 4199 0
4060 4199 4198 0
4061 4062 4200 0
4061 4200 4199 0
4062 4063 4201 0
4062 4201 4200 0
4063 4064 4202 0
4063 4202 4201 0
4064 4065 4203 0
4064 4203 4202 0
4065 4066 4204 0
4065 4204 4203 0
4066 4067 4205 0
4066 4205 4204 0
4067 4068 4206 0
4067 4206 4205 0
4068 4069 4207 0
4068 4207 4206 0
4069 4070 4208 0
4069 4208 4207 0
4070 4071 4209 0
4070 4209 4208 0
4071 4072 4210 0
4071 4210 4209 0
4072 4073 4211 0
4072 4211 4210 0
4073 4074 4212 0
4073 4212 4211 0
4074 4075 4213 0
4074 4213 4212 0
4075 4076 4214 0
4075 4214 4213 0
4076 4077 4215 0
4076 4215 4214 0
4077 4078 4216 0
4077 4216 4215 0
4078 4079 4217 0
4078 4217 4216 0
4079 4080 4218 0
4079 4218 4217 0
4080 4081 4219 0
4080 4219 4218 0
4081 4082 4220 0
4081 4220 4219 0
4082 4083 4221 0
4082 4221 4220 0
4083 4084 4222 0
4083 4222 4221 0
4084 4085 4223 0
4084 4223 4222 0
4085 4086 4224 0
4085 4224 4223 0
4086 4087 4225 0
4086 4225 4224 0
4087 4088 4226 0
4087 4226 4225 0
4088 4089 4227 0
4088 4227 4226 0
4089 4090 4228 0
4089 4228 4227 0
4090 4091 4229 0
4090 4229 4228 0
4091 4092 4230 0
4091 4230 4229 0
4092 4093 4231 0
4092 4231 4230 0
4093 4094 4232 0
4093 4232 4231 0
4094 4095 4233 0
4094 4233 4232 0
4095 4096 4234 0
4095 4234 4233 0
4096 4097 4235 0
4096 4235 4234 0
4097 4098 4236 0
4097 4236 4235 0
4098 4099 4237 0
4098 4237 4236 0
4099 4100 4238 0
4099 4238 4237 0
4100 4101 4239 0
4100 4239 4238 0
4101 4102 4240 0
4101 4240 4239 0
4102 4103 4241 0
4102 4241 4240 0
4103 4104 4242 0
4103 4242 4241 0
4104 4105 4243 0
4104 4243 4242 0
4105 4106 4244 0
4105 4244 4243 0
4106 4107 4245 0
4106 4245 4244 0
4107 4108 4246 0
4107 4246 4245 0
4108 4109 4247 0
4108 4247 4246 0
4109 4110 4248 0
4109 4248 4247 0
4110 4111 4249 0
4110 4249 4248 0
4111 4112 4250 0
4111 4250 4249 0
4112 4113 4251 0
4112 4251 4250 0
4113 4114 4252 0
4113 4252 4251 0
4114 4115 4253 0
4114 4253 4252 0
4115 4116 4254 0
4115 4254 4253 0
4116 4117 4255 0
4116 4255 4254 0
4117 4118 4256 0
4117 4256 4255 0
4118 4119 4257 0
4118 4257 4256 0
4119 4120 4258 0
4119 4258 4257 0
4120 4121 4259 0
4120 4259 4258 0
4121 4122 4260 0
4121 4260 4259 0
4122 4123 4261 0
4122 4261 4260 0
4123 4124 4262 0
4123 4262 4261 0
4124 4125 4263 0
4124 4263 4262 0
4125 4126 4264 0
4125 4264 4263 0
4126 4127 4265 0
4126 4265 4264 0
4127 4128 4266 0
4127 4266 4265 0
4128 4129 4267 0
4128 4267 4266 0
4129 4130 4268 0
4129 4268 4267 0
4130 4131 4269 0
4130 4269 4268 0
4131 4132 4270 0
4131 4270 4269 0
4132 4133 4271 0
4132 4271 4270 0
4133 4134 4272 0
4133 4272 4271 0
4134 4135 4273 0
4134 4273 4272 0
4135 4136 4274 0
4135 4274 4273 0
4136 4137 4275 0
4136 4275 4274 0
4137 4138 4276 0
4137 4276 4275 0
4138 4139 4277 0
4138 4277 4276 0
4139 4140 4278 0
4139 4278 4277 0
4141 4142 4280 0
4141 4280 4279 0
4142 4143 4281 0
4142 4281 4280 0
4143 4144 4282 0
4143 4282 4281 0
4144 4145 4283 0
4144 4283 4282 0
4145 4146 4284 0
4145 4284 4283 0
4146 4147 4285 0
4146 4285 4284 0
4147 4148 4286 0
4147 4286 4285 0
4148 4149 4287 0
4148 4287 4286 0
4149 4150 4288 0
4149 4288 4287 0
4150 4151 4289 0
4150 4289 4288 0
4151 4152 4290 0
4151 4290 4289 0
4152 4153 4291 0
4152 4291 4290 0
4153 4154 4292 0
4153 4292 4291 0
4154 4155 4293 0
4154 4293 4292 0
4155 4156 4294 0
4155 4294 4293 0
4156 4157 4295 0
4156 4295 4294 0
4157 4158 4296 0
4157 4296 4295 0
4158 4159 4297 0
4158 4297 4296 0
4159 4160 4298 0
4159 4298 4297 0
4160 4161 4299 0
4160 4299 4298 0
4161 4162 4300 0
4161 4300 4299 0
4162 4163 4301 0
4162 4301 4300 0
4163 4164 4302 0
4163 4302 4301 0
4164 4165 4303 0
4164 4303 4302 0
4165 4166 4304 0
4165 4304 4303 0
4166 4167 4305 0
4166 4305 4304 0
4167 4168 4306 0
4167 4306 4305 0
4168 4169 4307 0
4168 4307 4306 0
4169 4170 4308 0
4169 4308 4307 0
4170 4171 4309 0
4170 4309 4308 0
4171 4172 4310 0
4171 4310 4309 0
4172 4173 4311 0
4172 4311 4310 0
4173 4174 4312 0
4173 4312 4311 0
4174 4175 4313 0
4174 4313 4312 0
4175 4176 4314 0
4175 4314 4313 0
4176 4177 4315 0
4176 4315 4314 0
4177 4178 4316 0
4177 4316 4315 0
4178 4179 4317 0
4178 4317 4316 0
4179 4180 4318 0
4179 4318 4317 0
4180 4181 4319 0
4180 4319 4318 0
4181 4182 4320 0
4181 4320 4319 0
4182 4183 4321 0
4182 4321 4320 0
4183 4184 4322 0
4183 4322 4321 0
4184 4185 4323 0
4184 4323 4322 0
4185 4186 4324 0
4185 4324 4323 0
4186 4187 4325 0
4186 4325 4324 0
4187 4188 4326 0
4187 4326 4325 0
4188 4189 4327 0
4188 4327 4326 0
4189 4190 4328 0
4189 4328 4327 0
4190 4191 4329 0
4190 4329 4328 0
4191 4192 4330 0
4191 4330 4329 0
4192 4193 4331 0
4192 4331 4330 0
4193 4194 4332 0
4193 4332 4331 0
4194 4195 4333 0
4194 4333 4332 0
4195 4196 4334 0
4195 4334 4333 0
4196 4197 4335 0
4196 4335 4334 0
4197 4198 4336 0
4197 4336 4335 0
4198 4199 4337 0
4198 4337 4336 0
4199 4200 4338 0
4199 4338 4337 0
4200 4201 4339 0
4200 4339 4338 0
4201 4202 4340 0
4201 4340 4339 0
4202 4203 4341 0
4202 4341 4340 0
4203 4204 4342 0
4203 4342 4341 0
4204 4205 4343 0
4204 4343 4342 0
4205 4206 4344 0
4205 4344 4343 0
4206 4207 4345 0
4206 4345 4344 0
4207 4208 4346 0
4207 4346 4345 0
4208 4209 4347 0
4208 4347 4346 0
4209 4210 4348 0
4209 4348 4347 0
4210 4211 4349 0
4210 4349 4348 0
4211 4212 4350 0
4211 4350 4349 0
4212 4213 4351 0
4212 4351 4350 0
4213 4214 4352 0
4213 4352 4351 0
4214 4215 4353 0
4214 4353 4352 0
4215 4216 4354 0
4215 4354 4353 0
4216 4217 4355 0
4216 4355 4354 0
4217 4218 4356 0
4217 4356 4355 0
4218 4219 4357 0
4218 4357 4356 0
4219 4220 4358 0
4219 4358 4357 0
4220 4221 4359 0
4220 4359 4358 0
4221 4222 4360 0
4221 4360 4359 0
4222 4223 4361 0
4222 4361 4360 0
4223 4224 4362 0
4223 4362 4361 0
4224 4225 4363 0
4224 4363 4362 0
4225 4226 4364 0
4225 4364 4363 0
4226 4227 4365 0
4226 4365 4364 0
4227 4228 4366 0
4227 4366 4365 0
4228 4229 4367 0
4228 4367 4366 0
4229 4230 4368 0
4229 4368 4367 0
4230 4231 4369 0
4230 4369 4368 0
4231 4232 4370 0
4231 4370 4369 0
4232 4233 4371 0
4232 4371 4370 0
4233 4234 4372 0
4233 4372 4371 0
4234 4235 4373 0
4234 4373 4372 0
4235 4236 4374 0
4235 4374 4373 0
4236 4237 4375 0
4236 4375 4374 0
4237 4238 4376 0
4237 4376 4375 0
4238 4239 4377 0
4238 4377 4376 0
4239 4240 4378 0
4239 4378 4377 0
4240 4241 4379 0
4240 4379 4378 0
4241 4242 4380 0
4241 4380 4379 0
4242 4243 4381 0
4242 4381 4380 0
4243 4244 4382 0
4243 4382 4381 0
4244 4245 4383 0
4244 4383 4382 0
4245 4246 4384 0
4245 4384 4383 0
4246 4247 4385 0
4246 4385 4384 0
4247 4248 4386 0
4247 4386 4385 0
4248 4249 4387 0
4248 4387 4386 0
4249 4250 4388 0
4249 4388 4387 0
4250 4251 4389 0
4250 4389 4388 0
4251 4252 4390 0
4251 4390 4389 0
4252 4253 4391 0
4252 4391 4390 0
4253 4254 4392 0
4253 4392 4391 0
4254 4255 4393 0
4254 4393 4392 0
4255 4256 4394 0
4255 4394 4393 0
4256 4257 4395 0
4256 4395 4394 0
4257 4258 4396 0
4257 4396 4395 0
4258 4259 4397 0
4258 4397 4396 0
4259 4260 4398 0
4259 4398 4397 0
4260 4261 4399 0
4260 4399 4398 0
4261 4262 4400 0
4261 4400 4399 0
4262 4263 4401 0
4262 4401 4400 0
4263 4264 4402 0
4263 4402 4401 0
4264 4265 4403 0
4264 4403 4402 0
4265 4266 4404 0
4265 4404 4403 0
4266 4267 4405 0
4266 4405 4404 0
4267 4268 4406 0
4267 4406 4405 0
4268 4269 4407 0
4268 4407 4406 0
4269 4270 4408 0
4269 4408 4407 0
4270 4271 4409 0
4270 4409 4408 0
4271 4272 4410 0
4271 4410 4409 0
4272 4273 4411 0
4272 4411 4410 0
4273 4274 4412 0
4273 4412 4411 0
4274 4275 4413 0
4274 4413 4412 0
4275 4276 4414 0
4275 4414 4413 0
4276 4277 4415 0
4276 4415 4414 0
4277 4278 4416 0
4277 4416 4415 0
4279 4280 4418 0
4279 4418 4417 0
4280 4281 4419 0
4280 4419 4418 0
4281 4282 4420 0
4281 4420 4419 0
4282 4283 4421 0
4282 4421 4420 0
4283 4284 4422 0
4283 4422 4421 0
4284 4285 4423 0
4284 4423 4422 0
4285 4286 4424 0
4285 4424 4423 0
4286 4287 4425 0
4286 4425 4424 0
4287 4288 4426 0
4287 4426 4425 0
4288 4289 4427 0
4288 4427 4426 0
4289 4290 4428 0
4289 4428 4427 0
4290 4291 4429 0
4290 4429 4428 0
4291 4292 4430 0
4291 4430 4429 0
4292 4293 4431 0
4292 4431 4430 0
4293 4294 4432 0
4293 4432 4431 0
4294 4295 4433 0
4294 4433 4432 0
4295 4296 4434 0
4295 4434 4433 0
4296 4297 4435 0
4296 4435 4434 0
4297 4298 4436 0
4297 4436 4435 0
4298 4299 4437 0
4298 4437 4436 0
4299 4300 4438 0
4299 4438 4437 0
4300 4301 4439 0
4300 4439 4438 0
4301 4302 4440 0
4301 4440 4439 0
4302 4303 4441 0
4302 4441 4440 0
4303 4304 4442 0
4303 4442 4441 0
4304 4305 4443 0
4304 4443 4442 0
4305 4306 4444 0
4305 4444 4443 0
4306 4307 4445 0
4306 4445 4444 0
4307 4308 4446 0
4307 4446 4445 0
4308 4309 4447 0
4308 4447 4446 0
4309 4310 4448 0
4309 4448 4447 0
4310 4311 4449 0
4310 4449 4448 0
4311 4312 4450 0
4311 4450 4449 0
4312 4313 4451 0
4312 4451 4450 0
4313 4314 4452 0
4313 4452 4451 0
4314 4315 4453 0
4314 4453 4452 0
4315 4316 4454 0
4315 4454 4453 0
4316 4317 4455 0
4316 4455 4454 0
4317 4318 4456 0
4317 4456 4455 0
4318 4319 4457 0
4318 4457 4456 0
4319 4320 4458 0
4319 4458 4457 0
4320 4321 4459 0
4320 4459 4458 0
4321 4322 4460 0
4321 4460 4459 0
4322 4323 4461 0
4322 4461 4460 0
4323 4324 4462 0
4323 4462 4461 0
4324 4325 4463 0
4324 4463 4462 0
4325 4326 4464 0
4325 4464 4463 0
4326 4327 4465 0
4326 4465 4464 0
4327 4328 4466 0
4327 4466 4465 0
4328 4329 4467 0
4328 4467 4466 0
4329 4330 4468 0
4329 4468 4467 0
4330 4331 4469 0
4330 4469 4468 0
4331 4332 4470 0
4331 4470 4469 0
4332 4333 4471 0
4332 4471 4470 0
4333 4334 4472 0
4333 4472 4471 0
4334 4335 4473 0
4334 4473 4472 0
4335 4336 4474 0
4335 4474 4473 0
4336 4337 4475 0
4336 4475 4474 0
4337 4338 4476 0
4337 4476 4475 0
4338 4339 4477 0
4338 4477 4476 0
4339 4340 4478 0
4339 4478 4477 0
4340 4341 4479 0
4340 4479 4478 0
4341 4342 4480 0
4341 4480 4479 0
4342 4343 4481 0
4342 4481 4480 0
4343 4344 4482 0
4343 4482 4481 0
4344 4345 4483 0
4344 4483 4482 0
4345 4346 4484 0
4345 4484 4483 0
4346 4347 4485 0
4346 4485 4484 0
4347 4348 4486 0
4347 4486 4485 0
4348 4349 4487 0
4348 4487 4486 0
4349 4350 4488 0
4349 4488 4487 0
4350 4351 4489 0
4350 4489 4488 0
4351 4352 4490 0
4351 4490 4489 0
4352 4353 4491 0
4352 4491 4490 0
4353 4354 4492 0
4353 4492 4491 0
4354 4355 4493 0
4354 4493 4492 0
4355 4356 4494 0
4355 4494 4493 0
4356 4357 4495 0
4356 4495 4494 0
4357 4358 4496 0
4357 4496 4495 0
4358 4359 4497 0
4358 4497 4496 0
4359 4360 4498 0
4359 4498 4497 0
4360 4361 4499 0
4360 4499 4498 0
4361 4362 4500 0
4361 4500 4499 0
4362 4363 4501 0
4362 4501 4500 0
4363 4364 4502 0
4363 4502 4501 0
4364 4365 4503 0
4364 4503 4502 0
4365 4366 4504 0
4365 4504 4503 0
4366 4367 4505 0
4366 4505 4504 0
4367 4368 4506 0
4367 4506 4505 0
4368 4369 4507 0
4368 4507 4506 0
4369 4370 4508 0
4369 4508 4507 0
4370 4371 4509 0
4370 4509 4508 0
4371 4372 4510 0
4371 4510 4509 0
4372 4373 4511 0
4372 4511 4510 0
4373 4374 4512 0
4373 4512 4511 0
4374 4375 4513 0
4374 4513 4512 0
4375 4376 4514 0
4375 4514 4513 0
4376 4377 4515 0
4376 4515 4514 0
4377 4378 4516 0
4377 4516 4515 0
4378 4379 4517 0
4378 4517 4516 0
4379 4380 4518 0
4379 4518 4517 0
4380 4381 4519 0
4380 4519 4518 0
4381 4382 4520 0
4381 4520 4519 0
4382 4383 4521 0
4382 4521 4520 0
4383 4384 4522 0
4383 4522 4521 0
4384 4385 4523 0
4384 4523 4522 0
4385 4386 4524 0
4385 4524 4523 0
4386 4387 4525 0
4386 4525 4524 0
4387 4388 4526 0
4387 4526 4525 0
4388 4389 4527 0
4388 4527 4526 0
4389 4390 4528 0
4389 4528 4527 0
4390 4391 4529 0
4390 4529 4528 0
4391 4392 4530 0
4391 4530 4529 0
4392 4393 4531 0
4392 4531 4530 0
4393 4394 4532 0
4393 4532 4531 0
4394 4395 4533 0
4394 4533 4532 0
4395 4396 4534 0
4395 4534 4533 0
4396 4397 4535 0
4396 4535 4534 0
4397 4398 4536 0
4397 4536 4535 0
4398 4399 4537 0
4398 4537 4536 0
4399 4400 4538 0
4399 4538 4537 0
4400 4401 4539 0
4400 4539 4538 0
4401 4402 4540 0
4401 4540 4539 0
4402 4403 4541 0
4402 4541 4540 0
4403 4404 4542 0
4403 4542 4541 0
4404 4405 4543 0
4404 4543 4542 0
4405 4406 4544 0
4405 4544 4543 0
4406 4407 4545 0
4406 4545 4544 0
4407 4408 4546 0
4407 4546 4545 0
4408 4409 4547 0
4408 4547 4546 0
4409 4410 4548 0
4409 4548 4547 0
4410 4411 4549 0
4410 4549 4548 0
4411 4412 4550 0
4411 4550 4549 0
4412 4413 4551 0
4412 4551 4550 0
4413 4414 4552 0
4413 4552 4551 0
4414 4415 4553 0
4414 4553 4552 0
4415 4416 4554 0
4415 4554 4553 0
4417 4418 4556 0
4417 4556 4555 0
4418 4419 4557 0
4418 4557 4556 0
4419 4420 4558 0
4419 4558 4557 0
4420 4421 4559 0
4420 4559 4558 0
4421 4422 4560 0
4421 4560 4559 0
4422 4423 4561 0
4422 4561 4560 0
4423 4424 4562 0
4423 4562 4561 0
4424 4425 4563 0
4424 4563 4562 0
4425 4426 4564 0
4425 4564 4563 0
4426 4427 4565 0
4426 4565 4564 0
4427 4428 4566 0
4427 4566 4565 0
4428 4429 4567 0
4428 4567 4566 0
4429 4430 4568 0
4429 4568 4567 0
4430 4431 4569 0
4430 4569 4568 0
4431 4432 4570 0
4431 4570 4569 0
4432 4433 4571 0
4432 4571 4570 0
4433 4434 4572 0
4433 4572 4571 0
4434 4435 4573 0
4434 4573 4572 0
4435 4436 4574 0
4435 4574 4573 0
4436 4437 4575 0
4436 4575 4574 0
4437 4438 4576 0
4437 4576 4575 0
4438 4439 4577 0
4438 4577 4576 0
4439 4440 4578 0
4439 4578 4577 0
4440 4441 4579 0
4440 4579 4578 0
4441 4442 4580 0
4441 4580 4579 0
4442 4443 4581 0
4442 4581 4580 0
4443 4444 4582 0
4443 4582 4581 0
4444 4445 4583 0
4444 4583 4582 0
4445 4446 4584 0
4445 4584 4583 0
4446 4447 4585 0
4446 4585 4584 0
4447 4448 4586 0
4447 4586 4585 0
4448 4449 4587 0
4448 4587 4586 0
4449 4450 4588 0
4449 4588 4587 0
4450 4451 4589 0
4450 4589 4588 0
4451 4452 4590 0
4451 4590 4589 0
4452 4453 4591 0
4452 4591 4590 0
4453 4454 4592 0
4453 4592 4591 0
4454 4455 4593 0
4454 4593 4592 0
4455 4456 4594 0
4455 4594 4593 0
4456 4457 4595 0
4456 4595 4594 0
4457 4458 4596 0
4457 4596 4595 0
4458 4459 4597 0
4458 4597 4596 0
4459 4460 4598 0
4459 4598 4597 0
4460 4461 4599 0
4460 4599 4598 0
4461 4462 4600 0
4461 4600 4599 0
4462 4463 4601 0
4462 4601 4600 0
4463 4464 4602 0
4463 4602 4601 0
4464 4465 4603 0
4464 4603 4602 0
4465 4466 4604 0
4465 4604 4603 0
4466 4467 4605 0
4466 4605 4604 0
4467 4468 4606 0
4467 4606 4605 0
4468 4469 4607 0
4468 4607 4606 0
4469 4470 4608 0
4469 4608 4607 0
4470 4471 4609 0
4470 4609 4608 0
4471 4472 4610 0
4471 4610 4609 0
4472 4473 4611 0
4472 4611 4610 0
4473 4474 4612 0
4473 4612 4611 0
4474 4475 4613 0
4474 4613 4612 0
4475 4476 4614 0
4475 4614 4613 0
4476 4477 4615 0
4476 4615 4614 0
4477 4478 4616 0
4477 4616 4615 0
4478 4479 4617 0
4478 4617 4616 0
4479 4480 4618 0
4479 4618 4617 0
4480 4481 4619 0
4480 4619 4618 0
4481 4482 4620 0
4481 4620 4619 0
4482 4483 4621 0
4482 4621 4620 0
4483 4484 4622 0
4483 4622 4621 0
4484 4485 4623 0
4484 4623 4622 0
4485 4486 4624 0
4485 4624 4623 0
4486 4487 4625 0
4486 4625 4624 0
4487 4488 4626 0
4487 4626 4625 0
4488 4489 4627 0
4488 4627 4626 0
4489 4490 4628 0
4489 4628 4627 0
4490 4491 4629 0
4490 4629 4628 0
4491 4492 4630 0
4491 4630 4629 0
4492 4493 4631 0
4492 4631 4630 0
4493 4494 4632 0
4493 4632 4631 0
4494 4495 4633 0
4494 4633 4632 0
4495 4496 4634 0
4495 4634 4633 0
4496 4497 4635 0
4496 4635 4634 0
4497 4498 4636 0
4497 4636 4635 0
4498 4499 4637 0
4498 4637 4636 0
4499 4500 4638 0
4499 4638 4637 0
4500 4501 4639 0
4500 4639 4638 0
4501 4502 4640 0
4501 4640 4639 0
4502 4503 4641 0
4502 4641 4640 0
4503 4504 4642 0
4503 4642 4641 0
4504 4505 4643 0
4504 4643 4642 0
4505 4506 4644 0
4505 4644 4643 0
4506 4507 4645 0
4506 4645 4644 0
4507 4508 4646 0
4507 4646 4645 0
4508 4509 4647 0
4508 4647 4646 0
4509 4510 4648 0
4509 4648 4647 0
4510 4511 4649 0
4510 4649 4648 0
4511 4512 4650 0
4511 4650 4649 0
4512 4513 4651 0
4512 4651 4650 0
4513 4514 4652 0
4513 4652 4651 0
4514 4515 4653 0
4514 4653 4652 0
4515 4516 4654 0
4515 4654 4653 0
4516 4517 4655 0
4516 4655 4654 0
4517 4518 4656 0
4517 4656 4655 0
4518 4519 4657 0
4518 4657 4656 0
4519 4520 4658 0
4519 4658 4657 0
4520 4521 4659 0
4520 4659 4658 0
4521 4522 4660 0
4521 4660 4659 0
4522 4523 4661 0
4522 4661 4660 0
4523 4524 4662 0
4523 4662 4661 0
4524 4525 4663 0
4524 4663 4662 0
4525 4526 4664 0
4525 4664 4663 0
4526 4527 4665 0
4526 4665 4664 0
4527 4528 4666 0
4527 4666 4665 0
4528 4529 4667 0
4528 4667 4666 0
4529 4530 4668 0
4529 4668 4667 0
4530 4531 4669 0
4530 4669 4668 0
4531 4532 4670 0
4531 4670 4669 0
4532 4533 4671 0
4532 4671 4670 0
4533 4534 4672 0
4533 4672 4671 0
4534 4535 4673 0
4534 4673 4672 0
4535 4536 4674 0
4535 4674 4673 0
4536 4537 4675 0
4536 4675 4674 0
4537 4538 4676 0
4537 4676 4675 0
4538 4539 4677 0
4538 4677 4676 0
4539 4540 4678 0
4539 4678 4677 0
4540 4541 4679 0
4540 4679 4678 0
4541 4542 4680 0
4541 4680 4679 0
4542 4543 4681 0
4542 4681 4680 0
4543 4544 4682 0
4543 4682 4681 0
4544 4545 4683 0
4544 4683 4682 0
4545 4546 4684 0
4545 4684 4683 0
4546 4547 4685 0
4546 4685 4684 0
4547 4548 4686 0
4547 4686 4685 0
4548 4549 4687 0
4548 4687 4686 0
4549 4550 4688 0
4549 4688 4687 0
4550 4551 4689 0
4550 4689 4688 0
4551 4552 4690 0
4551 4690 4689 0
4552 4553 4691 0
4552 4691 4690 0
4553 4554 4692 0
4553 4692 4691 0
4555 4556 4694 0
4555 4694 4693 0
4556 4557 4695 0
4556 4695 4694 0
4557 4558 4696 0
4557 4696 4695 0
4558 4559 4697 0
4558 4697 4696 0
4559 4560 4698 0
4559 4698 4697 0
4560 4561 4699 0
4560 4699 4698 0
4561 4562 4700 0
4561 4700 4699 0
4562 4563 4701 0
4562 4701 4700 0
4563 4564 4702 0
4563 4702 4701 0
4564 4565 4703 0
4564 4703 4702 0
4565 4566 4704 0
4565 4704 4703 0
4566 4567 4705 0
4566 4705 4704 0
4567 4568 4706 0
4567 4706 4705 0
4568 4569 4707 0
4568 4707 4706 0
4569 4570 4708 0
4569 4708 4707 0
4570 4571 4709 0
4570 4709 4708 0
4571 4572 4710 0
4571 4710 4709 0
4572 4573 4711 0
4572 4711 4710 0
4573 4574 4712 0
4573 4712 4711 0
4574 4575 4713 0
4574 4713 4712 0
4575 4576 4714 0
4575 4714 4713 0
4576 4577 4715 0
4576 4715 4714 0
4577 4578 4716 0
4577 4716 4715 0
4578 4579 4717 0
4578 4717 4716 0
4579 4580 4718 0
4579 4718 4717 0
4580 4581 4719 0
4580 4719 4718 0
4581 4582 4720 0
4581 4720 4719 0
4582 4583 4721 0
4582 4721 4720 0
4583 4584 4722 0
4583 4722 4721 0
4584 4585 4723 0
4584 4723 4722 0
4585 4586 4724 0
4585 4724 4723 0
4586 4587 4725 0
4586 4725 4724 0
4587 4588 4726 0
4587 4726 4725 0
4588 4589 4727 0
4588 4727 4726 0
4589 4590 4728 0
4589 4728 4727 0
4590 4591 4729 0
4590 4729 4728 0
4591 4592 4730 0
4591 4730 4729 0
4592 4593 4731 0
4592 4731 4730 0
4593 4594 4732 0
4593 4732 4731 0
4594 4595 4733 0
4594 4733 4732 0
4595 4596 4734 0
4595 4734 4733 0
4596 4597 4735 0
4596 4735 4734 0
4597 4598 4736 0
4597 4736 4735 0
4598 4599 4737 0
4598 4737 4736 0
4599 4600 4738 0
4599 4738 4737 0
4600 4601 4739 0
4600 4739 4738 0
4601 4602 4740 0
4601 4740 4739 0
4602 4603 4741 0
4602 4741 4740 0
4603 4604 4742 0
4603 4742 4741 0
4604 4605 4743 0
4604 4743 4742 0
4605 4606 4744 0
4605 4744 4743 0
4606 4607 4745 0
4606 4745 4744 0
4607 4608 4746 0
4607 4746 4745 0
4608 4609 4747 0
4608 4747 4746 0
4609 4610 4748 0
4609 4748 4747 0
4610 4611 4749 0
4610 4749 4748 0
4611 4612 4750 0
4611 4750 4749 0
4612 4613 4751 0
4612 4751 4750 0
4613 4614 4752 0
4613 4752 4751 0
4614 4615 4753 0
4614 4753 4752 0
4615 4616 4754 0
4615 4754 4753 0
4616 4617 4755 0
4616 4755 4754 0
4617 4618 4756 0
4617 4756 4755 0
4618 4619 4757 0
4618 4757 4756 0
4619 4620 4758 0
4619 4758 4757 0
4620 4621 4759 0
4620 4759 4758 0
4621 4622 4760 0
4621 4760 4759 0
4622 4623 4761 0
4622 4761 4760 0
4623 4624 4762 0
4623 4762 4761 0
4624 4625 4763 0
4624 4763 4762 0
4625 4626 4764 0
4625 4764 4763 0
4626 4627 4765 0
4626 4765 4764 0
4627 4628 4766 0
4627 4766 4765 0
4628 4629 4767 0
4628 4767 4766 0
4629 4630 4768 0
4629 4768 4767 0
4630 4631 4769 0
4630 4769 4768 0
4631 4632 4770 0
4631 4770 4769 0
4632 4633 4771 0
4632 4771 4770 0
4633 4634 4772 0
4633 4772 4771 0
4634 4635 4773 0
4634 4773 4772 0
4635 4636 4774 0
4635 4774 4773 0
4636 4637 4775 0
4636 4775 4774 0
4637 4638 4776 0
4637 4776 4775 0
4638 4639 4777 0
4638 4777 4776 0
4639 4640 4778 0
4639 4778 4777 0
4640 4641 4779 0
4640 4779 4778 0
4641 4642 4780 0
4641 4780 4779 0
4642 4643 4781 0
4642 4781 4780 0
4643 4644 4782 0
4643 4782 4781 0
4644 4645 4783 0
4644 4783 4782 0
4645 4646 4784 0
4645 4784 4783 0
4646 4647 4785 0
4646 4785 4784 0
4647 4648 4786 0
4647 4786 4785 0
4648 4649 4787 0
4648 4787 4786 0
4649 4650 4788 0
4649 4788 4787 0
4650 4651 4789 0
4650 4789 4788 0
4651 4652 4790 0
4651 4790 4789 0
4652 4653 4791 0
4652 4791 4790 0
4653 4654 4792 0
4653 4792 4791 0
4654 4655 4793 0
4654 4793 4792 0
4655 4656 4794 0
4655 4794 4793 0
4656 4657 4795 0
4656 4795 4794 0
4657 4658 4796 0
4657 4796 4795 0
4658 4659 4797 0
4658 4797 4796 0
4659 4660 4798 0
4659 4798 4797 0
4660 4661 4799 0
4660 4799 4798 0
4661 4662 4800 0
4661 4800 4799 0
4662 4663 4801 0
4662 4801 4800 0
4663 4664 4802 0
4663 4802 4801 0
4664 4665 4803 0
4664 4803 4802 0
4665 4666 4804 0
4665 4804 4803 0
4666 4667 4805 0
4666 4805 4804 0
4667 4668 4806 0
4667 4806 4805 0
4668 4669 4807 0
4668 4807 4806 0
4669 4670 4808 0
4669 4808 4807 0
4670 4671 4809 0
4670 4809 4808 0
4671 4672 4810 0
4671 4810 4809 0
4672 4673 4811 0
4672 4811 4810 0
4673 4674 4812 0
4673 4812 4811 0
4674 4675 4813 0
4674 4813 4812 0
4675 4676 4814 0
4675 4814 4813 0
4676 4677 4815 0
4676 4815 4814 0
4677 4678 4816 0
4677 4816 4815 0
4678 4679 4817 0
4678 4817 4816 0
4679 4680 4818 0
4679 4818 4817 0
4680 4681 4819 0
4680 4819 4818 0
4681 4682 4820 0
4681 4820 4819 0
4682 4683 4821 0
4682 4821 4820 0
4683 4684 4822 0
4683 4822 4821 0
4684 4685 4823 0
4684 4823 4822 0
4685 4686 4824 0
4685 4824 4823 0
4686 4687 4825 0
4686 4825 4824 0
4687 4688 4826 0
4687 4826 4825 0
4688 4689 4827 0
4688 4827 4826 0
4689 4690 4828 0
4689 4828 4827 0
4690 4691 4829 0
4690 4829 4828 0
4691 4692 4830 0
4691 4830 4829 0
4693 4694 4832 0
4693 4832 4831 0
4694 4695 4833 0
4694 4833 4832 0
4695 4696 4834 0
4695 4834 4833 0
4696 4697 4835 0
4696 4835 4834 0
4697 4698 4836 0
4697 4836 4835 0
4698 4699 4837 0
4698 4837 4836 0
4699 4700 4838 0
4699 4838 4837 0
4700 4701 4839 0
4700 4839 4838 0
4701 4702 4840 0
4701 4840 4839 0
4702 4703 4841 0
4702 4841 4840 0
4703 4704 4842 0
4703 4842 4841 0
4704 4705 4843 0
4704 4843 4842 0
4705 4706 4844 0
4705 4844 4843 0
4706 4707 4845 0
4706 4845 4844 0
4707 4708 4846 0
4707 4846 4845 0
4708 4709 4847 0
4708 4847 4846 0
4709 4710 4848 0
4709 4848 4847 0
4710 4711 4849 0
4710 4849 4848 0
4711 4712 4850 0
4711 4850 4849 0
4712 4713 4851 0
4712 4851 4850 0
4713 4714 4852 0
4713 4852 4851 0
4714 4715 4853 0
4714 4853 4852 0
4715 4716 4854 0
4715 4854 4853 0
4716 4717 4855 0
4716 4855 4854 0
4717 4718 4856 0
4717 4856 4855 0
4718 4719 4857 0
4718 4857 4856 0
4719 4720 4858 0
4719 4858 4857 0
4720 4721 4859 0
4720 4859 4858 0
4721 4722 4860 0
4721 4860 4859 0
4722 4723 4861 0
4722 4861 4860 0
4723 4724 4862 0
4723 4862 4861 0
4724 4725 4863 0
4724 4863 4862 0
4725 4726 4864 0
4725 4864 4863 0
4726 4727 4865 0
4726 4865 4864 0
4727 4728 4866 0
4727 4866 4865 0
4728 4729 4867 0
4728 4867 4866 0
4729 4730 4868 0
4729 4868 4867 0
4730 4731 4869 0
4730 4869 4868 0
4731 4732 4870 0
4731 4870 4869 0
4732 4733 4871 0
4732 4871 4870 0
4733 4734 4872 0
4733 4872 4871 0
4734 4735 4873 0
4734 4873 4872 0
4735 4736 4874 0
4735 4874 4873 0
4736 4737 4875 0
4736 4875 4874 0
4737 4738 4876 0
4737 4876 4875 0
4738 4739 4877 0
4738 4877 4876 0
4739 4740 4878 0
4739 4878 4877 0
4740 4741 4879 0
4740 4879 4878 0
4741 4742 4880 0
4741 4880 4879 0
4742 4743 4881 0
4742 4881 4880 0
4743 4744 4882 0
4743 4882 4881 0
4744 4745 4883 0
4744 4883 4882 0
4745 4746 4884 0
4745 4884 4883 0
4746 4747 4885 0
4746 4885 4884 0
4747 4748 4886 0
4747 4886 4885 0
4748 4749 4887 0
4748 4887 4886 0
4749 4750 4888 0
4749 4888 4887 0
4750 4751 4889 0
4750 4889 4888 0
4751 4752 4890 0
4751 4890 4889 0
4752 4753 4891 0
4752 4891 4890 0
4753 4754 4892 0
4753 4892 4891 0
4754 4755 4893 0
4754 4893 4892 0
4755 4756 4894 0
4755 4894 4893 0
4756 4757 4895 0
4756 4895 4894 0
4757 4758 4896 0
4757 4896 4895 0
4758 4759 4897 0
4758 4897 4896 0
4759 4760 4898 0
4759 4898 4897 0
4760 4761 4899 0
4760 4899 4898 0
4761 4762 4900 0
4761 4900 4899 0
4762 4763 4901 0
4762 4901 4900 0
4763 4764 4902 0
4763 4902 4901 0
4764 4765 4903 0
4764 4903 4902 0
4765 4766 4904 0
4765 4904 4903 0
4766 4767 4905 0
4766 4905 4904 0
4767 4768 4906 0
4767 4906 4905 0
4768 4769 4907 0
4768 4907 4906 0
4769 4770 4908 0
4769 4908 4907 0
4770 4771 4909 0
4770 4909 4908 0
4771 4772 4910 0
4771 4910 4909 0
4772 4773 4911 0
4772 4911 4910 0
4773 4774 4912 0
4773 4912 4911 0
4774 4775 4913 0
4774 4913 4912 0
4775 4776 4914 0
4775 4914 4913 0
4776 4777 4915 0
4776 4915 4914 0
4777 4778 4916 0
4777 4916 4915 0
4778 4779 4917 0
4778 4917 4916 0
4779 4780 4918 0
4779 4918 4917 0
4780 4781 4919 0
4780 4919 4918 0
4781 4782 4920 0
4781 4920 4919 0
4782 4783 4921 0
4782 4921 4920 0
4783 4784 4922 0
4783 4922 4921 0
4784 4785 4923 0
4784 4923 4922 0
4785 4786 4924 0
4785 4924 4923 0
4786 4787 4925 0
4786 4925 4924 0
4787 4788 4926 0
4787 4926 4925 0
4788 4789 4927 0
4788 4927 4926 0
4789 4790 4928 0
4789 4928 4927 0
4790 4791 4929 0
4790 4929 4928 0
4791 4792 4930 0
4791 4930 4929 0
4792 4793 4931 0
4792 4931 4930 0
4793 4794 4932 0
4793 4932 4931 0
4794 4795 4933 0
4794 4933 4932 0
4795 4796 4934 0
4795 4934 4933 0
4796 4797 4935 0
4796 4935 4934 0
4797 4798 4936 0
4797 4936 4935 0
4798 4799 4937 0
4798 4937 4936 0
4799 4800 4938 0
4799 4938 4937 0
4800 4801 4939 0
4800 4939 4938 0
4801 4802 4940 0
4801 4940 4939 0
4802 4803 4941 0
4802 4941 4940 0
4803 4804 4942 0
4803 4942 4941 0
4804 4805 4943 0
4804 4943 4942 0
4805 4806 4944 0
4805 4944 4943 0
4806 4807 4945 0
4806 4945 4944 0
4807 4808 4946 0
4807 4946 4945 0
4808 4809 4947 0
4808 4947 4946 0
4809 4810 4948 0
4809 4948 4947 0
4810 4811 4949 0
4810 4949 4948 0
4811 4812 4950 0
4811 4950 4949 0
4812 4813 4951 0
4812 4951 4950 0
4813 4814 4952 0
4813 4952 4951 0
4814 4815 4953 0
4814 4953 4952 0
4815 4816 4954 0
4815 4954 4953 0
4816 4817 4955 0
4816 4955 4954 0
4817 4818 4956 0
4817 4956 4955 0
4818 4819 4957 0
4818 4957 4956 0
4819 4820 4958 0
4819 4958 4957 0
4820 4821 4959 0
4820 4959 4958 0
4821 4822 4960 0
4821 4960 4959 0
4822 4823 4961 0
4822 4961 4960 0
4823 4824 4962 0
4823 4962 4961 0
4824 4825 4963 0
4824 4963 4962 0
4825 4826 4964 0
4825 4964 4963 0
4826 4827 4965 0
4826 4965 4964 0
4827 4828 4966 0
4827 4966 4965 0
4828 4829 4967 0
4828 4967 4966 0
4829 4830 4968 0
4829 4968 4967 0
4831 4832 4970 0
4831 4970 4969 0
4832 4833 4971 0
4832 4971 4970 0
4833 4834 4972 0
4833 4972 4971 0
4834 4835 4973 0
4834 4973 4972 0
4835 4836 4974 0
4835 4974 4973 0
4836 4837 4975 0
4836 4975 4974 0
4837 4838 4976 0
4837 4976 4975 0
4838 4839 4977 0
4838 4977 4976 0
4839 4840 4978 0
4839 4978 4977 0
4840 4841 4979 0
4840 4979 4978 0
4841 4842 4980 0
4841 4980 4979 0
4842 4843 4981 0
4842 4981 4980 0
4843 4844 4982 0
4843 4982 4981 0
4844 4845 4983 0
4844 4983 4982 0
4845 4846 4984 0
4845 4984 4983 0
4846 4847 4985 0
4846 4985 4984 0
4847 4848 4986 0
4847 4986 4985 0
4848 4849 4987 0
4848 4987 4986 0
4849 4850 4988 0
4849 4988 4987 0
4850 4851 4989 0
4850 4989 4988 0
4851 4852 4990 0
4851 4990 4989 0
4852 4853 4991 0
4852 4991 4990 0
4853 4854 4992 0
4853 4992 4991 0
4854 4855 4993 0
4854 4993 4992 0
4855 4856 4994 0
4855 4994 4993 0
4856 4857 4995 0
4856 4995 4994 0
4857 4858 4996 0
4857 4996 4995 0
4858 4859 4997 0
4858 4997 4996 0
4859 4860 4998 0
4859 4998 4997 0
4860 4861 4999 0
4860 4999 4998 0
4861 4862 5000 0
4861 5000 4999 0
4862 4863 5001 0
4862 5001 5000 0
4863 4864 5002 0
4863 5002 5001 0
4864 4865 5003 0
4864 5003 5002 0
4865 4866 5004 0
4865 5004 5003 0
4866 4867 5005 0
4866 5005 5004 0
4867 4868 5006 0
4867 5006 5005 0
4868 4869 5007 0
4868 5007 5006 0
4869 4870 5008 0
4869 5008 5007 0
4870 4871 5009 0
4870 5009 5008 0
4871 4872 5010 0
4871 5010 5009 0
4872 4873 5011 0
4872 5011 5010 0
4873 4874 5012 0
4873 5012 5011 0
4874 4875 5013 0
4874 5013 5012 0
4875 4876 5014 0
4875 5014 5013 0
4876 4877 5015 0
4876 5015 5014 0
4877 4878 5016 0
4877 5016 5015 0
4878 4879 5017 0
4878 5017 5016 0
4879 4880 5018 0
4879 5018 5017 0
4880 4881 5019 0
4880 5019 5018 0
4881 4882 5020 0
4881 5020 5019 0
4882 4883 5021 0
4882 5021 5020 0
4883 4884 5022 0
4883 5022 5021 0
4884 4885 5023 0
4884 5023 5022 0
4885 4886 5024 0
4885 5024 5023 0
4886 4887 5025 0
4886 5025 5024 0
4887 4888 5026 0
4887 5026 5025 0
4888 4889 5027 0
4888 5027 5026 0
4889 4890 5028 0
4889 5028 5027 0
4890 4891 5029 0
4890 5029 5028 0
4891 4892 5030 0
4891 5030 5029 0
4892 4893 5031 0
4892 5031 5030 0
4893 4894 5032 0
4893 5032 5031 0
4894 4895 5033 0
4894 5033 5032 0
4895 4896 5034 0
4895 5034 5033 0
4896 4897 5035 0
4896 5035 5034 0
4897 4898 5036 0
4897 5036 5035 0
4898 4899 5037 0
4898 5037 5036 0
4899 4900 5038 0
4899 5038 5037 0
4900 4901 5039 0
4900 5039 5038 0
4901 4902 5040 0
4901 5040 5039 0
4902 4903 5041 0
4902 5041 5040 0
4903 4904 5042 0
4903 5042 5041 0
4904 4905 5043 0
4904 5043 5042 0
4905 4906 5044 0
4905 5044 5043 0
4906 4907 5045 0
4906 5045 5044 0
4907 4908 5046 0
4907 5046 5045 0
4908 4909 5047 0
4908 5047 5046 0
4909 4910 5048 0
4909 5048 5047 0
4910 4911 5049 0
4910 5049 5048 0
4911 4912 5050 0
4911 5050 5049 0
4912 4913 5051 0
4912 5051 5050 0
4913 4914 5052 0
4913 5052 5051 0
4914 4915 5053 0
4914 5053 5052 0
4915 4916 5054 0
4915 5054 5053 0
4916 4917 5055 0
4916 5055 5054 0
4917 4918 5056 0
4917 5056 5055 0
4918 4919 5057 0
4918 5057 5056 0
4919 4920 5058 0
4919 5058 5057 0
4920 4921 5059 0
4920 5059 5058 0
4921 4922 5060 0
4921 5060 5059 0
4922 4923 5061 0
4922 5061 5060 0
4923 4924 5062 0
4923 5062 5061 0
4924 4925 5063 0
4924 5063 5062 0
4925 4926 5064 0
4925 5064 5063 0
4926 4927 5065 0
4926 5065 5064 0
4927 4928 5066 0
4927 5066 5065 0
4928 4929 5067 0
4928 5067 5066 0
4929 4930 5068 0
4929 5068 5067 0
4930 4931 5069 0
4930 5069 5068 0
4931 4932 5070 0
4931 5070 5069 0
4932 4933 5071 0
4932 5071 5070 0
4933 4934 5072 0
4933 5072 5071 0
4934 4935 5073 0
4934 5073 5072 0
4935 4936 5074 0
4935 5074 5073 0
4936 4937 5075 0
4936 5075 5074 0
4937 4938 5076 0
4937 5076 5075 0
4938 4939 5077 0
4938 5077 5076 0
4939 4940 5078 0
4939 5078 5077 0
4940 4941 5079 0
4940 5079 5078 0
4941 4942 5080 0
4941 5080 5079 0
4942 4943 5081 0
4942 5081 5080 0
4943 4944 5082 0
4943 5082 5081 0
4944 4945 5083 0
4944 5083 5082 0
4945 4946 5084 0
4945 5084 5083 0
4946 4947 5085 0
4946 5085 5084 0
4947 4948 5086 0
4947 5086 5085 0
4948 4949 5087 0
4948 5087 5086 0
4949 4950 5088 0
4949 5088 5087 0
4950 4951 5089 0
4950 5089 5088 0
4951 4952 5090 0
4951 5090 5089 0
4952 4953 5091 0
4952 5091 5090 0
4953 4954 5092 0
4953 5092 5091 0
4954 4955 5093 0
4954 5093 5092 0
4955 4956 5094 0
4955 5094 5093 0
4956 4957 5095 0
4956 5095 5094 0
4957 4958 5096 0
4957 5096 5095 0
4958 4959 5097 0
4958 5097 5096 0
4959 4960 5098 0
4959 5098 5097 0
4960 4961 5099 0
4960 5099 5098 0
4961 4962 5100 0
4961 5100 5099 0
4962 4963 5101 0
4962 5101 5100 0
4963 4964 5102 0
4963 5102 5101 0
4964 4965 5103 0
4964 5103 5102 0
4965 4966 5104 0
4965 5104 5103 0
4966 4967 5105 0
4966 5105 5104 0
4967 4968 5106 0
4967 5106 5105 0
4969 4970 5108 0
4969 5108 5107 0
4970 4971 5109 0
4970 5109 5108 0
4971 4972 5110 0
4971 5110 5109 0
4972 4973 5111 0
4972 5111 5110 0
4973 4974 5112 0
4973 5112 5111 0
4974 4975 5113 0
4974 5113 5112 0
4975 4976 5114 0
4975 5114 5113 0
4976 4977 5115 0
4976 5115 5114 0
4977 4978 5116 0
4977 5116 5115 0
4978 4979 5117 0
4978 5117 5116 0
4979 4980 5118 0
4979 5118 5117 0
4980 4981 5119 0
4980 5119 5118 0
4981 4982 5120 0
4981 5120 5119 0
4982 4983 5121 0
4982 5121 5120 0
4983 4984 5122 0
4983 5122 5121 0
4984 4985 5123 0
4984 5123 5122 0
4985 4986 5124 0
4985 5124 5123 0
4986 4987 5125 0
4986 5125 5124 0
4987 4988 5126 0
4987 5126 5125 0
4988 4989 5127 0
4988 5127 5126 0
4989 4990 5128 0
4989 5128 5127 0
4990 4991 5129 0
4990 5129 5128 0
4991 4992 5130 0
4991 5130 5129 0
4992 4993 5131 0
4992 5131 5130 0
4993 4994 5132 0
4993 5132 5131 0
4994 4995 5133 0
4994 5133 5132 0
4995 4996 5134 0
4995 5134 5133 0
4996 4997 5135 0
4996 5135 5134 0
4997 4998 5136 0
4997 5136 5135 0
4998 4999 5137 0
4998 5137 5136 0
4999 5000 5138 0
4999 5138 5137 0
5000 5001 5139 0
5000 5139 5138 0
5001 5002 5140 0
5001 5140 5139 0
5002 5003 5141 0
5002 5141 5140 0
5003 5004 5142 0
5003 5142 5141 0
5004 5005 5143 0
5004 5143 5142 0
5005 5006 5144 0
5005 5144 5143 0
5006 5007 5145 0
5006 5145 5144 0
5007 5008 5146 0
5007 5146 5145 0
5008 5009 5147 0
5008 5147 5146 0
5009 5010 5148 0
5009 5148 5147 0
5010 5011 5149 0
5010 5149 5148 0
5011 5012 5150 0
5011 5150 5149 0
5012 5013 5151 0
5012 5151 5150 0
5013 5014 5152 0
5013 5152 5151 0
5014 5015 5153 0
5014 5153 5152 0
5015 5016 5154 0
5015 5154 5153 0
5016 5017 5155 0
5016 5155 5154 0
5017 5018 5156 0
5017 5156 5155 0
5018 5019 5157 0
5018 5157 5156 0
5019 5020 5158 0
5019 5158 5157 0
5020 5021 5159 0
5020 5159 5158 0
5021 5022 5160 0
5021 5160 5159 0
5022 5023 5161 0
5022 5161 5160 0
5023 5024 5162 0
5023 5162 5161 0
5024 5025 5163 0
5024 5163 5162 0
5025 5026 5164 0
5025 5164 5163 0
5026 5027 5165 0
5026 5165 5164 0
5027 5028 5166 0
5027 5166 5165 0
5028 5029 5167 0
5028 5167 5166 0
5029 5030 5168 0
5029 5168 5167 0
5030 5031 5169 0
5030 5169 5168 0
5031 5032 5170 0
5031 5170 5169 0
5032 5033 5171 0
5032 5171 5170 0
5033 5034 5172 0
5033 5172 5171 0
5034 5035 5173 0
5034 5173 5172 0
5035 5036 5174 0
5035 5174 5173 0
5036 5037 5175 0
5036 5175 5174 0
5037 5038 5176 0
5037 5176 5175 0
5038 5039 5177 0
5038 5177 5176 0
5039 5040 5178 0
5039 5178 5177 0
5040 5041 5179 0
5040 5179 5178 0
5041 5042 5180 0
5041 5180 5179 0
5042 5043 5181 0
5042 5181 5180 0
5043 5044 5182 0
5043 5182 5181 0
5044 5045 5183 0
5044 5183 5182 0
5045 5046 5184 0
5045 5184 5183 0
5046 5047 5185 0
5046 5185 5184 0
5047 5048 5186 0
5047 5186 5185 0
5048 5049 5187 0
5048 5187 5186 0
5049 5050 5188 0
5049 5188 5187 0
5050 5051 5189 0
5050 5189 5188 0
5051 5052 5190 0
5051 5190 5189 0
5052 5053 5191 0
5052 5191 5190 0
5053 5054 5192 0
5053 5192 5191 0
5054 5055 5193 0
5054 5193 5192 0
5055 5056 5194 0
5055 5194 5193 0
5056 5057 5195 0
5056 5195 5194 0
5057 5058 5196 0
5057 5196 5195 0
5058 5059 5197 0
5058 5197 5196 0
5059 5060 5198 0
5059 5198 5197 0
5060 5061 5199 0
5060 5199 5198 0
5061 5062 5200 0
5061 5200 5199 0
5062 5063 5201 0
5062 5201 5200 0
5063 5064 5202 0
5063 5202 5201 0
5064 5065 5203 0
5064 5203 5202 0
5065 5066 5204 0
5065 5204 5203 0
5066 5067 5205 0
5066 5205 5204 0
5067 5068 5206 0
5067 5206 5205 0
5068 5069 5207 0
5068 5207 5206 0
5069 5070 5208 0
5069 5208 5207 0
5070 5071 5209 0
5070 5209 5208 0
5071 5072 5210 0
5071 5210 5209 0
5072 5073 5211 0
5072 5211 5210 0
5073 5074 5212 0
5073 5212 5211 0
5074 5075 5213 0
5074 5213 5212 0
5075 5076 5214 0
5075 5214 5213 0
5076 5077 5215 0
5076 5215 5214 0
5077 5078 5216 0
5077 5216 5215 0
5078 5079 5217 0
5078 5217 5216 0
5079 5080 5218 0
5079 5218 5217 0
5080 5081 5219 0
5080 5219 5218 0
5081 5082 5220 0
5081 5220 5219 0
5082 5083 5221 0
5082 5221 5220 0
5083 5084 5222 0
5083 5222 5221 0
5084 5085 5223 0
5084 5223 5222 0
5085 5086 5224 0
5085 5224 5223 0
5086 5087 5225 0
5086 5225 5224 0
5087 5088 5226 0
5087 5226 5225 0
5088 5089 5227 0
5088 5227 5226 0
5089 5090 5228 0
5089 5228 5227 0
5090 5091 5229 0
5090 5229 5228 0
5091 5092 5230 0
5091 5230 5229 0
5092 5093 5231 0
5092 5231 5230 0
5093 5094 5232 0
5093 5232 5231 0
5094 5095 5233 0
5094 5233 5232 0
5095 5096 5234 0
5095 5234 5233 0
5096 5097 5235 0
5096 5235 5234 0
5097 5098 5236 0
5097 5236 5235 0
5098 5099 5237 0
5098 5237 5236 0
5099 5100 5238 0
5099 5238 5237 0
5100 5101 5239 0
5100 5239 5238 0
5101 5102 5240 0
5101 5240 5239 0
5102 5103 5241 0
5102 5241 5240 0
5103 5104 5242 0
5103 5242 5241 0
5104 5105 5243 0
5104 5243 5242 0
5105 5106 5244 0
5105 5244 5243 0
5107 5108 5246 0
5107 5246 5245 0
5108 5109 5247 0
5108 5247 5246 0
5109 5110 5248 0
5109 5248 5247 0
5110 5111 5249 0
5110 5249 5248 0
5111 5112 5250 0
5111 5250 5249 0
5112 5113 5251 0
5112 5251 5250 0
5113 5114 5252 0
5113 5252 5251 0
5114 5115 5253 0
5114 5253 5252 0
5115 5116 5254 0
5115 5254 5253 0
5116 5117 5255 0
5116 5255 5254 0
5117 5118 5256 0
5117 5256 5255 0
5118 5119 5257 0
5118 5257 5256 0
5119 5120 5258 0
5119 5258 5257 0
5120 5121 5259 0
5120 5259 5258 0
5121 5122 5260 0
5121 5260 5259 0
5122 5123 5261 0
5122 5261 5260 0
5123 5124 5262 0
5123 5262 5261 0
5124 5125 5263 0
5124 5263 5262 0
5125 5126 5264 0
5125 5264 5263 0
5126 5127 5265 0
5126 5265 5264 0
5127 5128 5266 0
5127 5266 5265 0
5128 5129 5267 0
5128 5267 5266 0
5129 5130 5268 0
5129 5268 5267 0
5130 5131 5269 0
5130 5269 5268 0
5131 5132 5270 0
5131 5270 5269 0
5132 5133 5271 0
5132 5271 5270 0
5133 5134 5272 0
5133 5272 5271 0
5134 5135 5273 0
5134 5273 5272 0
5135 5136 5274 0
5135 5274 5273 0
5136 5137 5275 0
5136 5275 5274 0
5137 5138 5276 0
5137 5276 5275 0
5138 5139 5277 0
5138 5277 5276 0
5139 5140 5278 0
5139 5278 5277 0
5140 5141 5279 0
5140 5279 5278 0
5141 5142 5280 0
5141 5280 5279 0
5142 5143 5281 0
5142 5281 5280 0
5143 5144 5282 0
5143 5282 5281 0
5144 5145 5283 0
5144 5283 5282 0
5145 5146 5284 0
5145 5284 5283 0
5146 5147 5285 0
5146 5285 5284 0
5147 5148 5286 0
5147 5286 5285 0
5148 5149 5287 0
5148 5287 5286 0
5149 5150 5288 0
5149 5288 5287 0
5150 5151 5289 0
5150 5289 5288 0
5151 5152 5290 0
5151 5290 5289 0
5152 5153 5291 0
5152 5291 5290 0
5153 5154 5292 0
5153 5292 5291 0
5154 5155 5293 0
5154 5293 5292 0
5155 5156 5294 0
5155 5294 5293 0
5156 5157 5295 0
5156 5295 5294 0
5157 5158 5296 0
5157 5296 5295 0
5158 5159 5297 0
5158 5297 5296 0
5159 5160 5298 0
5159 5298 5297 0
5160 5161 5299 0
5160 5299 5298 0
5161 5162 5300 0
5161 5300 5299 0
5162 5163 5301 0
5162 5301 5300 0
5163 5164 5302 0
5163 5302 5301 0
5164 5165 5303 0
5164 5303 5302 0
5165 5166 5304 0
5165 5304 5303 0
5166 5167 5305 0
5166 5305 5304 0
5167 5168 5306 0
5167 5306 5305 0
5168 5169 5307 0
5168 5307 5306 0
5169 5170 5308 0
5169 5308 5307 0
5170 5171 5309 0
5170 5309 5308 0
5171 5172 5310 0
5171 5310 5309 0
5172 5173 5311 0
5172 5311 5310 0
5173 5174 5312 0
5173 5312 5311 0
5174 5175 5313 0
5174 5313 5312 0
5175 5176 5314 0
5175 5314 5313 0
5176 5177 5315 0
5176 5315 5314 0
5177 5178 5316 0
5177 5316 5315 0
5178 5179 5317 0
5178 5317 5316 0
5179 5180 5318 0
5179 5318 5317 0
5180 5181 5319 0
5180 5319 5318 0
5181 5182 5320 0
5181 5320 5319 0
5182 5183 5321 0
5182 5321 5320 0
5183 5184 5322 0
5183 5322 5321 0
5184 5185 5323 0
5184 5323 5322 0
5185 5186 5324 0
5185 5324 5323 0
5186 5187 5325 0
5186 5325 5324 0
5187 5188 5326 0
5187 5326 5325 0
5188 5189 5327 0
5188 5327 5326 0
5189 5190 5328 0
5189 5328 5327 0
5190 5191 5329 0
5190 5329 5328 0
5191 5192 5330 0
5191 5330 5329 0
5192 5193 5331 0
5192 5331 5330 0
5193 5194 5332 0
5193 5332 5331 0
5194 5195 5333 0
5194 5333 5332 0
5195 5196 5334 0
5195 5334 5333 0
5196 5197 5335 0
5196 5335 5334 0
5197 5198 5336 0
5197 5336 5335 0
5198 5199 5337 0
5198 5337 5336 0
5199 5200 5338 0
5199 5338 5337 0
5200 5201 5339 0
5200 5339 5338 0
5201 5202 5340 0
5201 5340 5339 0
5202 5203 5341 0
5202 5341 5340 0
5203 5204 5342 0
5203 5342 5341 0
5204 5205 5343 0
5204 5343 5342 0
5205 5206 5344 0
5205 5344 5343 0
5206 5207 5345 0
5206 5345 5344 0
5207 5208 5346 0
5207 5346 5345 0
5208 5209 5347 0
5208 5347 5346 0
5209 5210 5348 0
5209 5348 5347 0
5210 5211 5349 0
5210 5349 5348 0
5211 5212 5350 0
5211 5350 5349 0
5212 5213 5351 0
5212 5351 5350 0
5213 5214 5352 0
5213 5352 5351 0
5214 5215 5353 0
5214 5353 5352 0
5215 5216 5354 0
5215 5354 5353 0
5216 5217 5355 0
5216 5355 5354 0
5217 5218 5356 0
5217 5356 5355 0
5218 5219 5357 0
5218 5357 5356 0
5219 5220 5358 0
5219 5358 5357 0
5220 5221 5359 0
5220 5359 5358 0
5221 5222 5360 0
5221 5360 5359 0
5222 5223 5361 0
5222 5361 5360 0
5223 5224 5362 0
5223 5362 5361 0
5224 5225 5363 0
5224 5363 5362 0
5225 5226 5364 0
5225 5364 5363 0
5226 5227 5365 0
5226 5365 5364 0
5227 5228 5366 0
5227 5366 5365 0
5228 5229 5367 0
5228 5367 5366 0
5229 5230 5368 0
5229 5368 5367 0
5230 5231 5369 0
5230 5369 5368 0
5231 5232 5370 0
5231 5370 5369 0
5232 5233 5371 0
5232 5371 5370 0
5233 5234 5372 0
5233 5372 5371 0
5234 5235 5373 0
5234 5373 5372 0
5235 5236 5374 0
5235 5374 5373 0
5236 5237 5375 0
5236 5375 5374 0
5237 5238 5376 0
5237 5376 5375 0
5238 5239 5377 0
5238 5377 5376 0
5239 5240 5378 0
5239 5378 5377 0
5240 5241 5379 0
5240 5379 5378 0
5241 5242 5380 0
5241 5380 5379 0
5242 5243 5381 0
5242 5381 5380 0
5243 5244 5382 0
5243 5382 5381 0
5245 5246 5384 0
5245 5384 5383 0
5246 5247 5385 0
5246 5385 5384 0
5247 5248 5386 0
5247 5386 5385 0
5248 5249 5387 0
5248 5387 5386 0
5249 5250 5388 0
5249 5388 5387 0
5250 5251 5389 0
5250 5389 5388 0
5251 5252 5390 0
5251 5390 5389 0
5252 5253 5391 0
5252 5391 5390 0
5253 5254 5392 0
5253 5392 5391 0
5254 5255 5393 0
5254 5393 5392 0
5255 5256 5394 0
5255 5394 5393 0
5256 5257 5395 0
5256 5395 5394 0
5257 5258 5396 0
5257 5396 5395 0
5258 5259 5397 0
5258 5397 5396 0
5259 5260 5398 0
5259 5398 5397 0
5260 5261 5399 0
5260 5399 5398 0
5261 5262 5400 0
5261 5400 5399 0
5262 5263 5401 0
5262 5401 5400 0
5263 5264 5402 0
5263 5402 5401 0
5264 5265 5403 0
5264 5403 5402 0
5265 5266 5404 0
5265 5404 5403 0
5266 5267 5405 0
5266 5405 5404 0
5267 5268 5406 0
5267 5406 5405 0
5268 5269 5407 0
5268 5407 5406 0
5269 5270 5408 0
5269 5408 5407 0
5270 5271 5409 0
5270 5409 5408 0
5271 5272 5410 0
5271 5410 5409 0
5272 5273 5411 0
5272 5411 5410 0
5273 5274 5412 0
5273 5412 5411 0
5274 5275 5413 0
5274 5413 5412 0
5275 5276 5414 0
5275 5414 5413 0
5276 5277 5415 0
5276 5415 5414 0
5277 5278 5416 0
5277 5416 5415 0
5278 5279 5417 0
5278 5417 5416 0
5279 5280 5418 0
5279 5418 5417 0
5280 5281 5419 0
5280 5419 5418 0
5281 5282 5420 0
5281 5420 5419 0
5282 5283 5421 0
5282 5421 5420 0
5283 5284 5422 0
5283 5422 5421 0
5284 5285 5423 0
5284 5423 5422 0
5285 5286 5424 0
5285 5424 5423 0
5286 5287 5425 0
5286 5425 5424 0
5287 5288 5426 0
5287 5426 5425 0
5288 5289 5427 0
5288 5427 5426 0
5289 5290 5428 0
5289 5428 5427 0
5290 5291 5429 0
5290 5429 5428 0
5291 5292 5430 0
5291 5430 5429 0
5292 5293 5431 0
5292 5431 5430 0
5293 5294 5432 0
5293 5432 5431 0
5294 5295 5433 0
5294 5433 5432 0
5295 5296 5434 0
5295 5434 5433 0
5296 5297 5435 0
5296 5435 5434 0
5297 5298 5436 0
5297 5436 5435 0
5298 5299 5437 0
5298 5437 5436 0
5299 5300 5438 0
5299 5438 5437 0
5300 5301 5439 0
5300 5439 5438 0
5301 5302 5440 0
5301 5440 5439 0
5302 5303 5441 0
5302 5441 5440 0
5303 5304 5442 0
5303 5442 5441 0
5304 5305 5443 0
5304 5443 5442 0
5305 5306 5444 0
5305 5444 5443 0
5306 5307 5445 0
5306 5445 5444 0
5307 5308 5446 0
5307 5446 5445 0
5308 5309 5447 0
5308 5447 5446 0
5309 5310 5448 0
5309 5448 5447 0
5310 5311 5449 0
5310 5449 5448 0
5311 5312 5450 0
5311 5450 5449 0
5312 5313 5451 0
5312 5451 5450 0
5313 5314 5452 0
5313 5452 5451 0
5314 5315 5453 0
5314 5453 5452 0
5315 5316 5454 0
5315 5454 5453 0
5316 5317 5455 0
5316 5455 5454 0
5317 5318 5456 0
5317 5456 5455 0
5318 5319 5457 0
5318 5457 5456 0
5319 5320 5458 0
5319 5458 5457 0
5320 5321 5459 0
5320 5459 5458 0
5321 5322 5460 0
5321 5460 5459 0
5322 5323 5461 0
5322 5461 5460 0
5323 5324 5462 0
5323 5462 5461 0
5324 5325 5463 0
5324 5463 5462 0
5325 5326 5464 0
5325 5464 5463 0
5326 5327 5465 0
5326 5465 5464 0
5327 5328 5466 0
5327 5466 5465 0
5328 5329 5467 0
5328 5467 5466 0
5329 5330 5468 0
5329 5468 5467 0
5330 5331 5469 0
5330 5469 5468 0
5331 5332 5470 0
5331 5470 5469 0
5332 5333 5471 0
5332 5471 5470 0
5333 5334 5472 0
5333 5472 5471 0
5334 5335 5473 0
5334 5473 5472 0
5335 5336 5474 0
5335 5474 5473 0
5336 5337 5475 0
5336 5475 5474 0
5337 5338 5476 0
5337 5476 5475 0
5338 5339 5477 0
5338 5477 5476 0
5339 5340 5478 0
5339 5478 5477 0
5340 5341 5479 0
5340 5479 5478 0
5341 5342 5480 0
5341 5480 5479 0
5342 5343 5481 0
5342 5481 5480 0
5343 5344 5482 0
5343 5482 5481 0
5344 5345 5483 0
5344 5483 5482 0
5345 5346 5484 0
5345 5484 5483 0
5346 5347 5485 0
5346 5485 5484 0
5347 5348 5486 0
5347 5486 5485 0
5348 5349 5487 0
5348 5487 5486 0
5349 5350 5488 0
5349 5488 5487 0
5350 5351 5489 0
5350 5489 5488 0
5351 5352 5490 0
5351 5490 5489 0
5352 5353 5491 0
5352 5491 5490 0
5353 5354 5492 0
5353 5492 5491 0
5354 5355 5493 0
5354 5493 5492 0
5355 5356 5494 0
5355 5494 5493 0
5356 5357 5495 0
5356 5495 5494 0
5357 5358 5496 0
5357 5496 5495 0
5358 5359 5497 0
5358 5497 5496 0
5359 5360 5498 0
5359 5498 5497 0
5360 5361 5499 0
5360 5499 5498 0
5361 5362 5500 0
5361 5500 5499 0
5362 5363 5501 0
5362 5501 5500 0
5363 5364 5502 0
5363 5502 5501 0
5364 5365 5503 0
5364 5503 5502 0
5365 5366 5504 0
5365 5504 5503 0
5366 5367 5505 0
5366 5505 5504 0
5367 5368 5506 0
5367 5506 5505 0
5368 5369 5507 0
5368 5507 5506 0
5369 5370 5508 0
5369 5508 5507 0
5370 5371 5509 0
5370 5509 5508 0
5371 5372 5510 0
5371 5510 5509 0
5372 5373 5511 0
5372 5511 5510 0
5373 5374 5512 0
5373 5512 5511 0
5374 5375 5513 0
5374 5513 5512 0
5375 5376 5514 0
5375 5514 5513 0
5376 5377 5515 0
5376 5515 5514 0
5377 5378 5516 0
5377 5516 5515 0
5378 5379 5517 0
5378 5517 5516 0
5379 5380 5518 0
5379 5518 5517 0
5380 5381 5519 0
5380 5519 5518 0
5381 5382 5520 0
5381 5520 5519 0
5383 5384 5522 0
5383 5522 5521 0
5384 5385 5523 0
5384 5523 5522 0
5385 5386 5524 0
5385 5524 5523 0
5386 5387 5525 0
5386 5525 5524 0
5387 5388 5526 0
5387 5526 5525 0
5388 5389 5527 0
5388 5527 5526 0
5389 5390 5528 0
5389 5528 5527 0
5390 5391 5529 0
5390 5529 5528 0
5391 5392 5530 0
5391 5530 5529 0
5392 5393 5531 0
5392 5531 5530 0
5393 5394 5532 0
5393 5532 5531 0
5394 5395 5533 0
5394 5533 5532 0
5395 5396 5534 0
5395 5534 5533 0
5396 5397 5535 0
5396 5535 5534 0
5397 5398 5536 0
5397 5536 5535 0
5398 5399 5537 0
5398 5537 5536 0
5399 5400 5538 0
5399 5538 5537 0
5400 5401 5539 0
5400 5539 5538 0
5401 5402 5540 0
5401 5540 5539 0
5402 5403 5541 0
5402 5541 5540 0
5403 5404 5542 0
5403 5542 5541 0
5404 5405 5543 0
5404 5543 5542 0
5405 5406 5544 0
5405 5544 5543 0
5406 5407 5545 0
5406 5545 5544 0
5407 5408 5546 0
5407 5546 5545 0
5408 5409 5547 0
5408 5547 5546 0
5409 5410 5548 0
5409 5548 5547 0
5410 5411 5549 0
5410 5549 5548 0
5411 5412 5550 0
5411 5550 5549 0
5412 5413 5551 0
5412 5551 5550 0
5413 5414 5552 0
5413 5552 5551 0
5414 5415 5553 0
5414 5553 5552 0
5415 5416 5554 0
5415 5554 5553 0
5416 5417 5555 0
5416 5555 5554 0
5417 5418 5556 0
5417 5556 5555 0
5418 5419 5557 0
5418 5557 5556 0
5419 5420 5558 0
5419 5558 5557 0
5420 5421 5559 0
5420 5559 5558 0
5421 5422 5560 0
5421 5560 5559 0
5422 5423 5561 0
5422 5561 5560 0
5423 5424 5562 0
5423 5562 5561 0
5424 5425 5563 0
5424 5563 5562 0
5425 5426 5564 0
5425 5564 5563 0
5426 5427 5565 0
5426 5565 5564 0
5427 5428 5566 0
5427 5566 5565 0
5428 5429 5567 0
5428 5567 5566 0
5429 5430 5568 0
5429 5568 5567 0
5430 5431 5569 0
5430 5569 5568 0
5431 5432 5570 0
5431 5570 5569 0
5432 5433 5571 0
5432 5571 5570 0
5433 5434 5572 0
5433 5572 5571 0
5434 5435 5573 0
5434 5573 5572 0
5435 5436 5574 0
5435 5574 5573 0
5436 5437 5575 0
5436 5575 5574 0
5437 5438 5576 0
5437 5576 5575 0
5438 5439 5577 0
5438 5577 5576 0
5439 5440 5578 0
5439 5578 5577 0
5440 5441 5579 0
5440 5579 5578 0
5441 5442 5580 0
5441 5580 5579 0
5442 5443 5581 0
5442 5581 5580 0
5443 5444 5582 0
5443 5582 5581 0
5444 5445 5583 0
5444 5583 5582 0
5445 5446 5584 0
5445 5584 5583 0
5446 5447 5585 0
5446 5585 5584 0
5447 5448 5586 0
5447 5586 5585 0
5448 5449 5587 0
5448 5587 5586 0
5449 5450 5588 0
5449 5588 5587 0
5450 5451 5589 0
5450 5589 5588 0
5451 5452 5590 0
5451 5590 5589 0
5452 5453 5591 0
5452 5591 5590 0
5453 5454 5592 0
5453 5592 5591 0
5454 5455 5593 0
5454 5593 5592 0
5455 5456 5594 0
5455 5594 5593 0
5456 5457 5595 0
5456 5595 5594 0
5457 5458 5596 0
5457 5596 5595 0
5458 5459 5597 0
5458 5597 5596 0
5459 5460 5598 0
5459 5598 5597 0
5460 5461 5599 0
5460 5599 5598 0
5461 5462 5600 0
5461 5600 5599 0
5462 5463 5601 0
5462 5601 5600 0
5463 5464 5602 0
5463 5602 5601 0
5464 5465 5603 0
5464 5603 5602 0
5465 5466 5604 0
5465 5604 5603 0
5466 5467 5605 0
5466 5605 5604 0
5467 5468 5606 0
5467 5606 5605 0
5468 5469 5607 0
5468 5607 5606 0
5469 5470 5608 0
5469 5608 5607 0
5470 5471 5609 0
5470 5609 5608 0
5471 5472 5610 0
5471 5610 5609 0
5472 5473 5611 0
5472 5611 5610 0
5473 5474 5612 0
5473 5612 5611 0
5474 5475 5613 0
5474 5613 5612 0
5475 5476 5614 0
5475 5614 5613 0
5476 5477 5615 0
5476 5615 5614 0
5477 5478 5616 0
5477 5616 5615 0
5478 5479 5617 0
5478 5617 5616 0
5479 5480 5618 0
5479 5618 5617 0
5480 5481 5619 0
5480 5619 5618 0
5481 5482 5620 0
5481 5620 5619 0
5482 5483 5621 0
5482 5621 5620 0
5483 5484 5622 0
5483 5622 5621 0
5484 5485 5623 0
5484 5623 5622 0
5485 5486 5624 0
5485 5624 5623 0
5486 5487 5625 0
5486 5625 5624 0
5487 5488 5626 0
5487 5626 5625 0
5488 5489 5627 0
5488 5627 5626 0
5489 5490 5628 0
5489 5628 5627 0
5490 5491 5629 0
5490 5629 5628 0
5491 5492 5630 0
5491 5630 5629 0
5492 5493 5631 0
5492 5631 5630 0
5493 5494 5632 0
5493 5632 5631 0
5494 5495 5633 0
5494 5633 5632 0
5495 5496 5634 0
5495 5634 5633 0
5496 5497 5635 0
5496 5635 5634 0
5497 5498 5636 0
5497 5636 5635 0
5498 5499 5637 0
5498 5637 5636 0
5499 5500 5638 0
5499 5638 5637 0
5500 5501 5639 0
5500 5639 5638 0
5501 5502 5640 0
5501 5640 5639 0
5502 5503 5641 0
5502 5641 5640 0
5503 5504 5642 0
5503 5642 5641 0
5504 5505 5643 0
5504 5643 5642 0
5505 5506 5644 0
5505 5644 5643 0
5506 5507 5645 0
5506 5645 5644 0
5507 5508 5646 0
5507 5646 5645 0
5508 5509 5647 0
5508 5647 5646 0
5509 5510 5648 0
5509 5648 5647 0
5510 5511 5649 0
5510 5649 5648 0
5511 5512 5650 0
5511 5650 5649 0
5512 5513 5651 0
5512 5651 5650 0
5513 5514 5652 0
5513 5652 5651 0
5514 5515 5653 0
5514 5653 5652 0
5515 5516 5654 0
5515 5654 5653 0
5516 5517 5655 0
5516 5655 5654 0
5517 5518 5656 0
5517 5656 5655 0
5518 5519 5657 0
5518 5657 5656 0
5519 5520 5658 0
5519 5658 5657 0
5521 5522 5660 0
5521 5660 5659 0
5522 5523 5661 0
5522 5661 5660 0
5523 5524 5662 0
5523 5662 5661 0
5524 5525 5663 0
5524 5663 5662 0
5525 5526 5664 0
5525 5664 5663 0
5526 5527 5665 0
5526 5665 5664 0
5527 5528 5666 0
5527 5666 5665 0
5528 5529 5667 0
5528 5667 5666 0
5529 5530 5668 0
5529 5668 5667 0
5530 5531 5669 0
5530 5669 5668 0
5531 5532 5670 0
5531 5670 5669 0
5532 5533 5671 0
5532 5671 5670 0
5533 5534 5672 0
5533 5672 5671 0
5534 5535 5673 0
5534 5673 5672 0
5535 5536 5674 0
5535 5674 5673 0
5536 5537 5675 0
5536 5675 5674 0
5537 5538 5676 0
5537 5676 5675 0
5538 5539 5677 0
5538 5677 5676 0
5539 5540 5678 0
5539 5678 5677 0
5540 5541 5679 0
5540 5679 5678 0
5541 5542 5680 0
5541 5680 5679 0
5542 5543 5681 0
5542 5681 5680 0
5543 5544 5682 0
5543 5682 5681 0
5544 5545 5683 0
5544 5683 5682 0
5545 5546 5684 0
5545 5684 5683 0
5546 5547 5685 0
5546 5685 5684 0
5547 5548 5686 0
5547 5686 5685 0
5548 5549 5687 0
5548 5687 5686 0
5549 5550 5688 0
5549 5688 5687 0
5550 5551 5689 0
5550 5689 5688 0
5551 5552 5690 0
5551 5690 5689 0
5552 5553 5691 0
5552 5691 5690 0
5553 5554 5692 0
5553 5692 5691 0
5554 5555 5693 0
5554 5693 5692 0
5555 5556 5694 0
5555 5694 5693 0
5556 5557 5695 0
5556 5695 5694 0
5557 5558 5696 0
5557 5696 5695 0
5558 5559 5697 0
5558 5697 5696 0
5559 5560 5698 0
5559 5698 5697 0
5560 5561 5699 0
5560 5699 5698 0
5561 5562 5700 0
5561 5700 5699 0
5562 5563 5701 0
5562 5701 5700 0
5563 5564 5702 0
5563 5702 5701 0
5564 5565 5703 0
5564 5703 5702 0
5565 5566 5704 0
5565 5704 5703 0
5566 5567 5705 0
5566 5705 5704 0
5567 5568 5706 0
5567 5706 5705 0
5568 5569 5707 0
5568 5707 5706 0
5569 5570 5708 0
5569 5708 5707 0
5570 5571 5709 0
5570 5709 5708 0
5571 5572 5710 0
5571 5710 5709 0
5572 5573 5711 0
5572 5711 5710 0
5573 5574 5712 0
5573 5712 5711 0
5574 5575 5713 0
5574 5713 5712 0
5575 5576 5714 0
5575 5714 5713 0
5576 5577 5715 0
5576 5715 5714 0
5577 5578 5716 0
5577 5716 5715 0
5578 5579 5717 0
5578 5717 5716 0
5579 5580 5718 0
5579 5718 5717 0
5580 5581 5719 0
5580 5719 5718 0
5581 5582 5720 0
5581 5720 5719 0
5582 5583 5721 0
5582 5721 5720 0
5583 5584 5722 0
5583 5722 5721 0
5584 5585 5723 0
5584 5723 5722 0
5585 5586 5724 0
5585 5724 5723 0
5586 5587 5725 0
5586 5725 5724 0
5587 5588 5726 0
5587 5726 5725 0
5588 5589 5727 0
5588 5727 5726 0
5589 5590 5728 0
5589 5728 5727 0
5590 5591 5729 0
5590 5729 5728 0
5591 5592 5730 0
5591 5730 5729 0
5592 5593 5731 0
5592 5731 5730 0
5593 5594 5732 0
5593 5732 5731 0
5594 5595 5733 0
5594 5733 5732 0
5595 5596 5734 0
5595 5734 5733 0
5596 5597 5735 0
5596 5735 5734 0
5597 5598 5736 0
5597 5736 5735 0
5598 5599 5737 0
5598 5737 5736 0
5599 5600 5738 0
5599 5738 5737 0
5600 5601 5739 0
5600 5739 5738 0
5601 5602 5740 0
5601 5740 5739 0
5602 5603 5741 0
5602 5741 5740 0
5603 5604 5742 0
5603 5742 5741 0
5604 5605 5743 0
5604 5743 5742 0
5605 5606 5744 0
5605 5744 5743 0
5606 5607 5745 0
5606 5745 5744 0
5607 5608 5746 0
5607 5746 5745 0
5608 5609 5747 0
5608 5747 5746 0
5609 5610 5748 0
5609 5748 5747 0
5610 5611 5749 0
5610 5749 5748 0
5611 5612 5750 0
5611 5750 5749 0
5612 5613 5751 0
5612 5751 5750 0
5613 5614 5752 0
5613 5752 5751 0
5614 5615 5753 0
5614 5753 5752 0
5615 5616 5754 0
5615 5754 5753 0
5616 5617 5755 0
5616 5755 5754 0
5617 5618 5756 0
5617 5756 5755 0
5618 5619 5757 0
5618 5757 5756 0
5619 5620 5758 0
5619 5758 5757 0
5620 5621 5759 0
5620 5759 5758 0
5621 5622 5760 0
5621 5760 5759 0
5622 5623 5761 0
5622 5761 5760 0
5623 5624 5762 0
5623 5762 5761 0
5624 5625 5763 0
5624 5763 5762 0
5625 5626 5764 0
5625 5764 5763 0
5626 5627 5765 0
5626 5765 5764 0
5627 5628 5766 0
5627 5766 5765 0
5628 5629 5767 0
5628 5767 5766 0
5629 5630 5768 0
5629 5768 5767 0
5630 5631 5769 0
5630 5769 5768 0
5631 5632 5770 0
5631 5770 5769 0
5632 5633 5771 0
5632 5771 5770 0
5633 5634 5772 0
5633 5772 5771 0
5634 5635 5773 0
5634 5773 5772 0
5635 5636 5774 0
5635 5774 5773 0
5636 5637 5775 0
5636 5775 5774 0
5637 5638 5776 0
5637 5776 5775 0
5638 5639 5777 0
5638 5777 5776 0
5639 5640 5778 0
5639 5778 5777 0
5640 5641 5779 0
5640 5779 5778 0
5641 5642 5780 0
5641 5780 5779 0
5642 5643 5781 0
5642 5781 5780 0
5643 5644 5782 0
5643 5782 5781 0
5644 5645 5783 0
5644 5783 5782 0
5645 5646 5784 0
5645 5784 5783 0
5646 5647 5785 0
5646 5785 5784 0
5647 5648 5786 0
5647 5786 5785 0
5648 5649 5787 0
5648 5787 5786 0
5649 5650 5788 0
5649 5788 5787 0
5650 5651 5789 0
5650 5789 5788 0
5651 5652 5790 0
5651 5790 5789 0
5652 5653 5791 0
5652 5791 5790 0
5653 5654 5792 0
5653 5792 5791 0
5654 5655 5793 0
5654 5793 5792 0
5655 5656 5794 0
5655 5794 5793 0
5656 5657 5795 0
5656 5795 5794 0
5657 5658 5796 0
5657 5796 5795 0
5659 5660 5798 0
5659 5798 5797 0
5660 5661 5799 0
5660 5799 5798 0
5661 5662 5800 0
5661 5800 5799 0
5662 5663 5801 0
5662 5801 5800 0
5663 5664 5802 0
5663 5802 5801 0
5664 5665 5803 0
5664 5803 5802 0
5665 5666 5804 0
5665 5804 5803 0
5666 5667 5805 0
5666 5805 5804 0
5667 5668 5806 0
5667 5806 5805 0
5668 5669 5807 0
5668 5807 5806 0
5669 5670 5808 0
5669 5808 5807 0
5670 5671 5809 0
5670 5809 5808 0
5671 5672 5810 0
5671 5810 5809 0
5672 5673 5811 0
5672 5811 5810 0
5673 5674 5812 0
5673 5812 5811 0
5674 5675 5813 0
5674 5813 5812 0
5675 5676 5814 0
5675 5814 5813 0
5676 5677 5815 0
5676 5815 5814 0
5677 5678 5816 0
5677 5816 5815 0
5678 5679 5817 0
5678 5817 5816 0
5679 5680 5818 0
5679 5818 5817 0
5680 5681 5819 0
5680 5819 5818 0
5681 5682 5820 0
5681 5820 5819 0
5682 5683 5821 0
5682 5821 5820 0
5683 5684 5822 0
5683 5822 5821 0
5684 5685 5823 0
5684 5823 5822 0
5685 5686 5824 0
5685 5824 5823 0
5686 5687 5825 0
5686 5825 5824 0
5687 5688 5826 0
5687 5826 5825 0
5688 5689 5827 0
5688 5827 5826 0
5689 5690 5828 0
5689 5828 5827 0
5690 5691 5829 0
5690 5829 5828 0
5691 5692 5830 0
5691 5830 5829 0
5692 5693 5831 0
5692 5831 5830 0
5693 5694 5832 0
5693 5832 5831 0
5694 5695 5833 0
5694 5833 5832 0
5695 5696 5834 0
5695 5834 5833 0
5696 5697 5835 0
5696 5835 5834 0
5697 5698 5836 0
5697 5836 5835 0
5698 5699 5837 0
5698 5837 5836 0
5699 5700 5838 0
5699 5838 5837 0
5700 5701 5839 0
5700 5839 5838 0
5701 5702 5840 0
5701 5840 5839 0
5702 5703 5841 0
5702 5841 5840 0
5703 5704 5842 0
5703 5842 5841 0
5704 5705 5843 0
5704 5843 5842 0
5705 5706 5844 0
5705 5844 5843 0
5706 5707 5845 0
5706 5845 5844 0
5707 5708 5846 0
5707 5846 5845 0
5708 5709 5847 0
5708 5847 5846 0
5709 5710 5848 0
5709 5848 5847 0
5710 5711 5849 0
5710 5849 5848 0
5711 5712 5850 0
5711 5850 5849 0
5712 5713 5851 0
5712 5851 5850 0
5713 5714 5852 0
5713 5852 5851 0
5714 5715 5853 0
5714 5853 5852 0
5715 5716 5854 0
5715 5854 5853 0
5716 5717 5855 0
5716 5855 5854 0
5717 5718 5856 0
5717 5856 5855 0
5718 5719 5857 0
5718 5857 5856 0
5719 5720 5858 0
5719 5858 5857 0
5720 5721 5859 0
5720 5859 5858 0
5721 5722 5860 0
5721 5860 5859 0
5722 5723 5861 0
5722 5861 5860 0
5723 5724 5862 0
5723 5862 5861 0
5724 5725 5863 0
5724 5863 5862 0
5725 5726 5864 0
5725 5864 5863 0
5726 5727 5865 0
5726 5865 5864 0
5727 5728 5866 0
5727 5866 5865 0
5728 5729 5867 0
5728 5867 5866 0
5729 5730 5868 0
5729 5868 5867 0
5730 5731 5869 0
5730 5869 5868 0
5731 5732 5870 0
5731 5870 5869 0
5732 5733 5871 0
5732 5871 5870 0
5733 5734 5872 0
5733 5872 5871 0
5734 5735 5873 0
5734 5873 5872 0
5735 5736 5874 0
5735 5874 5873 0
5736 5737 5875 0
5736 5875 5874 0
5737 5738 5876 0
5737 5876 5875 0
5738 5739 5877 0
5738 5877 5876 0
5739 5740 5878 0
5739 5878 5877 0
5740 5741 5879 0
5740 5879 5878 0
5741 5742 5880 0
5741 5880 5879 0
5742 5743 5881 0
5742 5881 5880 0
5743 5744 5882 0
5743 5882 5881 0
5744 5745 5883 0
5744 5883 5882 0
5745 5746 5884 0
5745 5884 5883 0
5746 5747 5885 0
5746 5885 5884 0
5747 5748 5886 0
5747 5886 5885 0
5748 5749 5887 0
5748 5887 5886 0
5749 5750 5888 0
5749 5888 5887 0
5750 5751 5889 0
5750 5889 5888 0
5751 5752 5890 0
5751 5890 5889 0
5752 5753 5891 0
5752 5891 5890 0
5753 5754 5892 0
5753 5892 5891 0
5754 5755 5893 0
5754 5893 5892 0
5755 5756 5894 0
5755 5894 5893 0
5756 5757 5895 0
5756 5895 5894 0
5757 5758 5896 0
5757 5896 5895 0
5758 5759 5897 0
5758 5897 5896 0
5759 5760 5898 0
5759 5898 5897 0
5760 5761 5899 0
5760 5899 5898 0
5761 5762 5900 0
5761 5900 5899 0
5762 5763 5901 0
5762 5901 5900 0
5763 5764 5902 0
5763 5902 5901 0
5764 5765 5903 0
5764 5903 5902 0
5765 5766 5904 0
5765 5904 5903 0
5766 5767 5905 0
5766 5905 5904 0
5767 5768 5906 0
5767 5906 5905 0
5768 5769 5907 0
5768 5907 5906 0
5769 5770 5908 0
5769 5908 5907 0
5770 5771 5909 0
5770 5909 5908 0
5771 5772 5910 0
5771 5910 5909 0
5772 5773 5911 0
5772 5911 5910 0
5773 5774 5912 0
5773 5912 5911 0
5774 5775 5913 0
5774 5913 5912 0
5775 5776 5914 0
5775 5914 5913 0
5776 5777 5915 0
5776 5915 5914 0
5777 5778 5916 0
5777 5916 5915 0
5778 5779 5917 0
5778 5917 5916 0
5779 5780 5918 0
5779 5918 5917 0
5780 5781 5919 0
5780 5919 5918 0
5781 5782 5920 0
5781 5920 5919 0
5782 5783 5921 0
5782 5921 5920 0
5783 5784 5922 0
5783 5922 5921 0
5784 5785 5923 0
5784 5923 5922 0
5785 5786 5924 0
5785 5924 5923 0
5786 5787 5925 0
5786 5925 5924 0
5787 5788 5926 0
5787 5926 5925 0
5788 5789 5927 0
5788 5927 5926 0
5789 5790 5928 0
5789 5928 5927 0
5790 5791 5929 0
5790 5929 5928 0
5791 5792 5930 0
5791 5930 5929 0
5792 5793 5931 0
5792 5931 5930 0
5793 5794 5932 0
5793 5932 5931 0
5794 5795 5933 0
5794 5933 5932 0
5795 5796 5934 0
5795 5934 5933 0
5797 5798 5936 0
5797 5936 5935 0
5798 5799 5937 0
5798 5937 5936 0
5799 5800 5938 0
5799 5938 5937 0
5800 5801 5939 0
5800 5939 5938 0
5801 5802 5940 0
5801 5940 5939 0
5802 5803 5941 0
5802 5941 5940 0
5803 5804 5942 0
5803 5942 5941 0
5804 5805 5943 0
5804 5943 5942 0
5805 5806 5944 0
5805 5944 5943 0
5806 5807 5945 0
5806 5945 5944 0
5807 5808 5946 0
5807 5946 5945 0
5808 5809 5947 0
5808 5947 5946 0
5809 5810 5948 0
5809 5948 5947 0
5810 5811 5949 0
5810 5949 5948 0
5811 5812 5950 0
5811 5950 5949 0
5812 5813 5951 0
5812 5951 5950 0
5813 5814 5952 0
5813 5952 5951 0
5814 5815 5953 0
5814 5953 5952 0
5815 5816 5954 0
5815 5954 5953 0
5816 5817 5955 0
5816 5955 5954 0
5817 5818 5956 0
5817 5956 5955 0
5818 5819 5957 0
5818 5957 5956 0
5819 5820 5958 0
5819 5958 5957 0
5820 5821 5959 0
5820 5959 5958 0
5821 5822 5960 0
5821 5960 5959 0
5822 5823 5961 0
5822 5961 5960 0
5823 5824 5962 0
5823 5962 5961 0
5824 5825 5963 0
5824 5963 5962 0
5825 5826 5964 0
5825 5964 5963 0
5826 5827 5965 0
5826 5965 5964 0
5827 5828 5966 0
5827 5966 5965 0
5828 5829 5967 0
5828 5967 5966 0
5829 5830 5968 0
5829 5968 5967 0
5830 5831 5969 0
5830 5969 5968 0
5831 5832 5970 0
5831 5970 5969 0
5832 5833 5971 0
5832 5971 5970 0
5833 5834 5972 0
5833 5972 5971 0
5834 5835 5973 0
5834 5973 5972 0
5835 5836 5974 0
5835 5974 5973 0
5836 5837 5975 0
5836 5975 5974 0
5837 5838 5976 0
5837 5976 5975 0
5838 5839 5977 0
5838 5977 5976 0
5839 5840 5978 0
5839 5978 5977 0
5840 5841 5979 0
5840 5979 5978 0
5841 5842 5980 0
5841 5980 5979 0
5842 5843 5981 0
5842 5981 5980 0
5843 5844 5982 0
5843 5982 5981 0
5844 5845 5983 0
5844 5983 5982 0
5845 5846 5984 0
5845 5984 5983 0
5846 5847 5985 0
5846 5985 5984 0
5847 5848 5986 0
5847 5986 5985 0
5848 5849 5987 0
5848 5987 5986 0
5849 5850 5988 0
5849 5988 5987 0
5850 5851 5989 0
5850 5989 5988 0
5851 5852 5990 0
5851 5990 5989 0
5852 5853 5991 0
5852 5991 5990 0
5853 5854 5992 0
5853 5992 5991 0
5854 5855 5993 0
5854 5993 5992 0
5855 5856 5994 0
5855 5994 5993 0
5856 5857 5995 0
5856 5995 5994 0
5857 5858 5996 0
5857 5996 5995 0
5858 5859 5997 0
5858 5997 5996 0
5859 5860 5998 0
5859 5998 5997 0
5860 5861 5999 0
5860 5999 5998 0
5861 5862 6000 0
5861 6000 5999 0
5862 5863 6001 0
5862 6001 6000 0
5863 5864 6002 0
5863 6002 6001 0
5864 5865 6003 0
5864 6003 6002 0
5865 5866 6004 0
5865 6004 6003 0
5866 5867 6005 0
5866 6005 6004 0
5867 5868 6006 0
5867 6006 6005 0
5868 5869 6007 0
5868 6007 6006 0
5869 5870 6008 0
5869 6008 6007 0
5870 5871 6009 0
5870 6009 6008 0
5871 5872 6010 0
5871 6010 6009 0
5872 5873 6011 0
5872 6011 6010 0
5873 5874 6012 0
5873 6012 6011 0
5874 5875 6013 0
5874 6013 6012 0
5875 5876 6014 0
5875 6014 6013 0
5876 5877 6015 0
5876 6015 6014 0
5877 5878 6016 0
5877 6016 6015 0
5878 5879 6017 0
5878 6017 6016 0
5879 5880 6018 0
5879 6018 6017 0
5880 5881 6019 0
5880 6019 6018 0
5881 5882 6020 0
5881 6020 6019 0
5882 5883 6021 0
5882 6021 6020 0
5883 5884 6022 0
5883 6022 6021 0
5884 5885 6023 0
5884 6023 6022 0
5885 5886 6024 0
5885 6024 6023 0
5886 5887 6025 0
5886 6025 6024 0
5887 5888 6026 0
5887 6026 6025 0
5888 5889 6027 0
5888 6027 6026 0
5889 5890 6028 0
5889 6028 6027 0
5890 5891 6029 0
5890 6029 6028 0
5891 5892 6030 0
5891 6030 6029 0
5892 5893 6031 0
5892 6031 6030 0
5893 5894 6032 0
5893 6032 6031 0
5894 5895 6033 0
5894 6033 6032 0
5895 5896 6034 0
5895 6034 6033 0
5896 5897 6035 0
5896 6035 6034 0
5897 5898 6036 0
5897 6036 6035 0
5898 5899 6037 0
5898 6037 6036 0
5899 5900 6038 0
5899 6038 6037 0
5900 5901 6039 0
5900 6039 6038 0
5901 5902 6040 0
5901 6040 6039 0
5902 5903 6041 0
5902 6041 6040 0
5903 5904 6042 0
5903 6042 6041 0
5904 5905 6043 0
5904 6043 6042 0
5905 5906 6044 0
5905 6044 6043 0
5906 5907 6045 0
5906 6045 6044 0
5907 5908 6046 0
5907 6046 6045 0
5908 5909 6047 0
5908 6047 6046 0
5909 5910 6048 0
5909 6048 6047 0
5910 5911 6049 0
5910 6049 6048 0
5911 5912 6050 0
5911 6050 6049 0
5912 5913 6051 0
5912 6051 6050 0
5913 5914 6052 0
5913 6052 6051 0
5914 5915 6053 0
5914 6053 6052 0
5915 5916 6054 0
5915 6054 6053 0
5916 5917 6055 0
5916 6055 6054 0
5917 5918 6056 0
5917 6056 6055 0
5918 5919 6057 0
5918 6057 6056 0
5919 5920 6058 0
5919 6058 6057 0
5920 5921 6059 0
5920 6059 6058 0
5921 5922 6060 0
5921 6060 6059 0
5922 5923 6061 0
5922 6061 6060 0
5923 5924 6062 0
5923 6062 6061 0
5924 5925 6063 0
5924 6063 6062 0
5925 5926 6064 0
5925 6064 6063 0
5926 5927 6065 0
5926 6065 6064 0
5927 5928 6066 0
5927 6066 6065 0
5928 5929 6067 0
5928 6067 6066 0
5929 5930 6068 0
5929 6068 6067 0
5930 5931 6069 0
5930 6069 6068 0
5931 5932 6070 0
5931 6070 6069 0
5932 5933 6071 0
5932 6071 6070 0
5933 5934 6072 0
5933 6072 6071 0
5935 5936 6074 0
5935 6074 6073 0
5936 5937 6075 0
5936 6075 6074 0
5937 5938 6076 0
5937 6076 6075 0
5938 5939 6077 0
5938 6077 6076 0
5939 5940 6078 0
5939 6078 6077 0
5940 5941 6079 0
5940 6079 6078 0
5941 5942 6080 0
5941 6080 6079 0
5942 5943 6081 0
5942 6081 6080 0
5943 5944 6082 0
5943 6082 6081 0
5944 5945 6083 0
5944 6083 6082 0
5945 5946 6084 0
5945 6084 6083 0
5946 5947 6085 0
5946 6085 6084 0
5947 5948 6086 0
5947 6086 6085 0
5948 5949 6087 0
5948 6087 6086 0
5949 5950 6088 0
5949 6088 6087 0
5950 5951 6089 0
5950 6089 6088 0
5951 5952 6090 0
5951 6090 6089 0
5952 5953 6091 0
5952 6091 6090 0
5953 5954 6092 0
5953 6092 6091 0
5954 5955 6093 0
5954 6093 6092 0
5955 5956 6094 0
5955 6094 6093 0
5956 5957 6095 0
5956 6095 6094 0
5957 5958 6096 0
5957 6096 6095 0
5958 5959 6097 0
5958 6097 6096 0
5959 5960 6098 0
5959 6098 6097 0
5960 5961 6099 0
5960 6099 6098 0
5961 5962 6100 0
5961 6100 6099 0
5962 5963 6101 0
5962 6101 6100 0
5963 5964 6102 0
5963 6102 6101 0
5964 5965 6103 0
5964 6103 6102 0
5965 5966 6104 0
5965 6104 6103 0
5966 5967 6105 0
5966 6105 6104 0
5967 5968 6106 0
5967 6106 6105 0
5968 5969 6107 0
5968 6107 6106 0
5969 5970 6108 0
5969 6108 6107 0
5970 5971 6109 0
5970 6109 6108 0
5971 5972 6110 0
5971 6110 6109 0
5972 5973 6111 0
5972 6111 6110 0
5973 5974 6112 0
5973 6112 6111 0
5974 5975 6113 0
5974 6113 6112 0
5975 5976 6114 0
5975 6114 6113 0
5976 5977 6115 0
5976 6115 6114 0
5977 5978 6116 0
5977 6116 6115 0
5978 5979 6117 0
5978 6117 6116 0
5979 5980 6118 0
5979 6118 6117 0
5980 5981 6119 0
5980 6119 6118 0
5981 5982 6120 0
5981 6120 6119 0
5982 5983 6121 0
5982 6121 6120 0
5983 5984 6122 0
5983 6122 6121 0
5984 5985 6123 0
5984 6123 6122 0
5985 5986 6124 0
5985 6124 6123 0
5986 5987 6125 0
5986 6125 6124 0
5987 5988 6126 0
5987 6126 6125 0
5988 5989 6127 0
5988 6127 6126 0
5989 5990 6128 0
5989 6128 6127 0
5990 5991 6129 0
5990 6129 6128 0
5991 5992 6130 0
5991 6130 6129 0
5992 5993 6131 0
5992 6131 6130 0
5993 5994 6132 0
5993 6132 6131 0
5994 5995 6133 0
5994 6133 6132 0
5995 5996 6134 0
5995 6134 6133 0
5996 5997 6135 0
5996 6135 6134 0
5997 5998 6136 0
5997 6136 6135 0
5998 5999 6137 0
5998 6137 6136 0
5999 6000 6138 0
5999 6138 6137 0
6000 6001 6139 0
6000 6139 6138 0
6001 6002 6140 0
6001 6140 6139 0
6002 6003 6141 0
6002 6141 6140 0
6003 6004 6142 0
6003 6142 6141 0
6004 6005 6143 0
6004 6143 6142 0
6005 6006 6144 0
6005 6144 6143 0
6006 6007 6145 0
6006 6145 6144 0
6007 6008 6146 0
6007 6146 6145 0
6008 6009 6147 0
6008 6147 6146 0
6009 6010 6148 0
6009 6148 6147 0
6010 6011 6149 0
6010 6149 6148 0
6011 6012 6150 0
6011 6150 6149 0
6012 6013 6151 0
6012 6151 6150 0
6013 6014 6152 0
6013 6152 6151 0
6014 6015 6153 0
6014 6153 6152 0
6015 6016 6154 0
6015 6154 6153 0
6016 6017 6155 0
6016 6155 6154 0
6017 6018 6156 0
6017 6156 6155 0
6018 6019 6157 0
6018 6157 6156 0
6019 6020 6158 0
6019 6158 6157 0
6020 6021 6159 0
6020 6159 6158 0
6021 6022 6160 0
6021 6160 6159 0
6022 6023 6161 0
6022 6161 6160 0
6023 6024 6162 0
6023 6162 6161 0
6024 6025 6163 0
6024 6163 6162 0
6025 6026 6164 0
6025 6164 6163 0
6026 6027 6165 0
6026 6165 6164 0
6027 6028 6166 0
6027 6166 6165 0
6028 6029 6167 0
6028 6167 6166 0
6029 6030 6168 0
6029 6168 6167 0
6030 6031 6169 0
6030 6169 6168 0
6031 6032 6170 0
6031 6170 6169 0
6032 6033 6171 0
6032 6171 6170 0
6033 6034 6172 0
6033 6172 6171 0
6034 6035 6173 0
6034 6173 6172 0
6035 6036 6174 0
6035 6174 6173 0
6036 6037 6175 0
6036 6175 6174 0
6037 6038 6176 0
6037 6176 6175 0
6038 6039 6177 0
6038 6177 6176 0
6039 6040 6178 0
6039 6178 6177 0
6040 6041 6179 0
6040 6179 6178 0
6041 6042 6180 0
6041 6180 6179 0
6042 6043 6181 0
6042 6181 6180 0
6043 6044 6182 0
6043 6182 6181 0
6044 6045 6183 0
6044 6183 6182 0
6045 6046 6184 0
6045 6184 6183 0
6046 6047 6185 0
6046 6185 6184 0
6047 6048 6186 0
6047 6186 6185 0
6048 6049 6187 0
6048 6187 6186 0
6049 6050 6188 0
6049 6188 6187 0
6050 6051 6189 0
6050 6189 6188 0
6051 6052 6190 0
6051 6190 6189 0
6052 6053 6191 0
6052 6191 6190 0
6053 6054 6192 0
6053 6192 6191 0
6054 6055 6193 0
6054 6193 6192 0
6055 6056 6194 0
6055 6194 6193 0
6056 6057 6195 0
6056 6195 6194 0
6057 6058 6196 0
6057 6196 6195 0
6058 6059 6197 0
6058 6197 6196 0
6059 6060 6198 0
6059 6198 6197 0
6060 6061 6199 0
6060 6199 6198 0
6061 6062 6200 0
6061 6200 6199 0
6062 6063 6201 0
6062 6201 6200 0
6063 6064 6202 0
6063 6202 6201 0
6064 6065 6203 0
6064 6203 6202 0
6065 6066 6204 0
6065 6204 6203 0
6066 6067 6205 0
6066 6205 6204 0
6067 6068 6206 0
6067 6206 6205 0
6068 6069 6207 0
6068 6207 6206 0
6069 6070 6208 0
6069 6208 6207 0
6070 6071 6209 0
6070 6209 6208 0
6071 6072 6210 0
6071 6210 6209 0
6073 6074 6212 0
6073 6212 6211 0
6074 6075 6213 0
6074 6213 6212 0
6075 6076 6214 0
6075 6214 6213 0
6076 6077 6215 0
6076 6215 6214 0
6077 6078 6216 0
6077 6216 6215 0
6078 6079 6217 0
6078 6217 6216 0
6079 6080 6218 0
6079 6218 6217 0
6080 6081 6219 0
6080 6219 6218 0
6081 6082 6220 0
6081 6220 6219 0
6082 6083 6221 0
6082 6221 6220 0
6083 6084 6222 0
6083 6222 6221 0
6084 6085 6223 0
6084 6223 6222 0
6085 6086 6224 0
6085 6224 6223 0
6086 6087 6225 0
6086 6225 6224 0
6087 6088 6226 0
6087 6226 6225 0
6088 6089 6227 0
6088 6227 6226 0
6089 6090 6228 0
6089 6228 6227 0
6090 6091 6229 0
6090 6229 6228 0
6091 6092 6230 0
6091 6230 6229 0
6092 6093 6231 0
6092 6231 6230 0
6093 6094 6232 0
6093 6232 6231 0
6094 6095 6233 0
6094 6233 6232 0
6095 6096 6234 0
6095 6234 6233 0
6096 6097 6235 0
6096 6235 6234 0
6097 6098 6236 0
6097 6236 6235 0
6098 6099 6237 0
6098 6237 6236 0
6099 6100 6238 0
6099 6238 6237 0
6100 6101 6239 0
6100 6239 6238 0
6101 6102 6240 0
6101 6240 6239 0
6102 6103 6241 0
6102 6241 6240 0
6103 6104 6242 0
6103 6242 6241 0
6104 6105 6243 0
6104 6243 6242 0
6105 6106 6244 0
6105 6244 6243 0
6106 6107 6245 0
6106 6245 6244 0
6107 6108 6246 0
6107 6246 6245 0
6108 6109 6247 0
6108 6247 6246 0
6109 6110 6248 0
6109 6248 6247 0
6110 6111 6249 0
6110 6249 6248 0
6111 6112 6250 0
6111 6250 6249 0
6112 6113 6251 0
6112 6251 6250 0
6113 6114 6252 0
6113 6252 6251 0
6114 6115 6253 0
6114 6253 6252 0
6115 6116 6254 0
6115 6254 6253 0
6116 6117 6255 0
6116 6255 6254 0
6117 6118 6256 0
6117 6256 6255 0
6118 6119 6257 0
6118 6257 6256 0
6119 6120 6258 0
6119 6258 6257 0
6120 6121 6259 0
6120 6259 6258 0
6121 6122 6260 0
6121 6260 6259 0
6122 6123 6261 0
6122 6261 6260 0
6123 6124 6262 0
6123 6262 6261 0
6124 6125 6263 0
6124 6263 6262 0
6125 6126 6264 0
6125 6264 6263 0
6126 6127 6265 0
6126 6265 6264 0
6127 6128 6266 0
6127 6266 6265 0
6128 6129 6267 0
6128 6267 6266 0
6129 6130 6268 0
6129 6268 6267 0
6130 6131 6269 0
6130 6269 6268 0
6131 6132 6270 0
6131 6270 6269 0
6132 6133 6271 0
6132 6271 6270 0
6133 6134 6272 0
6133 6272 6271 0
6134 6135 6273 0
6134 6273 6272 0
6135 6136 6274 0
6135 6274 6273 0
6136 6137 6275 0
6136 6275 6274 0
6137 6138 6276 0
6137 6276 6275 0
6138 6139 6277 0
6138 6277 6276 0
6139 6140 6278 0
6139 6278 6277 0
6140 6141 6279 0
6140 6279 6278 0
6141 6142 6280 0
6141 6280 6279 0
6142 6143 6281 0
6142 6281 6280 0
6143 6144 6282 0
6143 6282 6281 0
6144 6145 6283 0
6144 6283 6282 0
6145 6146 6284 0
6145 6284 6283 0
6146 6147 6285 0
6146 6285 6284 0
6147 6148 6286 0
6147 6286 6285 0
6148 6149 6287 0
6148 6287 6286 0
6149 6150 6288 0
6149 6288 6287 0
6150 6151 6289 0
6150 6289 6288 0
6151 6152 6290 0
6151 6290 6289 0
6152 6153 6291 0
6152 6291 6290 0
6153 6154 6292 0
6153 6292 6291 0
6154 6155 6293 0
6154 6293 6292 0
6155 6156 6294 0
6155 6294 6293 0
6156 6157 6295 0
6156 6295 6294 0
6157 6158 6296 0
6157 6296 6295 0
6158 6159 6297 0
6158 6297 6296 0
6159 6160 6298 0
6159 6298 6297 0
6160 6161 6299 0
6160 6299 6298 0
6161 6162 6300 0
6161 6300 6299 0
6162 6163 6301 0
6162 6301 6300 0
6163 6164 6302 0
6163 6302 6301 0
6164 6165 6303 0
6164 6303 6302 0
6165 6166 6304 0
6165 6304 6303 0
6166 6167 6305 0
6166 6305 6304 0
6167 6168 6306 0
6167 6306 6305 0
6168 6169 6307 0
6168 6307 6306 0
6169 6170 6308 0
6169 6308 6307 0
6170 6171 6309 0
6170 6309 6308 0
6171 6172 6310 0
6171 6310 6309 0
6172 6173 6311 0
6172 6311 6310 0
6173 6174 6312 0
6173 6312 6311 0
6174 6175 6313 0
6174 6313 6312 0
6175 6176 6314 0
6175 6314 6313 0
6176 6177 6315 0
6176 6315 6314 0
6177 6178 6316 0
6177 6316 6315 0
6178 6179 6317 0
6178 6317 6316 0
6179 6180 6318 0
6179 6318 6317 0
6180 6181 6319 0
6180 6319 6318 0
6181 6182 6320 0
6181 6320 6319 0
6182 6183 6321 0
6182 6321 6320 0
6183 6184 6322 0
6183 6322 6321 0
6184 6185 6323 0
6184 6323 6322 0
6185 6186 6324 0
6185 6324 6323 0
6186 6187 6325 0
6186 6325 6324 0
6187 6188 6326 0
6187 6326 6325 0
6188 6189 6327 0
6188 6327 6326 0
6189 6190 6328 0
6189 6328 6327 0
6190 6191 6329 0
6190 6329 6328 0
6191 6192 6330 0
6191 6330 6329 0
6192 6193 6331 0
6192 6331 6330 0
6193 6194 6332 0
6193 6332 6331 0
6194 6195 6333 0
6194 6333 6332 0
6195 6196 6334 0
6195 6334 6333 0
6196 6197 6335 0
6196 6335 6334 0
6197 6198 6336 0
6197 6336 6335 0
6198 6199 6337 0
6198 6337 6336 0
6199 6200 6338 0
6199 6338 6337 0
6200 6201 6339 0
6200 6339 6338 0
6201 6202 6340 0
6201 6340 6339 0
6202 6203 6341 0
6202 6341 6340 0
6203 6204 6342 0
6203 6342 6341 0
6204 6205 6343 0
6204 6343 6342 0
6205 6206 6344 0
6205 6344 6343 0
6206 6207 6345 0
6206 6345 6344 0
6207 6208 6346 0
6207 6346 6345 0
6208 6209 6347 0
6208 6347 6346 0
6209 6210 6348 0
6209 6348 6347 0
6211 6212 6350 0
6211 6350 6349 0
6212 6213 6351 0
6212 6351 6350 0
6213 6214 6352 0
6213 6352 6351 0
6214 6215 6353 0
6214 6353 6352 0
6215 6216 6354 0
6215 6354 6353 0
6216 6217 6355 0
6216 6355 6354 0
6217 6218 6356 0
6217 6356 6355 0
6218 6219 6357 0
6218 6357 6356 0
6219 6220 6358 0
6219 6358 6357 0
6220 6221 6359 0
6220 6359 6358 0
6221 6222 6360 0
6221 6360 6359 0
6222 6223 6361 0
6222 6361 6360 0
6223 6224 6362 0
6223 6362 6361 0
6224 6225 6363 0
6224 6363 6362 0
6225 6226 6364 0
6225 6364 6363 0
6226 6227 6365 0
6226 6365 6364 0
6227 6228 6366 0
6227 6366 6365 0
6228 6229 6367 0
6228 6367 6366 0
6229 6230 6368 0
6229 6368 6367 0
6230 6231 6369 0
6230 6369 6368 0
6231 6232 6370 0
6231 6370 6369 0
6232 6233 6371 0
6232 6371 6370 0
6233 6234 6372 0
6233 6372 6371 0
6234 6235 6373 0
6234 6373 6372 0
6235 6236 6374 0
6235 6374 6373 0
6236 6237 6375 0
6236 6375 6374 0
6237 6238 6376 0
6237 6376 6375 0
6238 6239 6377 0
6238 6377 6376 0
6239 6240 6378 0
6239 6378 6377 0
6240 6241 6379 0
6240 6379 6378 0
6241 6242 6380 0
6241 6380 6379 0
6242 6243 6381 0
6242 6381 6380 0
6243 6244 6382 0
6243 6382 6381 0
6244 6245 6383 0
6244 6383 6382 0
6245 6246 6384 0
6245 6384 6383 0
6246 6247 6385 0
6246 6385 6384 0
6247 6248 6386 0
6247 6386 6385 0
6248 6249 6387 0
6248 6387 6386 0
6249 6250 6388 0
6249 6388 6387 0
6250 6251 6389 0
6250 6389 6388 0
6251 6252 6390 0
6251 6390 6389 0
6252 6253 6391 0
6252 6391 6390 0
6253 6254 6392 0
6253 6392 6391 0
6254 6255 6393 0
6254 6393 6392 0
6255 6256 6394 0
6255 6394 6393 0
6256 6257 6395 0
6256 6395 6394 0
6257 6258 6396 0
6257 6396 6395 0
6258 6259 6397 0
6258 6397 6396 0
6259 6260 6398 0
6259 6398 6397 0
6260 6261 6399 0
6260 6399 6398 0
6261 6262 6400 0
6261 6400 6399 0
6262 6263 6401 0
6262 6401 6400 0
6263 6264 6402 0
6263 6402 6401 0
6264 6265 6403 0
6264 6403 6402 0
6265 6266 6404 0
6265 6404 6403 0
6266 6267 6405 0
6266 6405 6404 0
6267 6268 6406 0
6267 6406 6405 0
6268 6269 6407 0
6268 6407 6406 0
6269 6270 6408 0
6269 6408 6407 0
6270 6271 6409 0
6270 6409 6408 0
6271 6272 6410 0
6271 6410 6409 0
6272 6273 6411 0
6272 6411 6410 0
6273 6274 6412 0
6273 6412 6411 0
6274 6275 6413 0
6274 6413 6412 0
6275 6276 6414 0
6275 6414 6413 0
6276 6277 6415 0
6276 6415 6414 0
6277 6278 6416 0
6277 6416 6415 0
6278 6279 6417 0
6278 6417 6416 0
6279 6280 6418 0
6279 6418 6417 0
6280 6281 6419 0
6280 6419 6418 0
6281 6282 6420 0
6281 6420 6419 0
6282 6283 6421 0
6282 6421 6420 0
6283 6284 6422 0
6283 6422 6421 0
6284 6285 6423 0
6284 6423 6422 0
6285 6286 6424 0
6285 6424 6423 0
6286 6287 6425 0
6286 6425 6424 0
6287 6288 6426 0
6287 6426 6425 0
6288 6289 6427 0
6288 6427 6426 0
6289 6290 6428 0
6289 6428 6427 0
6290 6291 6429 0
6290 6429 6428 0
6291 6292 6430 0
6291 6430 6429 0
6292 6293 6431 0
6292 6431 6430 0
6293 6294 6432 0
6293 6432 6431 0
6294 6295 6433 0
6294 6433 6432 0
6295 6296 6434 0
6295 6434 6433 0
6296 6297 6435 0
6296 6435 6434 0
6297 6298 6436 0
6297 6436 6435 0
6298 6299 6437 0
6298 6437 6436 0
6299 6300 6438 0
6299 6438 6437 0
6300 6301 6439 0
6300 6439 6438 0
6301 6302 6440 0
6301 6440 6439 0
6302 6303 6441 0
6302 6441 6440 0
6303 6304 6442 0
6303 6442 6441 0
6304 6305 6443 0
6304 6443 6442 0
6305 6306 6444 0
6305 6444 6443 0
6306 6307 6445 0
6306 6445 6444 0
6307 6308 6446 0
6307 6446 6445 0
6308 6309 6447 0
6308 6447 6446 0
6309 6310 6448 0
6309 6448 6447 0
6310 6311 6449 0
6310 6449 6448 0
6311 6312 6450 0
6311 6450 6449 0
6312 6313 6451 0
6312 6451 6450 0
6313 6314 6452 0
6313 6452 6451 0
6314 6315 6453 0
6314 6453 6452 0
6315 6316 6454 0
6315 6454 6453 0
6316 6317 6455 0
6316 6455 6454 0
6317 6318 6456 0
6317 6456 6455 0
6318 6319 6457 0
6318 6457 6456 0
6319 6320 6458 0
6319 6458 6457 0
6320 6321 6459 0
6320 6459 6458 0
6321 6322 6460 0
6321 6460 6459 0
6322 6323 6461 0
6322 6461 6460 0
6323 6324 6462 0
6323 6462 6461 0
6324 6325 6463 0
6324 6463 6462 0
6325 6326 6464 0
6325 6464 6463 0
6326 6327 6465 0
6326 6465 6464 0
6327 6328 6466 0
6327 6466 6465 0
6328 6329 6467 0
6328 6467 6466 0
6329 6330 6468 0
6329 6468 6467 0
6330 6331 6469 0
6330 6469 6468 0
6331 6332 6470 0
6331 6470 6469 0
6332 6333 6471 0
6332 6471 6470 0
6333 6334 6472 0
6333 6472 6471 0
6334 6335 6473 0
6334 6473 6472 0
6335 6336 6474 0
6335 6474 6473 0
6336 6337 6475 0
6336 6475 6474 0
6337 6338 6476 0
6337 6476 6475 0
6338 6339 6477 0
6338 6477 6476 0
6339 6340 6478 0
6339 6478 6477 0
6340 6341 6479 0
6340 6479 6478 0
6341 6342 6480 0
6341 6480 6479 0
6342 6343 6481 0
6342 6481 6480 0
6343 6344 6482 0
6343 6482 6481 0
6344 6345 6483 0
6344 6483 6482 0
6345 6346 6484 0
6345 6484 6483 0
6346 6347 6485 0
6346 6485 6484 0
6347 6348 6486 0
6347 6486 6485 0
6349 6350 6488 0
6349 6488 6487 0
6350 6351 6489 0
6350 6489 6488 0
6351 6352 6490 0
6351 6490 6489 0
6352 6353 6491 0
6352 6491 6490 0
6353 6354 6492 0
6353 6492 6491 0
6354 6355 6493 0
6354 6493 6492 0
6355 6356 6494 0
6355 6494 6493 0
6356 6357 6495 0
6356 6495 6494 0
6357 6358 6496 0
6357 6496 6495 0
6358 6359 6497 0
6358 6497 6496 0
6359 6360 6498 0
6359 6498 6497 0
6360 6361 6499 0
6360 6499 6498 0
6361 6362 6500 0
6361 6500 6499 0
6362 6363 6501 0
6362 6501 6500 0
6363 6364 6502 0
6363 6502 6501 0
6364 6365 6503 0
6364 6503 6502 0
6365 6366 6504 0
6365 6504 6503 0
6366 6367 6505 0
6366 6505 6504 0
6367 6368 6506 0
6367 6506 6505 0
6368 6369 6507 0
6368 6507 6506 0
6369 6370 6508 0
6369 6508 6507 0
6370 6371 6509 0
6370 6509 6508 0
6371 6372 6510 0
6371 6510 6509 0
6372 6373 6511 0
6372 6511 6510 0
6373 6374 6512 0
6373 6512 6511 0
6374 6375 6513 0
6374 6513 6512 0
6375 6376 6514 0
6375 6514 6513 0
6376 6377 6515 0
6376 6515 6514 0
6377 6378 6516 0
6377 6516 6515 0
6378 6379 6517 0
6378 6517 6516 0
6379 6380 6518 0
6379 6518 6517 0
6380 6381 6519 0
6380 6519 6518 0
6381 6382 6520 0
6381 6520 6519 0
6382 6383 6521 0
6382 6521 6520 0
6383 6384 6522 0
6383 6522 6521 0
6384 6385 6523 0
6384 6523 6522 0
6385 6386 6524 0
6385 6524 6523 0
6386 6387 6525 0
6386 6525 6524 0
6387 6388 6526 0
6387 6526 6525 0
6388 6389 6527 0
6388 6527 6526 0
6389 6390 6528 0
6389 6528 6527 0
6390 6391 6529 0
6390 6529 6528 0
6391 6392 6530 0
6391 6530 6529 0
6392 6393 6531 0
6392 6531 6530 0
6393 6394 6532 0
6393 6532 6531 0
6394 6395 6533 0
6394 6533 6532 0
6395 6396 6534 0
6395 6534 6533 0
6396 6397 6535 0
6396 6535 6534 0
6397 6398 6536 0
6397 6536 6535 0
6398 6399 6537 0
6398 6537 6536 0
6399 6400 6538 0
6399 6538 6537 0
6400 6401 6539 0
6400 6539 6538 0
6401 6402 6540 0
6401 6540 6539 0
6402 6403 6541 0
6402 6541 6540 0
6403 6404 6542 0
6403 6542 6541 0
6404 6405 6543 0
6404 6543 6542 0
6405 6406 6544 0
6405 6544 6543 0
6406 6407 6545 0
6406 6545 6544 0
6407 6408 6546 0
6407 6546 6545 0
6408 6409 6547 0
6408 6547 6546 0
6409 6410 6548 0
6409 6548 6547 0
6410 6411 6549 0
6410 6549 6548 0
6411 6412 6550 0
6411 6550 6549 0
6412 6413 6551 0
6412 6551 6550 0
6413 6414 6552 0
6413 6552 6551 0
6414 6415 6553 0
6414 6553 6552 0
6415 6416 6554 0
6415 6554 6553 0
6416 6417 6555 0
6416 6555 6554 0
6417 6418 6556 0
6417 6556 6555 0
6418 6419 6557 0
6418 6557 6556 0
6419 6420 6558 0
6419 6558 6557 0
6420 6421 6559 0
6420 6559 6558 0
6421 6422 6560 0
6421 6560 6559 0
6422 6423 6561 0
6422 6561 6560 0
6423 6424 6562 0
6423 6562 6561 0
6424 6425 6563 0
6424 6563 6562 0
6425 6426 6564 0
6425 6564 6563 0
6426 6427 6565 0
6426 6565 6564 0
6427 6428 6566 0
6427 6566 6565 0
6428 6429 6567 0
6428 6567 6566 0
6429 6430 6568 0
6429 6568 6567 0
6430 6431 6569 0
6430 6569 6568 0
6431 6432 6570 0
6431 6570 6569 0
6432 6433 6571 0
6432 6571 6570 0
6433 6434 6572 0
6433 6572 6571 0
6434 6435 6573 0
6434 6573 6572 0
6435 6436 6574 0
6435 6574 6573 0
6436 6437 6575 0
6436 6575 6574 0
6437 6438 6576 0
6437 6576 6575 0
6438 6439 6577 0
6438 6577 6576 0
6439 6440 6578 0
6439 6578 6577 0
6440 6441 6579 0
6440 6579 6578 0
6441 6442 6580 0
6441 6580 6579 0
6442 6443 6581 0
6442 6581 6580 0
6443 6444 6582 0
6443 6582 6581 0
6444 6445 6583 0
6444 6583 6582 0
6445 6446 6584 0
6445 6584 6583 0
6446 6447 6585 0
6446 6585 6584 0
6447 6448 6586 0
6447 6586 6585 0
6448 6449 6587 0
6448 6587 6586 0
6449 6450 6588 0
6449 6588 6587 0
6450 6451 6589 0
6450 6589 6588 0
6451 6452 6590 0
6451 6590 6589 0
6452 6453 6591 0
6452 6591 6590 0
6453 6454 6592 0
6453 6592 6591 0
6454 6455 6593 0
6454 6593 6592 0
6455 6456 6594 0
6455 6594 6593 0
6456 6457 6595 0
6456 6595 6594 0
6457 6458 6596 0
6457 6596 6595 0
6458 6459 6597 0
6458 6597 6596 0
6459 6460 6598 0
6459 6598 6597 0
6460 6461 6599 0
6460 6599 6598 0
6461 6462 6600 0
6461 6600 6599 0
6462 6463 6601 0
6462 6601 6600 0
6463 6464 6602 0
6463 6602 6601 0
6464 6465 6603 0
6464 6603 6602 0
6465 6466 6604 0
6465 6604 6603 0
6466 6467 6605 0
6466 6605 6604 0
6467 6468 6606 0
6467 6606 6605 0
6468 6469 6607 0
6468 6607 6606 0
6469 6470 6608 0
6469 6608 6607 0
6470 6471 6609 0
6470 6609 6608 0
6471 6472 6610 0
6471 6610 6609 0
6472 6473 6611 0
6472 6611 6610 0
6473 6474 6612 0
6473 6612 6611 0
6474 6475 6613 0
6474 6613 6612 0
6475 6476 6614 0
6475 6614 6613 0
6476 6477 6615 0
6476 6615 6614 0
6477 6478 6616 0
6477 6616 6615 0
6478 6479 6617 0
6478 6617 6616 0
6479 6480 6618 0
6479 6618 6617 0
6480 6481 6619 0
6480 6619 6618 0
6481 6482 6620 0
6481 6620 6619 0
6482 6483 6621 0
6482 6621 6620 0
6483 6484 6622 0
6483 6622 6621 0
6484 6485 6623 0
6484 6623 6622 0
6485 6486 6624 0
6485 6624 6623 0
6487 6488 6626 0
6487 6626 6625 0
6488 6489 6627 0
6488 6627 6626 0
6489 6490 6628 0
6489 6628 6627 0
6490 6491 6629 0
6490 6629 6628 0
6491 6492 6630 0
6491 6630 6629 0
6492 6493 6631 0
6492 6631 6630 0
6493 6494 6632 0
6493 6632 6631 0
6494 6495 6633 0
6494 6633 6632 0
6495 6496 6634 0
6495 6634 6633 0
6496 6497 6635 0
6496 6635 6634 0
6497 6498 6636 0
6497 6636 6635 0
6498 6499 6637 0
6498 6637 6636 0
6499 6500 6638 0
6499 6638 6637 0
6500 6501 6639 0
6500 6639 6638 0
6501 6502 6640 0
6501 6640 6639 0
6502 6503 6641 0
6502 6641 6640 0
6503 6504 6642 0
6503 6642 6641 0
6504 6505 6643 0
6504 6643 6642 0
6505 6506 6644 0
6505 6644 6643 0
6506 6507 6645 0
6506 6645 6644 0
6507 6508 6646 0
6507 6646 6645 0
6508 6509 6647 0
6508 6647 6646 0
6509 6510 6648 0
6509 6648 6647 0
6510 6511 6649 0
6510 6649 6648 0
6511 6512 6650 0
6511 6650 6649 0
6512 6513 6651 0
6512 6651 6650 0
6513 6514 6652 0
6513 6652 6651 0
6514 6515 6653 0
6514 6653 6652 0
6515 6516 6654 0
6515 6654 6653 0
6516 6517 6655 0
6516 6655 6654 0
6517 6518 6656 0
6517 6656 6655 0
6518 6519 6657 0
6518 6657 6656 0
6519 6520 6658 0
6519 6658 6657 0
6520 6521 6659 0
6520 6659 6658 0
6521 6522 6660 0
6521 6660 6659 0
6522 6523 6661 0
6522 6661 6660 0
6523 6524 6662 0
6523 6662 6661 0
6524 6525 6663 0
6524 6663 6662 0
6525 6526 6664 0
6525 6664 6663 0
6526 6527 6665 0
6526 6665 6664 0
6527 6528 6666 0
6527 6666 6665 0
6528 6529 6667 0
6528 6667 6666 0
6529 6530 6668 0
6529 6668 6667 0
6530 6531 6669 0
6530 6669 6668 0
6531 6532 6670 0
6531 6670 6669 0
6532 6533 6671 0
6532 6671 6670 0
6533 6534 6672 0
6533 6672 6671 0
6534 6535 6673 0
6534 6673 6672 0
6535 6536 6674 0
6535 6674 6673 0
6536 6537 6675 0
6536 6675 6674 0
6537 6538 6676 0
6537 6676 6675 0
6538 6539 6677 0
6538 6677 6676 0
6539 6540 6678 0
6539 6678 6677 0
6540 6541 6679 0
6540 6679 6678 0
6541 6542 6680 0
6541 6680 6679 0
6542 6543 6681 0
6542 6681 6680 0
6543 6544 6682 0
6543 6682 6681 0
6544 6545 6683 0
6544 6683 6682 0
6545 6546 6684 0
6545 6684 6683 0
6546 6547 6685 0
6546 6685 6684 0
6547 6548 6686 0
6547 6686 6685 0
6548 6549 6687 0
6548 6687 6686 0
6549 6550 6688 0
6549 6688 6687 0
6550 6551 6689 0
6550 6689 6688 0
6551 6552 6690 0
6551 6690 6689 0
6552 6553 6691 0
6552 6691 6690 0
6553 6554 6692 0
6553 6692 6691 0
6554 6555 6693 0
6554 6693 6692 0
6555 6556 6694 0
6555 6694 6693 0
6556 6557 6695 0
6556 6695 6694 0
6557 6558 6696 0
6557 6696 6695 0
6558 6559 6697 0
6558 6697 6696 0
6559 6560 6698 0
6559 6698 6697 0
6560 6561 6699 0
6560 6699 6698 0
6561 6562 6700 0
6561 6700 6699 0
6562 6563 6701 0
6562 6701 6700 0
6563 6564 6702 0
6563 6702 6701 0
6564 6565 6703 0
6564 6703 6702 0
6565 6566 6704 0
6565 6704 6703 0
6566 6567 6705 0
6566 6705 6704 0
6567 6568 6706 0
6567 6706 6705 0
6568 6569 6707 0
6568 6707 6706 0
6569 6570 6708 0
6569 6708 6707 0
6570 6571 6709 0
6570 6709 6708 0
6571 6572 6710 0
6571 6710 6709 0
6572 6573 6711 0
6572 6711 6710 0
6573 6574 6712 0
6573 6712 6711 0
6574 6575 6713 0
6574 6713 6712 0
6575 6576 6714 0
6575 6714 6713 0
6576 6577 6715 0
6576 6715 6714 0
6577 6578 6716 0
6577 6716 6715 0
6578 6579 6717 0
6578 6717 6716 0
6579 6580 6718 0
6579 6718 6717 0
6580 6581 6719 0
6580 6719 6718 0
6581 6582 6720 0
6581 6720 6719 0
6582 6583 6721 0
6582 6721 6720 0
6583 6584 6722 0
6583 6722 6721 0
6584 6585 6723 0
6584 6723 6722 0
6585 6586 6724 0
6585 6724 6723 0
6586 6587 6725 0
6586 6725 6724 0
6587 6588 6726 0
6587 6726 6725 0
6588 6589 6727 0
6588 6727 6726 0
6589 6590 6728 0
6589 6728 6727 0
6590 6591 6729 0
6590 6729 6728 0
6591 6592 6730 0
6591 6730 6729 0
6592 6593 6731 0
6592 6731 6730 0
6593 6594 6732 0
6593 6732 6731 0
6594 6595 6733 0
6594 6733 6732 0
6595 6596 6734 0
6595 6734 6733 0
6596 6597 6735 0
6596 6735 6734 0
6597 6598 6736 0
6597 6736 6735 0
6598 6599 6737 0
6598 6737 6736 0
6599 6600 6738 0
6599 6738 6737 0
6600 6601 6739 0
6600 6739 6738 0
6601 6602 6740 0
6601 6740 6739 0
6602 6603 6741 0
6602 6741 6740 0
6603 6604 6742 0
6603 6742 6741 0
6604 6605 6743 0
6604 6743 6742 0
6605 6606 6744 0
6605 6744 6743 0
6606 6607 6745 0
6606 6745 6744 0
6607 6608 6746 0
6607 6746 6745 0
6608 6609 6747 0
6608 6747 6746 0
6609 6610 6748 0
6609 6748 6747 0
6610 6611 6749 0
6610 6749 6748 0
6611 6612 6750 0
6611 6750 6749 0
6612 6613 6751 0
6612 6751 6750 0
6613 6614 6752 0
6613 6752 6751 0
6614 6615 6753 0
6614 6753 6752 0
6615 6616 6754 0
6615 6754 6753 0
6616 6617 6755 0
6616 6755 6754 0
6617 6618 6756 0
6617 6756 6755 0
6618 6619 6757 0
6618 6757 6756 0
6619 6620 6758 0
6619 6758 6757 0
6620 6621 6759 0
6620 6759 6758 0
6621 6622 6760 0
6621 6760 6759 0
6622 6623 6761 0
6622 6761 6760 0
6623 6624 6762 0
6623 6762 6761 0
6625 6626 6764 0
6625 6764 6763 0
6626 6627 6765 0
6626 6765 6764 0
6627 6628 6766 0
6627 6766 6765 0
6628 6629 6767 0
6628 6767 6766 0
6629 6630 6768 0
6629 6768 6767 0
6630 6631 6769 0
6630 6769 6768 0
6631 6632 6770 0
6631 6770 6769 0
6632 6633 6771 0
6632 6771 6770 0
6633 6634 6772 0
6633 6772 6771 0
6634 6635 6773 0
6634 6773 6772 0
6635 6636 6774 0
6635 6774 6773 0
6636 6637 6775 0
6636 6775 6774 0
6637 6638 6776 0
6637 6776 6775 0
6638 6639 6777 0
6638 6777 6776 0
6639 6640 6778 0
6639 6778 6777 0
6640 6641 6779 0
6640 6779 6778 0
6641 6642 6780 0
6641 6780 6779 0
6642 6643 6781 0
6642 6781 6780 0
6643 6644 6782 0
6643 6782 6781 0
6644 6645 6783 0
6644 6783 6782 0
6645 6646 6784 0
6645 6784 6783 0
6646 6647 6785 0
6646 6785 6784 0
6647 6648 6786 0
6647 6786 6785 0
6648 6649 6787 0
6648 6787 6786 0
6649 6650 6788 0
6649 6788 6787 0
6650 6651 6789 0
6650 6789 6788 0
6651 6652 6790 0
6651 6790 6789 0
6652 6653 6791 0
6652 6791 6790 0
6653 6654 6792 0
6653 6792 6791 0
6654 6655 6793 0
6654 6793 6792 0
6655 6656 6794 0
6655 6794 6793 0
6656 6657 6795 0
6656 6795 6794 0
6657 6658 6796 0
6657 6796 6795 0
6658 6659 6797 0
6658 6797 6796 0
6659 6660 6798 0
6659 6798 6797 0
6660 6661 6799 0
6660 6799 6798 0
6661 6662 6800 0
6661 6800 6799 0
6662 6663 6801 0
6662 6801 6800 0
6663 6664 6802 0
6663 6802 6801 0
6664 6665 6803 0
6664 6803 6802 0
6665 6666 6804 0
6665 6804 6803 0
6666 6667 6805 0
6666 6805 6804 0
6667 6668 6806 0
6667 6806 6805 0
6668 6669 6807 0
6668 6807 6806 0
6669 6670 6808 0
6669 6808 6807 0
6670 6671 6809 0
6670 6809 6808 0
6671 6672 6810 0
6671 6810 6809 0
6672 6673 6811 0
6672 6811 6810 0
6673 6674 6812 0
6673 6812 6811 0
6674 6675 6813 0
6674 6813 6812 0
6675 6676 6814 0
6675 6814 6813 0
6676 6677 6815 0
6676 6815 6814 0
6677 6678 6816 0
6677 6816 6815 0
6678 6679 6817 0
6678 6817 6816 0
6679 6680 6818 0
6679 6818 6817 0
6680 6681 6819 0
6680 6819 6818 0
6681 6682 6820 0
6681 6820 6819 0
6682 6683 6821 0
6682 6821 6820 0
6683 6684 6822 0
6683 6822 6821 0
6684 6685 6823 0
6684 6823 6822 0
6685 6686 6824 0
6685 6824 6823 0
6686 6687 6825 0
6686 6825 6824 0
6687 6688 6826 0
6687 6826 6825 0
6688 6689 6827 0
6688 6827 6826 0
6689 6690 6828 0
6689 6828 6827 0
6690 6691 6829 0
6690 6829 6828 0
6691 6692 6830 0
6691 6830 6829 0
6692 6693 6831 0
6692 6831 6830 0
6693 6694 6832 0
6693 6832 6831 0
6694 6695 6833 0
6694 6833 6832 0
6695 6696 6834 0
6695 6834 6833 0
6696 6697 6835 0
6696 6835 6834 0
6697 6698 6836 0
6697 6836 6835 0
6698 6699 6837 0
6698 6837 6836 0
6699 6700 6838 0
6699 6838 6837 0
6700 6701 6839 0
6700 6839 6838 0
6701 6702 6840 0
6701 6840 6839 0
6702 6703 6841 0
6702 6841 6840 0
6703 6704 6842 0
6703 6842 6841 0
6704 6705 6843 0
6704 6843 6842 0
6705 6706 6844 0
6705 6844 6843 0
6706 6707 6845 0
6706 6845 6844 0
6707 6708 6846 0
6707 6846 6845 0
6708 6709 6847 0
6708 6847 6846 0
6709 6710 6848 0
6709 6848 6847 0
6710 6711 6849 0
6710 6849 6848 0
6711 6712 6850 0
6711 6850 6849 0
6712 6713 6851 0
6712 6851 6850 0
6713 6714 6852 0
6713 6852 6851 0
6714 6715 6853 0
6714 6853 6852 0
6715 6716 6854 0
6715 6854 6853 0
6716 6717 6855 0
6716 6855 6854 0
6717 6718 6856 0
6717 6856 6855 0
6718 6719 6857 0
6718 6857 6856 0
6719 6720 6858 0
6719 6858 6857 0
6720 6721 6859 0
6720 6859 6858 0
6721 6722 6860 0
6721 6860 6859 0
6722 6723 6861 0
6722 6861 6860 0
6723 6724 6862 0
6723 6862 6861 0
6724 6725 6863 0
6724 6863 6862 0
6725 6726 6864 0
6725 6864 6863 0
6726 6727 6865 0
6726 6865 6864 0
6727 6728 6866 0
6727 6866 6865 0
6728 6729 6867 0
6728 6867 6866 0
6729 6730 6868 0
6729 6868 6867 0
6730 6731 6869 0
6730 6869 6868 0
6731 6732 6870 0
6731 6870 6869 0
6732 6733 6871 0
6732 6871 6870 0
6733 6734 6872 0
6733 6872 6871 0
6734 6735 6873 0
6734 6873 6872 0
6735 6736 6874 0
6735 6874 6873 0
6736 6737 6875 0
6736 6875 6874 0
6737 6738 6876 0
6737 6876 6875 0
6738 6739 6877 0
6738 6877 6876 0
6739 6740 6878 0
6739 6878 6877 0
6740 6741 6879 0
6740 6879 6878 0
6741 6742 6880 0
6741 6880 6879 0
6742 6743 6881 0
6742 6881 6880 0
6743 6744 6882 0
6743 6882 6881 0
6744 6745 6883 0
6744 6883 6882 0
6745 6746 6884 0
6745 6884 6883 0
6746 6747 6885 0
6746 6885 6884 0
6747 6748 6886 0
6747 6886 6885 0
6748 6749 6887 0
6748 6887 6886 0
6749 6750 6888 0
6749 6888 6887 0
6750 6751 6889 0
6750 6889 6888 0
6751 6752 6890 0
6751 6890 6889 0
6752 6753 6891 0
6752 6891 6890 0
6753 6754 6892 0
6753 6892 6891 0
6754 6755 6893 0
6754 6893 6892 0
6755 6756 6894 0
6755 6894 6893 0
6756 6757 6895 0
6756 6895 6894 0
6757 6758 6896 0
6757 6896 6895 0
6758 6759 6897 0
6758 6897 6896 0
6759 6760 6898 0
6759 6898 6897 0
6760 6761 6899 0
6760 6899 6898 0
6761 6762 6900 0
6761 6900 6899 0
6763 6764 6902 0
6763 6902 6901 0
6764 6765 6903 0
6764 6903 6902 0
6765 6766 6904 0
6765 6904 6903 0
6766 6767 6905 0
6766 6905 6904 0
6767 6768 6906 0
6767 6906 6905 0
6768 6769 6907 0
6768 6907 6906 0
6769 6770 6908 0
6769 6908 6907 0
6770 6771 6909 0
6770 6909 6908 0
6771 6772 6910 0
6771 6910 6909 0
6772 6773 6911 0
6772 6911 6910 0
6773 6774 6912 0
6773 6912 6911 0
6774 6775 6913 0
6774 6913 6912 0
6775 6776 6914 0
6775 6914 6913 0
6776 6777 6915 0
6776 6915 6914 0
6777 6778 6916 0
6777 6916 6915 0
6778 6779 6917 0
6778 6917 6916 0
6779 6780 6918 0
6779 6918 6917 0
6780 6781 6919 0
6780 6919 6918 0
6781 6782 6920 0
6781 6920 6919 0
6782 6783 6921 0
6782 6921 6920 0
6783 6784 6922 0
6783 6922 6921 0
6784 6785 6923 0
6784 6923 6922 0
6785 6786 6924 0
6785 6924 6923 0
6786 6787 6925 0
6786 6925 6924 0
6787 6788 6926 0
6787 6926 6925 0
6788 6789 6927 0
6788 6927 6926 0
6789 6790 6928 0
6789 6928 6927 0
6790 6791 6929 0
6790 6929 6928 0
6791 6792 6930 0
6791 6930 6929 0
6792 6793 6931 0
6792 6931 6930 0
6793 6794 6932 0
6793 6932 6931 0
6794 6795 6933 0
6794 6933 6932 0
6795 6796 6934 0
6795 6934 6933 0
6796 6797 6935 0
6796 6935 6934 0
6797 6798 6936 0
6797 6936 6935 0
6798 6799 6937 0
6798 6937 6936 0
6799 6800 6938 0
6799 6938 6937 0
6800 6801 6939 0
6800 6939 6938 0
6801 6802 6940 0
6801 6940 6939 0
6802 6803 6941 0
6802 6941 6940 0
6803 6804 6942 0
6803 6942 6941 0
6804 6805 6943 0
6804 6943 6942 0
6805 6806 6944 0
6805 6944 6943 0
6806 6807 6945 0
6806 6945 6944 0
6807 6808 6946 0
6807 6946 6945 0
6808 6809 6947 0
6808 6947 6946 0
6809 6810 6948 0
6809 6948 6947 0
6810 6811 6949 0
6810 6949 6948 0
6811 6812 6950 0
6811 6950 6949 0
6812 6813 6951 0
6812 6951 6950 0
6813 6814 6952 0
6813 6952 6951 0
6814 6815 6953 0
6814 6953 6952 0
6815 6816 6954 0
6815 6954 6953 0
6816 6817 6955 0
6816 6955 6954 0
6817 6818 6956 0
6817 6956 6955 0
6818 6819 6957 0
6818 6957 6956 0
6819 6820 6958 0
6819 6958 6957 0
6820 6821 6959 0
6820 6959 6958 0
6821 6822 6960 0
6821 6960 6959 0
6822 6823 6961 0
6822 6961 6960 0
6823 6824 6962 0
6823 6962 6961 0
6824 6825 6963 0
6824 6963 6962 0
6825 6826 6964 0
6825 6964 6963 0
6826 6827 6965 0
6826 6965 6964 0
6827 6828 6966 0
6827 6966 6965 0
6828 6829 6967 0
6828 6967 6966 0
6829 6830 6968 0
6829 6968 6967 0
6830 6831 6969 0
6830 6969 6968 0
6831 6832 6970 0
6831 6970 6969 0
6832 6833 6971 0
6832 6971 6970 0
6833 6834 6972 0
6833 6972 6971 0
6834 6835 6973 0
6834 6973 6972 0
6835 6836 6974 0
6835 6974 6973 0
6836 6837 6975 0
6836 6975 6974 0
6837 6838 6976 0
6837 6976 6975 0
6838 6839 6977 0
6838 6977 6976 0
6839 6840 6978 0
6839 6978 6977 0
6840 6841 6979 0
6840 6979 6978 0
6841 6842 6980 0
6841 6980 6979 0
6842 6843 6981 0
6842 6981 6980 0
6843 6844 6982 0
6843 6982 6981 0
6844 6845 6983 0
6844 6983 6982 0
6845 6846 6984 0
6845 6984 6983 0
6846 6847 6985 0
6846 6985 6984 0
6847 6848 6986 0
6847 6986 6985 0
6848 6849 6987 0
6848 6987 6986 0
6849 6850 6988 0
6849 6988 6987 0
6850 6851 6989 0
6850 6989 6988 0
6851 6852 6990 0
6851 6990 6989 0
6852 6853 6991 0
6852 6991 6990 0
6853 6854 6992 0
6853 6992 6991 0
6854 6855 6993 0
6854 6993 6992 0
6855 6856 6994 0
6855 6994 6993 0
6856 6857 6995 0
6856 6995 6994 0
6857 6858 6996 0
6857 6996 6995 0
6858 6859 6997 0
6858 6997 6996 0
6859 6860 6998 0
6859 6998 6997 0
6860 6861 6999 0
6860 6999 6998 0
6861 6862 7000 0
6861 7000 6999 0
6862 6863 7001 0
6862 7001 7000 0
6863 6864 7002 0
6863 7002 7001 0
6864 6865 7003 0
6864 7003 7002 0
6865 6866 7004 0
6865 7004 7003 0
6866 6867 7005 0
6866 7005 7004 0
6867 6868 7006 0
6867 7006 7005 0
6868 6869 7007 0
6868 7007 7006 0
6869 6870 7008 0
6869 7008 7007 0
6870 6871 7009 0
6870 7009 7008 0
6871 6872 7010 0
6871 7010 7009 0
6872 6873 7011 0
6872 7011 7010 0
6873 6874 7012 0
6873 7012 7011 0
6874 6875 7013 0
6874 7013 7012 0
6875 6876 7014 0
6875 7014 7013 0
6876 6877 7015 0
6876 7015 7014 0
6877 6878 7016 0
6877 7016 7015 0
6878 6879 7017 0
6878 7017 7016 0
6879 6880 7018 0
6879 7018 7017 0
6880 6881 7019 0
6880 7019 7018 0
6881 6882 7020 0
6881 7020 7019 0
6882 6883 7021 0
6882 7021 7020 0
6883 6884 7022 0
6883 7022 7021 0
6884 6885 7023 0
6884 7023 7022 0
6885 6886 7024 0
6885 7024 7023 0
6886 6887 7025 0
6886 7025 7024 0
6887 6888 7026 0
6887 7026 7025 0
6888 6889 7027 0
6888 7027 7026 0
6889 6890 7028 0
6889 7028 7027 0
6890 6891 7029 0
6890 7029 7028 0
6891 6892 7030 0
6891 7030 7029 0
6892 6893 7031 0
6892 7031 7030 0
6893 6894 7032 0
6893 7032 7031 0
6894 6895 7033 0
6894 7033 7032 0
6895 6896 7034 0
6895 7034 7033 0
6896 6897 7035 0
6896 7035 7034 0
6897 6898 7036 0
6897 7036 7035 0
6898 6899 7037 0
6898 7037 7036 0
6899 6900 7038 0
6899 7038 7037 0
6901 6902 7040 0
6901 7040 7039 0
6902 6903 7041 0
6902 7041 7040 0
6903 6904 7042 0
6903 7042 7041 0
6904 6905 7043 0
6904 7043 7042 0
6905 6906 7044 0
6905 7044 7043 0
6906 6907 7045 0
6906 7045 7044 0
6907 6908 7046 0
6907 7046 7045 0
6908 6909 7047 0
6908 7047 7046 0
6909 6910 7048 0
6909 7048 7047 0
6910 6911 7049 0
6910 7049 7048 0
6911 6912 7050 0
6911 7050 7049 0
6912 6913 7051 0
6912 7051 7050 0
6913 6914 7052 0
6913 7052 7051 0
6914 6915 7053 0
6914 7053 7052 0
6915 6916 7054 0
6915 7054 7053 0
6916 6917 7055 0
6916 7055 7054 0
6917 6918 7056 0
6917 7056 7055 0
6918 6919 7057 0
6918 7057 7056 0
6919 6920 7058 0
6919 7058 7057 0
6920 6921 7059 0
6920 7059 7058 0
6921 6922 7060 0
6921 7060 7059 0
6922 6923 7061 0
6922 7061 7060 0
6923 6924 7062 0
6923 7062 7061 0
6924 6925 7063 0
6924 7063 7062 0
6925 6926 7064 0
6925 7064 7063 0
6926 6927 7065 0
6926 7065 7064 0
6927 6928 7066 0
6927 7066 7065 0
6928 6929 7067 0
6928 7067 7066 0
6929 6930 7068 0
6929 7068 7067 0
6930 6931 7069 0
6930 7069 7068 0
6931 6932 7070 0
6931 7070 7069 0
6932 6933 7071 0
6932 7071 7070 0
6933 6934 7072 0
6933 7072 7071 0
6934 6935 7073 0
6934 7073 7072 0
6935 6936 7074 0
6935 7074 7073 0
6936 6937 7075 0
6936 7075 7074 0
6937 6938 7076 0
6937 7076 7075 0
6938 6939 7077 0
6938 7077 7076 0
6939 6940 7078 0
6939 7078 7077 0
6940 6941 7079 0
6940 7079 7078 0
6941 6942 7080 0
6941 7080 7079 0
6942 6943 7081 0
6942 7081 7080 0
6943 6944 7082 0
6943 7082 7081 0
6944 6945 7083 0
6944 7083 7082 0
6945 6946 7084 0
6945 7084 7083 0
6946 6947 7085 0
6946 7085 7084 0
6947 6948 7086 0
6947 7086 7085 0
6948 6949 7087 0
6948 7087 7086 0
6949 6950 7088 0
6949 7088 7087 0
6950 6951 7089 0
6950 7089 7088 0
6951 6952 7090 0
6951 7090 7089 0
6952 6953 7091 0
6952 7091 7090 0
6953 6954 7092 0
6953 7092 7091 0
6954 6955 7093 0
6954 7093 7092 0
6955 6956 7094 0
6955 7094 7093 0
6956 6957 7095 0
6956 7095 7094 0
6957 6958 7096 0
6957 7096 7095 0
6958 6959 7097 0
6958 7097 7096 0
6959 6960 7098 0
6959 7098 7097 0
6960 6961 7099 0
6960 7099 7098 0
6961 6962 7100 0
6961 7100 7099 0
6962 6963 7101 0
6962 7101 7100 0
6963 6964 7102 0
6963 7102 7101 0
6964 6965 7103 0
6964 7103 7102 0
6965 6966 7104 0
6965 7104 7103 0
6966 6967 7105 0
6966 7105 7104 0
6967 6968 7106 0
6967 7106 7105 0
6968 6969 7107 0
6968 7107 7106 0
6969 6970 7108 0
6969 7108 7107 0
6970 6971 7109 0
6970 7109 7108 0
6971 6972 7110 0
6971 7110 7109 0
6972 6973 7111 0
6972 7111 7110 0
6973 6974 7112 0
6973 7112 7111 0
6974 6975 7113 0
6974 7113 7112 0
6975 6976 7114 0
6975 7114 7113 0
6976 6977 7115 0
6976 7115 7114 0
6977 6978 7116 0
6977 7116 7115 0
6978 6979 7117 0
6978 7117 7116 0
6979 6980 7118 0
6979 7118 7117 0
6980 6981 7119 0
6980 7119 7118 0
6981 6982 7120 0
6981 7120 7119 0
6982 6983 7121 0
6982 7121 7120 0
6983 6984 7122 0
6983 7122 7121 0
6984 6985 7123 0
6984 7123 7122 0
6985 6986 7124 0
6985 7124 7123 0
6986 6987 7125 0
6986 7125 7124 0
6987 6988 7126 0
6987 7126 7125 0
6988 6989 7127 0
6988 7127 7126 0
6989 6990 7128 0
6989 7128 7127 0
6990 6991 7129 0
6990 7129 7128 0
6991 6992 7130 0
6991 7130 7129 0
6992 6993 7131 0
6992 7131 7130 0
6993 6994 7132 0
6993 7132 7131 0
6994 6995 7133 0
6994 7133 7132 0
6995 6996 7134 0
6995 7134 7133 0
6996 6997 7135 0
6996 7135 7134 0
6997 6998 7136 0
6997 7136 7135 0
6998 6999 7137 0
6998 7137 7136 0
6999 7000 7138 0
6999 7138 7137 0
7000 7001 7139 0
7000 7139 7138 0
7001 7002 7140 0
7001 7140 7139 0
7002 7003 7141 0
7002 7141 7140 0
7003 7004 7142 0
7003 7142 7141 0
7004 7005 7143 0
7004 7143 7142 0
7005 7006 7144 0
7005 7144 7143 0
7006 7007 7145 0
7006 7145 7144 0
7007 7008 7146 0
7007 7146 7145 0
7008 7009 7147 0
7008 7147 7146 0
7009 7010 7148 0
7009 7148 7147 0
7010 7011 7149 0
7010 7149 7148 0
7011 7012 7150 0
7011 7150 7149 0
7012 7013 7151 0
7012 7151 7150 0
7013 7014 7152 0
7013 7152 7151 0
7014 7015 7153 0
7014 7153 7152 0
7015 7016 7154 0
7015 7154 7153 0
7016 7017 7155 0
7016 7155 7154 0
7017 7018 7156 0
7017 7156 7155 0
7018 7019 7157 0
7018 7157 7156 0
7019 7020 7158 0
7019 7158 7157 0
7020 7021 7159 0
7020 7159 7158 0
7021 7022 7160 0
7021 7160 7159 0
7022 7023 7161 0
7022 7161 7160 0
7023 7024 7162 0
7023 7162 7161 0
7024 7025 7163 0
7024 7163 7162 0
7025 7026 7164 0
7025 7164 7163 0
7026 7027 7165 0
7026 7165 7164 0
7027 7028 7166 0
7027 7166 7165 0
7028 7029 7167 0
7028 7167 7166 0
7029 7030 7168 0
7029 7168 7167 0
7030 7031 7169 0
7030 7169 7168 0
7031 7032 7170 0
7031 7170 7169 0
7032 7033 7171 0
7032 7171 7170 0
7033 7034 7172 0
7033 7172 7171 0
7034 7035 7173 0
7034 7173 7172 0
7035 7036 7174 0
7035 7174 7173 0
7036 7037 7175 0
7036 7175 7174 0
7037 7038 7176 0
7037 7176 7175 0
7039 7040 7178 0
7039 7178 7177 0
7040 7041 7179 0
7040 7179 7178 0
7041 7042 7180 0
7041 7180 7179 0
7042 7043 7181 0
7042 7181 7180 0
7043 7044 7182 0
7043 7182 7181 0
7044 7045 7183 0
7044 7183 7182 0
7045 7046 7184 0
7045 7184 7183 0
7046 7047 7185 0
7046 7185 7184 0
7047 7048 7186 0
7047 7186 7185 0
7048 7049 7187 0
7048 7187 7186 0
7049 7050 7188 0
7049 7188 7187 0
7050 7051 7189 0
7050 7189 7188 0
7051 7052 7190 0
7051 7190 7189 0
7052 7053 7191 0
7052 7191 7190 0
7053 7054 7192 0
7053 7192 7191 0
7054 7055 7193 0
7054 7193 7192 0
7055 7056 7194 0
7055 7194 7193 0
7056 7057 7195 0
7056 7195 7194 0
7057 7058 7196 0
7057 7196 7195 0
7058 7059 7197 0
7058 7197 7196 0
7059 7060 7198 0
7059 7198 7197 0
7060 7061 7199 0
7060 7199 7198 0
7061 7062 7200 0
7061 7200 7199 0
7062 7063 7201 0
7062 7201 7200 0
7063 7064 7202 0
7063 7202 7201 0
7064 7065 7203 0
7064 7203 7202 0
7065 7066 7204 0
7065 7204 7203 0
7066 7067 7205 0
7066 7205 7204 0
7067 7068 7206 0
7067 7206 7205 0
7068 7069 7207 0
7068 7207 7206 0
7069 7070 7208 0
7069 7208 7207 0
7070 7071 7209 0
7070 7209 7208 0
7071 7072 7210 0
7071 7210 7209 0
7072 7073 7211 0
7072 7211 7210 0
7073 7074 7212 0
7073 7212 7211 0
7074 7075 7213 0
7074 7213 7212 0
7075 7076 7214 0
7075 7214 7213 0
7076 7077 7215 0
7076 7215 7214 0
7077 7078 7216 0
7077 7216 7215 0
7078 7079 7217 0
7078 7217 7216 0
7079 7080 7218 0
7079 7218 7217 0
7080 7081 7219 0
7080 7219 7218 0
7081 7082 7220 0
7081 7220 7219 0
7082 7083 7221 0
7082 7221 7220 0
7083 7084 7222 0
7083 7222 7221 0
7084 7085 7223 0
7084 7223 7222 0
7085 7086 7224 0
7085 7224 7223 0
7086 7087 7225 0
7086 7225 7224 0
7087 7088 7226 0
7087 7226 7225 0
7088 7089 7227 0
7088 7227 7226 0
7089 7090 7228 0
7089 7228 7227 0
7090 7091 7229 0
7090 7229 7228 0
7091 7092 7230 0
7091 7230 7229 0
7092 7093 7231 0
7092 7231 7230 0
7093 7094 7232 0
7093 7232 7231 0
7094 7095 7233 0
7094 7233 7232 0
7095 7096 7234 0
7095 7234 7233 0
7096 7097 7235 0
7096 7235 7234 0
7097 7098 7236 0
7097 7236 7235 0
7098 7099 7237 0
7098 7237 7236 0
7099 7100 7238 0
7099 7238 7237 0
7100 7101 7239 0
7100 7239 7238 0
7101 7102 7240 0
7101 7240 7239 0
7102 7103 7241 0
7102 7241 7240 0
7103 7104 7242 0
7103 7242 7241 0
7104 7105 7243 0
7104 7243 7242 0
7105 7106 7244 0
7105 7244 7243 0
7106 7107 7245 0
7106 7245 7244 0
7107 7108 7246 0
7107 7246 7245 0
7108 7109 7247 0
7108 7247 7246 0
7109 7110 7248 0
7109 7248 7247 0
7110 7111 7249 0
7110 7249 7248 0
7111 7112 7250 0
7111 7250 7249 0
7112 7113 7251 0
7112 7251 7250 0
7113 7114 7252 0
7113 7252 7251 0
7114 7115 7253 0
7114 7253 7252 0
7115 7116 7254 0
7115 7254 7253 0
7116 7117 7255 0
7116 7255 7254 0
7117 7118 7256 0
7117 7256 7255 0
7118 7119 7257 0
7118 7257 7256 0
7119 7120 7258 0
7119 7258 7257 0
7120 7121 7259 0
7120 7259 7258 0
7121 7122 7260 0
7121 7260 7259 0
7122 7123 7261 0
7122 7261 7260 0
7123 7124 7262 0
7123 7262 7261 0
7124 7125 7263 0
7124 7263 7262 0
7125 7126 7264 0
7125 7264 7263 0
7126 7127 7265 0
7126 7265 7264 0
7127 7128 7266 0
7127 7266 7265 0
7128 7129 7267 0
7128 7267 7266 0
7129 7130 7268 0
7129 7268 7267 0
7130 7131 7269 0
7130 7269 7268 0
7131 7132 7270 0
7131 7270 7269 0
7132 7133 7271 0
7132 7271 7270 0
7133 7134 7272 0
7133 7272 7271 0
7134 7135 7273 0
7134 7273 7272 0
7135 7136 7274 0
7135 7274 7273 0
7136 7137 7275 0
7136 7275 7274 0
7137 7138 7276 0
7137 7276 7275 0
7138 7139 7277 0
7138 7277 7276 0
7139 7140 7278 0
7139 7278 7277 0
7140 7141 7279 0
7140 7279 7278 0
7141 7142 7280 0
7141 7280 7279 0
7142 7143 7281 0
7142 7281 7280 0
7143 7144 7282 0
7143 7282 7281 0
7144 7145 7283 0
7144 7283 7282 0
7145 7146 7284 0
7145 7284 7283 0
7146 7147 7285 0
7146 7285 7284 0
7147 7148 7286 0
7147 7286 7285 0
7148 7149 7287 0
7148 7287 7286 0
7149 7150 7288 0
7149 7288 7287 0
7150 7151 7289 0
7150 7289 7288 0
7151 7152 7290 0
7151 7290 7289 0
7152 7153 7291 0
7152 7291 7290 0
7153 7154 7292 0
7153 7292 7291 0
7154 7155 7293 0
7154 7293 7292 0
7155 7156 7294 0
7155 7294 7293 0
7156 7157 7295 0
7156 7295 7294 0
7157 7158 7296 0
7157 7296 7295 0
7158 7159 7297 0
7158 7297 7296 0
7159 7160 7298 0
7159 7298 7297 0
7160 7161 7299 0
7160 7299 7298 0
7161 7162 7300 0
7161 7300 7299 0
7162 7163 7301 0
7162 7301 7300 0
7163 7164 7302 0
7163 7302 7301 0
7164 7165 7303 0
7164 7303 7302 0
7165 7166 7304 0
7165 7304 7303 0
7166 7167 7305 0
7166 7305 7304 0
7167 7168 7306 0
7167 7306 7305 0
7168 7169 7307 0
7168 7307 7306 0
7169 7170 7308 0
7169 7308 7307 0
7170 7171 7309 0
7170 7309 7308 0
7171 7172 7310 0
7171 7310 7309 0
7172 7173 7311 0
7172 7311 7310 0
7173 7174 7312 0
7173 7312 7311 0
7174 7175 7313 0
7174 7313 7312 0
7175 7176 7314 0
7175 7314 7313 0
7177 7178 7316 0
7177 7316 7315 0
7178 7179 7317 0
7178 7317 7316 0
7179 7180 7318 0
7179 7318 7317 0
7180 7181 7319 0
7180 7319 7318 0
7181 7182 7320 0
7181 7320 7319 0
7182 7183 7321 0
7182 7321 7320 0
7183 7184 7322 0
7183 7322 7321 0
7184 7185 7323 0
7184 7323 7322 0
7185 7186 7324 0
7185 7324 7323 0
7186 7187 7325 0
7186 7325 7324 0
7187 7188 7326 0
7187 7326 7325 0
7188 7189 7327 0
7188 7327 7326 0
7189 7190 7328 0
7189 7328 7327 0
7190 7191 7329 0
7190 7329 7328 0
7191 7192 7330 0
7191 7330 7329 0
7192 7193 7331 0
7192 7331 7330 0
7193 7194 7332 0
7193 7332 7331 0
7194 7195 7333 0
7194 7333 7332 0
7195 7196 7334 0
7195 7334 7333 0
7196 7197 7335 0
7196 7335 7334 0
7197 7198 7336 0
7197 7336 7335 0
7198 7199 7337 0
7198 7337 7336 0
7199 7200 7338 0
7199 7338 7337 0
7200 7201 7339 0
7200 7339 7338 0
7201 7202 7340 0
7201 7340 7339 0
7202 7203 7341 0
7202 7341 7340 0
7203 7204 7342 0
7203 7342 7341 0
7204 7205 7343 0
7204 7343 7342 0
7205 7206 7344 0
7205 7344 7343 0
7206 7207 7345 0
7206 7345 7344 0
7207 7208 7346 0
7207 7346 7345 0
7208 7209 7347 0
7208 7347 7346 0
7209 7210 7348 0
7209 7348 7347 0
7210 7211 7349 0
7210 7349 7348 0
7211 7212 7350 0
7211 7350 7349 0
7212 7213 7351 0
7212 7351 7350 0
7213 7214 7352 0
7213 7352 7351 0
7214 7215 7353 0
7214 7353 7352 0
7215 7216 7354 0
7215 7354 7353 0
7216 7217 7355 0
7216 7355 7354 0
7217 7218 7356 0
7217 7356 7355 0
7218 7219 7357 0
7218 7357 7356 0
7219 7220 7358 0
7219 7358 7357 0
7220 7221 7359 0
7220 7359 7358 0
7221 7222 7360 0
7221 7360 7359 0
7222 7223 7361 0
7222 7361 7360 0
7223 7224 7362 0
7223 7362 7361 0
7224 7225 7363 0
7224 7363 7362 0
7225 7226 7364 0
7225 7364 7363 0
7226 7227 7365 0
7226 7365 7364 0
7227 7228 7366 0
7227 7366 7365 0
7228 7229 7367 0
7228 7367 7366 0
7229 7230 7368 0
7229 7368 7367 0
7230 7231 7369 0
7230 7369 7368 0
7231 7232 7370 0
7231 7370 7369 0
7232 7233 7371 0
7232 7371 7370 0
7233 7234 7372 0
7233 7372 7371 0
7234 7235 7373 0
7234 7373 7372 0
7235 7236 7374 0
7235 7374 7373 0
7236 7237 7375 0
7236 7375 7374 0
7237 7238 7376 0
7237 7376 7375 0
7238 7239 7377 0
7238 7377 7376 0
7239 7240 7378 0
7239 7378 7377 0
7240 7241 7379 0
7240 7379 7378 0
7241 7242 7380 0
7241 7380 7379 0
7242 7243 7381 0
7242 7381 7380 0
7243 7244 7382 0
7243 7382 7381 0
7244 7245 7383 0
7244 7383 7382 0
7245 7246 7384 0
7245 7384 7383 0
7246 7247 7385 0
7246 7385 7384 0
7247 7248 7386 0
7247 7386 7385 0
7248 7249 7387 0
7248 7387 7386 0
7249 7250 7388 0
7249 7388 7387 0
7250 7251 7389 0
7250 7389 7388 0
7251 7252 7390 0
7251 7390 7389 0
7252 7253 7391 0
7252 7391 7390 0
7253 7254 7392 0
7253 7392 7391 0
7254 7255 7393 0
7254 7393 7392 0
7255 7256 7394 0
7255 7394 7393 0
7256 7257 7395 0
7256 7395 7394 0
7257 7258 7396 0
7257 7396 7395 0
7258 7259 7397 0
7258 7397 7396 0
7259 7260 7398 0
7259 7398 7397 0
7260 7261 7399 0
7260 7399 7398 0
7261 7262 7400 0
7261 7400 7399 0
7262 7263 7401 0
7262 7401 7400 0
7263 7264 7402 0
7263 7402 7401 0
7264 7265 7403 0
7264 7403 7402 0
7265 7266 7404 0
7265 7404 7403 0
7266 7267 7405 0
7266 7405 7404 0
7267 7268 7406 0
7267 7406 7405 0
7268 7269 7407 0
7268 7407 7406 0
7269 7270 7408 0
7269 7408 7407 0
7270 7271 7409 0
7270 7409 7408 0
7271 7272 7410 0
7271 7410 7409 0
7272 7273 7411 0
7272 7411 7410 0
7273 7274 7412 0
7273 7412 7411 0
7274 7275 7413 0
7274 7413 7412 0
7275 7276 7414 0
7275 7414 7413 0
7276 7277 7415 0
7276 7415 7414 0
7277 7278 7416 0
7277 7416 7415 0
7278 7279 7417 0
7278 7417 7416 0
7279 7280 7418 0
7279 7418 7417 0
7280 7281 7419 0
7280 7419 7418 0
7281 7282 7420 0
7281 7420 7419 0
7282 7283 7421 0
7282 7421 7420 0
7283 7284 7422 0
7283 7422 7421 0
7284 7285 7423 0
7284 7423 7422 0
7285 7286 7424 0
7285 7424 7423 0
7286 7287 7425 0
7286 7425 7424 0
7287 7288 7426 0
7287 7426 7425 0
7288 7289 7427 0
7288 7427 7426 0
7289 7290 7428 0
7289 7428 7427 0
7290 7291 7429 0
7290 7429 7428 0
7291 7292 7430 0
7291 7430 7429 0
7292 7293 7431 0
7292 7431 7430 0
7293 7294 7432 0
7293 7432 7431 0
7294 7295 7433 0
7294 7433 7432 0
7295 7296 7434 0
7295 7434 7433 0
7296 7297 7435 0
7296 7435 7434 0
7297 7298 7436 0
7297 7436 7435 0
7298 7299 7437 0
7298 7437 7436 0
7299 7300 7438 0
7299 7438 7437 0
7300 7301 7439 0
7300 7439 7438 0
7301 7302 7440 0
7301 7440 7439 0
7302 7303 7441 0
7302 7441 7440 0
7303 7304 7442 0
7303 7442 7441 0
7304 7305 7443 0
7304 7443 7442 0
7305 7306 7444 0
7305 7444 7443 0
7306 7307 7445 0
7306 7445 7444 0
7307 7308 7446 0
7307 7446 7445 0
7308 7309 7447 0
7308 7447 7446 0
7309 7310 7448 0
7309 7448 7447 0
7310 7311 7449 0
7310 7449 7448 0
7311 7312 7450 0
7311 7450 7449 0
7312 7313 7451 0
7312 7451 7450 0
7313 7314 7452 0
7313 7452 7451 0
7315 7316 7454 0
7315 7454 7453 0
7316 7317 7455 0
7316 7455 7454 0
7317 7318 7456 0
7317 7456 7455 0
7318 7319 7457 0
7318 7457 7456 0
7319 7320 7458 0
7319 7458 7457 0
7320 7321 7459 0
7320 7459 7458 0
7321 7322 7460 0
7321 7460 7459 0
7322 7323 7461 0
7322 7461 7460 0
7323 7324 7462 0
7323 7462 7461 0
7324 7325 7463 0
7324 7463 7462 0
7325 7326 7464 0
7325 7464 7463 0
7326 7327 7465 0
7326 7465 7464 0
7327 7328 7466 0
7327 7466 7465 0
7328 7329 7467 0
7328 7467 7466 0
7329 7330 7468 0
7329 7468 7467 0
7330 7331 7469 0
7330 7469 7468 0
7331 7332 7470 0
7331 7470 7469 0
7332 7333 7471 0
7332 7471 7470 0
7333 7334 7472 0
7333 7472 7471 0
7334 7335 7473 0
7334 7473 7472 0
7335 7336 7474 0
7335 7474 7473 0
7336 7337 7475 0
7336 7475 7474 0
7337 7338 7476 0
7337 7476 7475 0
7338 7339 7477 0
7338 7477 7476 0
7339 7340 7478 0
7339 7478 7477 0
7340 7341 7479 0
7340 7479 7478 0
7341 7342 7480 0
7341 7480 7479 0
7342 7343 7481 0
7342 7481 7480 0
7343 7344 7482 0
7343 7482 7481 0
7344 7345 7483 0
7344 7483 7482 0
7345 7346 7484 0
7345 7484 7483 0
7346 7347 7485 0
7346 7485 7484 0
7347 7348 7486 0
7347 7486 7485 0
7348 7349 7487 0
7348 7487 7486 0
7349 7350 7488 0
7349 7488 7487 0
7350 7351 7489 0
7350 7489 7488 0
7351 7352 7490 0
7351 7490 7489 0
7352 7353 7491 0
7352 7491 7490 0
7353 7354 7492 0
7353 7492 7491 0
7354 7355 7493 0
7354 7493 7492 0
7355 7356 7494 0
7355 7494 7493 0
7356 7357 7495 0
7356 7495 7494 0
7357 7358 7496 0
7357 7496 7495 0
7358 7359 7497 0
7358 7497 7496 0
7359 7360 7498 0
7359 7498 7497 0
7360 7361 7499 0
7360 7499 7498 0
7361 7362 7500 0
7361 7500 7499 0
7362 7363 7501 0
7362 7501 7500 0
7363 7364 7502 0
7363 7502 7501 0
7364 7365 7503 0
7364 7503 7502 0
7365 7366 7504 0
7365 7504 7503 0
7366 7367 7505 0
7366 7505 7504 0
7367 7368 7506 0
7367 7506 7505 0
7368 7369 7507 0
7368 7507 7506 0
7369 7370 7508 0
7369 7508 7507 0
7370 7371 7509 0
7370 7509 7508 0
7371 7372 7510 0
7371 7510 7509 0
7372 7373 7511 0
7372 7511 7510 0
7373 7374 7512 0
7373 7512 7511 0
7374 7375 7513 0
7374 7513 7512 0
7375 7376 7514 0
7375 7514 7513 0
7376 7377 7515 0
7376 7515 7514 0
7377 7378 7516 0
7377 7516 7515 0
7378 7379 7517 0
7378 7517 7516 0
7379 7380 7518 0
7379 7518 7517 0
7380 7381 7519 0
7380 7519 7518 0
7381 7382 7520 0
7381 7520 7519 0
7382 7383 7521 0
7382 7521 7520 0
7383 7384 7522 0
7383 7522 7521 0
7384 7385 7523 0
7384 7523 7522 0
7385 7386 7524 0
7385 7524 7523 0
7386 7387 7525 0
7386 7525 7524 0
7387 7388 7526 0
7387 7526 7525 0
7388 7389 7527 0
7388 7527 7526 0
7389 7390 7528 0
7389 7528 7527 0
7390 7391 7529 0
7390 7529 7528 0
7391 7392 7530 0
7391 7530 7529 0
7392 7393 7531 0
7392 7531 7530 0
7393 7394 7532 0
7393 7532 7531 0
7394 7395 7533 0
7394 7533 7532 0
7395 7396 7534 0
7395 7534 7533 0
7396 7397 7535 0
7396 7535 7534 0
7397 7398 7536 0
7397 7536 7535 0
7398 7399 7537 0
7398 7537 7536 0
7399 7400 7538 0
7399 7538 7537 0
7400 7401 7539 0
7400 7539 7538 0
7401 7402 7540 0
7401 7540 7539 0
7402 7403 7541 0
7402 7541 7540 0
7403 7404 7542 0
7403 7542 7541 0
7404 7405 7543 0
7404 7543 7542 0
7405 7406 7544 0
7405 7544 7543 0
7406 7407 7545 0
7406 7545 7544 0
7407 7408 7546 0
7407 7546 7545 0
7408 7409 7547 0
7408 7547 7546 0
7409 7410 7548 0
7409 7548 7547 0
7410 7411 7549 0
7410 7549 7548 0
7411 7412 7550 0
7411 7550 7549 0
7412 7413 7551 0
7412 7551 7550 0
7413 7414 7552 0
7413 7552 7551 0
7414 7415 7553 0
7414 7553 7552 0
7415 7416 7554 0
7415 7554 7553 0
7416 7417 7555 0
7416 7555 7554 0
7417 7418 7556 0
7417 7556 7555 0
7418 7419 7557 0
7418 7557 7556 0
7419 7420 7558 0
7419 7558 7557 0
7420 7421 7559 0
7420 7559 7558 0
7421 7422 7560 0
7421 7560 7559 0
7422 7423 7561 0
7422 7561 7560 0
7423 7424 7562 0
7423 7562 7561 0
7424 7425 7563 0
7424 7563 7562 0
7425 7426 7564 0
7425 7564 7563 0
7426 7427 7565 0
7426 7565 7564 0
7427 7428 7566 0
7427 7566 7565 0
7428 7429 7567 0
7428 7567 7566 0
7429 7430 7568 0
7429 7568 7567 0
7430 7431 7569 0
7430 7569 7568 0
7431 7432 7570 0
7431 7570 7569 0
7432 7433 7571 0
7432 7571 7570 0
7433 7434 7572 0
7433 7572 7571 0
7434 7435 7573 0
7434 7573 7572 0
7435 7436 7574 0
7435 7574 7573 0
7436 7437 7575 0
7436 7575 7574 0
7437 7438 7576 0
7437 7576 7575 0
7438 7439 7577 0
7438 7577 7576 0
7439 7440 7578 0
7439 7578 7577 0
7440 7441 7579 0
7440 7579 7578 0
7441 7442 7580 0
7441 7580 7579 0
7442 7443 7581 0
7442 7581 7580 0
7443 7444 7582 0
7443 7582 7581 0
7444 7445 7583 0
7444 7583 7582 0
7445 7446 7584 0
7445 7584 7583 0
7446 7447 7585 0
7446 7585 7584 0
7447 7448 7586 0
7447 7586 7585 0
7448 7449 7587 0
7448 7587 7586 0
7449 7450 7588 0
7449 7588 7587 0
7450 7451 7589 0
7450 7589 7588 0
7451 7452 7590 0
7451 7590 7589 0
1 2 1
2 3 1
3 4 1
4 5 1
5 6 1
6 7 1
7 8 1
8 9 1
9 10 1
10 11 1
11 12 1
12 13 1
13 14 1
14 15 1
15 16 1
16 17 1
17 18 1
18 19 1
19 20 1
20 21 1
21 22 1
22 23 1
23 24 1
24 25 1
25 26 1
26 27 1
27 28 1
28 29 1
29 30 1
30 31 1
31 32 1
32 33 1
33 34 1
34 35 1
35 36 1
36 37 1
37 38 1
38 39 1
39 40 1
40 41 1
41 42 1
42 43 1
43 44 1
44 45 1
45 46 1
46 47 1
47 48 1
48 49 1
49 50 1
50 51 1
51 52 1
52 53 1
53 54 1
54 55 1
55 56 1
56 57 1
57 58 1
58 59 1
59 60 1
60 61 1
61 62 1
62 63 1
63 64 1
64 65 1
65 66 1
66 67 1
67 68 1
68 69 1
69 70 1
70 71 1
71 72 1
72 73 1
73 74 1
74 75 1
75 76 1
76 77 1
77 78 1
78 79 1
79 80 1
80 81 1
81 82 1
82 83 1
83 84 1
84 85 1
85 86 1
86 87 1
87 88 1
88 89 1
89 90 1
90 91 1
91 92 1
92 93 1
93 94 1
94 95 1
95 96 1
96 97 1
97 98 1
98 99 1
99 100 1
100 101 1
101 102 1
102 103 1
103 104 1
104 105 1
105 106 1
106 107 1
107 108 1
108 109 1
109 110 1
110 111 1
111 112 1
112 113 1
113 114 1
114 115 1
115 116 1
116 117 1
117 118 1
118 119 1
119 120 1
120 121 1
121 122 1
122 123 1
123 124 1
124 125 1
125 126 1
126 127 1
127 128 1
128 129 1
129 130 1
130 131 1
131 132 1
132 133 1
133 134 1
134 135 1
135 136 1
136 137 1
137 138 1
138 276 2
276 414 2
414 552 2
552 690 2
690 828 2
828 966 2
966 1104 2
1104 1242 2
1242 1380 2
1380 1518 2
1518 1656 2
1656 1794 2
1794 1932 2
1932 2070 2
2070 2208 2
2208 2346 2
2346 2484 2
2484 2622 2
2622 2760 2
2760 2898 2
2898 3036 2
3036 3174 2
3174 3312 2
3312 3450 2
3450 3588 2
3588 3726 2
3726 3864 2
3864 4002 2
4002 4140 2
4140 4278 2
4278 4416 2
4416 4554 2
4554 4692 2
4692 4830 2
4830 4968 2
4968 5106 2
5106 5244 2
5244 5382 2
5382 5520 2
5520 5658 2
5658 5796 2
5796 5934 2
5934 6072 2
6072 6210 2
6210 6348 2
6348 6486 2
6486 6624 2
6624 6762 2
6762 6900 2
6900 7038 2
7038 7176 2
7176 7314 2
7314 7452 2
7452 7590 2
7454 7453 3
7455 7454 3
7456 7455 3
7457 7456 3
7458 7457 3
7459 7458 3
7460 7459 3
7461 7460 3
7462 7461 3
7463 7462 3
7464 7463 3
7465 7464 3
7466 7465 3
7467 7466 3
7468 7467 3
7469 7468 3
7470 7469 3
7471 7470 3
7472 7471 3
7473 7472 3
7474 7473 3
7475 7474 3
7476 7475 3
7477 7476 3
7478 7477 3
7479 7478 3
7480 7479 3
7481 7480 3
7482 7481 3
7483 7482 3
7484 7483 3
7485 7484 3
7486 7485 3
7487 7486 3
7488 7487 3
7489 7488 3
7490 7489 3
7491 7490 3
7492 7491 3
7493 7492 3
7494 7493 3
7495 7494 3
7496 7495 3
7497 7496 3
7498 7497 3
7499 7498 3
7500 7499 3
7501 7500 3
7502 7501 3
7503 7502 3
7504 7503 3
7505 7504 3
7506 7505 3
7507 7506 3
7508 7507 3
7509 7508 3
7510 7509 3
7511 7510 3
7512 7511 3
7513 7512 3
7514 7513 3
7515 7514 3
7516 7515 3
7517 7516 3
7518 7517 3
7519 7518 3
7520 7519 3
7521 7520 3
7522 7521 3
7523 7522 3
7524 7523 3
7525 7524 3
7526 7525 3
7527 7526 3
7528 7527 3
7529 7528 3
7530 7529 3
7531 7530 3
7532 7531 3
7533 7532 3
7534 7533 3
7535 7534 3
7536 7535 3
7537 7536 3
7538 7537 3
7539 7538 3
7540 7539 3
7541 7540 3
7542 7541 3
7543 7542 3
7544 7543 3
7545 7544 3
7546 7545 3
7547 7546 3
7548 7547 3
7549 7548 3
7550 7549 3
7551 7550 3
7552 7551 3
7553 7552 3
7554 7553 3
7555 7554 3
7556 7555 3
7557 7556 3
7558 7557 3
7559 7558 3
7560 7559 3
7561 7560 3
7562 7561 3
7563 7562 3
7564 7563 3
7565 7564 3
7566 7565 3
7567 7566 3
7568 7567 3
7569 7568 3
7570 7569 3
7571 7570 3
7572 7571 3
7573 7572 3
7574 7573 3
7575 7574 3
7576 7575 3
7577 7576 3
7578 7577 3
7579 7578 3
7580 7579 3
7581 7580 3
7582 7581 3
7583 7582 3
7584 7583 3
7585 7584 3
7586 7585 3
7587 7586 3
7588 7587 3
7589 7588 3
7590 7589 3
139 1 4
277 139 4
415 277 4
553 415 4
691 553 4
829 691 4
967 829 4
1105 967 4
1243 1105 4
1381 1243 4
1519 1381 4
1657 1519 4
1795 1657 4
1933 1795 4
2071 1933 4
2209 2071 4
2347 2209 4
2485 2347 4
2623 2485 4
2761 2623 4
2899 2761 4
3037 2899 4
3175 3037 4
3313 3175 4
3451 3313 4
3589 3451 4
3727 3589 4
3865 3727 4
4003 3865 4
4141 4003 4
4279 4141 4
4417 4279 4
4555 4417 4
4693 4555 4
4831 4693 4
4969 4831 4
5107 4969 4
5245 5107 4
5383 5245 4
5521 5383 4
5659 5521 4
5797 5659 4
5935 5797 4
6073 5935 4
6211 6073 4
6349 6211 4
6487 6349 4
6625 6487 4
6763 6625 4
6901 6763 4
7039 6901 4
7177 7039 4
7315 7177 4
7453 7315 4
